date,Equity Equal-Weight,Equity Min-Variance,Equity Risk-Parity,Equity Max-Sharpe,Crypto Equal-Weight,Crypto Min-Variance,Crypto Risk-Parity,Crypto Max-Sharpe,Combined Equal-Weight,Combined Min-Variance,Combined Risk-Parity,Combined Max-Sharpe,Equity Equal-Weight + Sentiment,Equity Min-Variance + Sentiment,Equity Risk-Parity + Sentiment,Equity Max-Sharpe + Sentiment,Equity Equal-Weight + Attention,Equity Min-Variance + Attention,Equity Risk-Parity + Attention,Equity Max-Sharpe + Attention
2020-10-01,,,,,-0.015215988184475625,-0.015075822668877907,-0.015250828529843552,-0.025025288749946546,,,,,,,,,,,,
2020-10-02,,,,,-0.021891144641811845,-0.008509011120681144,-0.020869786149732353,-0.03478051609190384,,,,,,,,,,,,
2020-10-03,,,,,0.004360856473343323,-0.0033579830919820107,0.004225893279874009,0.0030067196826209005,,,,,,,,,,,,
2020-10-04,,,,,0.01790188760050092,0.02869652944480021,0.018504577780990135,0.024294900172343387,,,,,,,,,,,,
2020-10-05,,,,,0.0035915283931230897,0.01194623943841706,0.003988327412611985,0.008066251581736864,,,,,,,,,,,,
2020-10-06,,,,,-0.009626353837821833,-0.018945509129307293,-0.009998510854121146,-0.0427124939418142,,,,,,,,,,,,
2020-10-07,,,,,0.0024881630094607645,0.008403037825894856,0.002613323281722306,0.006714701290506315,,,,,,,,,,,,
2020-10-08,,,,,0.015037245037404369,0.019327258422901374,0.014790569078360617,0.025652923930206056,,,,,,,,,,,,
2020-10-09,,,,,0.023432526373623766,0.011787097739874448,0.02257220142788341,0.05095454680371811,,,,,,,,,,,,
2020-10-10,,,,,0.013447683075283491,0.0150255284704189,0.013627363299167115,0.022387208740081894,,,,,,,,,,,,
2020-10-11,,,,,0.011855668184739012,0.007056228272920082,0.011435573912389103,0.012794550331984449,,,,,,,,,,,,
2020-10-12,,,,,0.011390327435422475,0.010973552233058332,0.011170162179930047,0.03319477680428948,,,,,,,,,,,,
2020-10-13,,,,,-0.004764471088864997,-0.007630267008342006,-0.0054910213960183245,-0.013873264387930944,,,,,,,,,,,,
2020-10-14,,,,,-0.005807592202763257,-0.008727025853562588,-0.006447120652054553,-0.0092726941765364,,,,,,,,,,,,
2020-10-15,,,,,-0.0048135694737722725,-0.0008449473453992114,-0.004798645000965324,-0.005766955653121139,,,,,,,,,,,,
2020-10-16,,,,,-0.01863431033251186,-0.017495683063273187,-0.01743163092392415,-0.026970859463775667,,,,,,,,,,,,
2020-10-17,,,,,0.004269494322044053,0.0027951339835108413,0.0046318413168530154,0.013250352935982732,,,,,,,,,,,,
2020-10-18,,,,,0.007325791861006192,0.009142954094266367,0.006814239979199379,0.018882524075607844,,,,,,,,,,,,
2020-10-19,,,,,0.014997380707444352,0.020163689635445233,0.01597790715680784,0.008195440835117623,,,,,,,,,,,,
2020-10-20,,,,,-0.022213425468937422,0.006658376763209592,-0.020663447861548376,-0.04234240171745379,,,,,,,,,,,,
2020-10-21,,,,,0.05487930811621258,0.061772931509671614,0.05486846723361797,0.049534099449153476,,,,,,,,,,,,
2020-10-22,,,,,0.027849155101306214,0.014269857866479756,0.026758291241075205,0.048315785647498374,,,,,,,,,,,,
2020-10-23,,,,,-0.007714060513975308,-0.004268287824190692,-0.0077121098001353295,-0.015954122897234073,,,,,,,,,,,,
2020-10-24,,,,,0.015767101727021362,0.01113099885234076,0.01576839235996405,0.003320051310529353,,,,,,,,,,,,
2020-10-25,,,,,-0.008168543358127035,-0.008092846659186182,-0.008292021405969859,-0.015531022046013965,,,,,,,,,,,,
2020-10-26,,,,,-0.022532438611657046,-0.003699571154859499,-0.02138088718656673,-0.030471635036464183,,,,,,,,,,,,
2020-10-27,,,,,0.015420105915731465,0.03516728264859435,0.0163291462548132,0.011835947233449353,,,,,,,,,,,,
2020-10-28,,,,,-0.02311170886582742,-0.027967886817459535,-0.023657552939699775,-0.037719854146039705,,,,,,,,,,,,
2020-10-29,,,,,-0.008184334694409668,0.0035318042586621485,-0.0076368796658427655,-0.020313608434238278,,,,,,,,,,,,
2020-10-30,,,,,-0.018665028500040506,0.0011121753873254347,-0.01764201695334268,-0.015455735453362401,,,,,,,,,,,,
2020-10-31,,,,,0.00840713084179785,0.012321222150541765,0.008774343995083072,0.0033946010009434195,,,,,,,,,,,,
2020-11-01,,,,,0.00947989913504146,-0.002010163041194394,0.008327747984998695,0.03287577032538875,,,,,,,,,,,,
2020-11-02,,,,,-0.036532688866251925,-0.015193266442723688,-0.03531296897427309,-0.040501004098715127,,,,,,,,,,,,
2020-11-03,,,,,-0.0032994927041297695,0.025320318937619667,-0.001649901194435326,0.012213478941053527,,,,,,,,,,,,
2020-11-04,,,,,0.004323697240461588,0.006141592868681258,0.003996897236595446,0.033247643544965254,,,,,,,,,,,,
2020-11-05,,,,,0.0487911580871629,0.07861251353943273,0.05077201046033779,0.0264526391292215,,,,,,,,,,,,
2020-11-06,,,,,0.05615329796816908,0.017187507559180814,0.05364613201137112,0.10495035314019269,,,,,,,,,,,,
2020-11-07,,,,,-0.043483015895242116,-0.042640783321306976,-0.043533696247386025,-0.04916182926664831,,,,,,,,,,,,
2020-11-08,,,,,0.03323301025025742,0.034543770859051075,0.03257938852828393,0.04367882332464059,,,,,,,,,,,,
2020-11-09,,,,,-0.01958840785605889,-0.01056554035196944,-0.01920217102254234,-0.01853641575235674,,,,,,,,,,,,
2020-11-10,,,,,0.0004896625641006124,0.002580099674160242,0.0007870040693278911,0.010424500739741178,,,,,,,,,,,,
2020-11-11,,,,,0.010143437677480173,0.020774814507112188,0.010722860513583505,0.022421946617479555,,,,,,,,,,,,
2020-11-12,,,,,0.0005386886858012811,0.022168544313224417,0.001547607991922636,-0.006600571962546694,,,,,,,,,,,,
2020-11-13,,,,,0.028636976284083973,0.015586546008412335,0.02829703206567058,0.02657847351013676,,,,,,,,,,,,
2020-11-14,,,,,-0.015612969029313563,-0.005927150736380583,-0.014886000518838018,-0.027981712007047303,,,,,,,,,,,,
2020-11-15,,,,,-0.016525656529147482,-0.002918648499271544,-0.015066752946731588,-0.02935911970380379,,,,,,,,,,,,
2020-11-16,,,,,0.046549892129067176,0.05153415526089851,0.04664284539355326,0.029420872330015616,,,,,,,,,,,,
2020-11-17,,,,,0.05204232760453973,0.05681882093050721,0.05245880193519381,0.046774390944896556,,,,,,,,,,,,
2020-11-18,,,,,-0.009936278849795133,-0.003445555694399312,-0.00953022420099778,-0.008764323594997894,,,,,,,,,,,,
2020-11-19,,,,,0.0056752679468494065,0.01166709791293116,0.006152483708811475,-0.013503060716321371,,,,,,,,,,,,
2020-11-20,,,,,0.05302752846407591,0.05716010816555357,0.052534910476193165,0.08993490087137726,,,,,,,,,,,,
2020-11-21,,,,,0.14395623030867744,0.13766790094159265,0.1461852893850648,0.0897754664674516,,,,,,,,,,,,
2020-11-22,,,,,-0.02676237164833182,-0.02058463207099495,-0.027744842303839515,0.03420981073183256,,,,,,,,,,,,
2020-11-23,,,,,0.12948090591086445,0.13212635498443534,0.13304320099069922,0.0827123142048089,,,,,,,,,,,,
2020-11-24,,,,,0.10910317300006549,0.07039622685962918,0.11289675832835386,0.015596964962102462,,,,,,,,,,,,
2020-11-25,,,,,-0.05342953924272913,-0.041080069294738744,-0.05198823997160445,-0.05806817342001139,,,,,,,,,,,,
2020-11-26,,,,,-0.12392013507113164,-0.11091372635417018,-0.1238044188084377,-0.09545534671339852,,,,,,,,,,,,
2020-11-27,,,,,0.023913509429615957,0.015368547176914465,0.026456862337353417,0.0031615230294489488,,,,,,,,,,,,
2020-11-28,,,,,0.052537475236027725,0.06423429686560472,0.05161290647238033,0.07266646667587333,,,,,,,,,,,,
2020-11-29,,,,,0.019677655309619613,0.006333282710474803,0.017989746192490448,0.05487468444099068,,,,,,,,,,,,
2020-11-30,,,,,0.07097510416991822,0.08524472909865832,0.07132832458339881,0.057765434356402745,,,,,,,,,,,,
2020-12-01,,,,,-0.06797176128702298,-0.045849152945197605,-0.06657937904924875,-0.06789384536472172,,,,,,,,,,,,
2020-12-02,,,,,0.021074602338575277,0.021934409183448425,0.02123570810657753,0.014418324087188326,,,,,,,,,,,,
2020-12-03,,,,,0.015067967051520881,0.01165635712060327,0.014959503177486016,0.023212385577224784,,,,,,,,,,,,
2020-12-04,,,,,-0.08152350861517088,-0.04694616163800877,-0.08023043307876045,-0.09241699179179609,,,,,,,,,,,,
2020-12-05,,,,,0.044238282876390825,0.026970170174120504,0.04329218054857338,0.057622912991100166,,,,,,,,,,,,
2020-12-06,,,,,0.00936906866071846,0.015340137258975971,0.009865602366572015,0.008521024233483776,,,,,,,,,,,,
2020-12-07,,,,,-0.015699276533872188,-0.00905189454238544,-0.01533369615015913,-0.026413799550737735,,,,,,,,,,,,
2020-12-08,,,,,-0.07034257497418472,-0.049551283567528845,-0.06953565758309072,-0.07659910324230894,,,,,,,,,,,,
2020-12-09,,,,,0.03684153008369282,0.016193438122197302,0.03601360031312531,0.062018428920333005,,,,,,,,,,,,
2020-12-10,,,,,-0.027883689824153537,-0.015885301838766536,-0.027375577768526463,-0.039124635137721395,,,,,,,,,,,,
2020-12-11,,,,,-0.026937408161929844,-0.014981524783758377,-0.026427341871997655,-0.03212722317684658,,,,,,,,,,,,
2020-12-12,,,,,0.02762033983663024,0.02899985058156275,0.02766895058666062,0.042540981026811496,,,,,,,,,,,,
2020-12-13,,,,,0.04034339937304878,0.017192569745179586,0.03921398924961163,0.06087994061120865,,,,,,,,,,,,
2020-12-14,,,,,-0.004087447267204858,0.0019549452375444754,-0.004079579186318128,-0.0029557952637544937,,,,,,,,,,,,
2020-12-15,,,,,-0.0036798828565478793,0.001925118723725328,-0.0036403586538839346,-0.008538088263947509,,,,,,,,,,,,
2020-12-16,,,,,0.10546735210971075,0.10924694533465698,0.10579876646502859,0.0988011061675425,,,,,,,,,,,,
2020-12-17,,,,,0.009888917234906036,0.06353060991116664,0.012603198186755054,-0.009028957074401038,,,,,,,,,,,,
2020-12-18,,,,,0.015155018381917906,0.01443283836290288,0.015366177459681028,0.010217180291978833,,,,,,,,,,,,
2020-12-19,,,,,0.01379044549430093,0.02714972972573299,0.014625723503373843,-0.001697254067686462,,,,,,,,,,,,
2020-12-20,,,,,-0.005575979395434141,-0.018812417119768346,-0.006924763063422621,-0.026314861474575423,,,,,,,,,,,,
2020-12-21,,,,,-0.06155292567046388,-0.03336465069497689,-0.060139619811496334,-0.052090763608555114,,,,,,,,,,,,
2020-12-22,,,,,0.00291693183503601,0.023928766900142714,0.0035667831612339607,0.019453285793287867,,,,,,,,,,,,
2020-12-23,,,,,-0.16479064545891137,-0.06611159023265076,-0.16061870908384926,-0.12843894936970018,,,,,,,,,,,,
2020-12-24,,,,,0.1308872044601056,0.05220290411054311,0.12774526104371922,0.1219177696641874,,,,,,,,,,,,
2020-12-25,,,,,0.025903573131794335,0.02872827516866006,0.02595396098970936,0.008845696070491007,,,,,,,,,,,,
2020-12-26,,,,,-0.0021636567802180585,0.05568642438711127,0.00010473390134432825,-0.0015713473673104527,,,,,,,,,,,,
2020-12-27,,,,,0.010300683386022623,-0.009397057421243261,0.009454260441085775,0.02513955549496061,,,,,,,,,,,,
2020-12-28,,,,,0.026982186027916952,0.014478503510578517,0.02526289281370111,0.07206957363244684,,,,,,,,,,,,
2020-12-29,,,,,-0.021987362638587374,-0.0029352087936419993,-0.02208877259765612,0.01531593202086905,,,,,,,,,,,,
2020-12-30,,,,,-0.00791083225521614,0.04329662792339383,-0.005745345975418779,-0.011293132210111322,,,,,,,,,,,,
2020-12-31,,,,,-0.010734631048652778,0.00891304872009131,-0.009629244307875571,-0.019392507391298476,,,,,,,,,,,,
2021-01-01,,,,,0.011329133285298942,0.015204968527495038,0.011169437677884184,-0.0021386366108101696,,,,,,,,,,,,
2021-01-02,,,,,0.02072716260525204,0.08260030052578211,0.024750602358398453,0.0698820224881167,,,,,,,,,,,,
2021-01-03,,,,,0.11625440576667895,0.023642239627648075,0.112581963420441,0.12758452119308852,,,,,,,,,,,,
2021-01-04,,,,,0.04516079223322002,-0.01793500241016627,0.0415210998469641,0.025984596944947418,,,,,,,,,,,,
2021-01-05,,,,,0.045350216215896605,0.0516661560079164,0.04463561578872685,0.0732663282460631,,,,,,,,,,,,
2021-01-06,,,,,0.17477270939392503,0.08336385265037621,0.166963453425222,0.11701562917520052,,,,,,,,,,,,
2021-01-07,,,,,0.012463243144315019,0.07616400552649001,0.01462991652477547,0.025945035030398442,,,,,,,,,,,,
2021-01-08,,,,,-0.007003682538939726,0.031676766364464225,-0.005046539249775484,0.01996021693740422,,,,,,,,,,,,
2021-01-09,,,,,0.08814075491705674,-0.005711492462866772,0.0829547703557305,0.023275076236494746,,,,,,,,,,,,
2021-01-10,,,,,-0.026760593955873282,-0.045479534771429145,-0.02714255489947484,-0.04045597848875065,,,,,,,,,,,,
2021-01-11,,,,,-0.1287050223078924,-0.0760790622688885,-0.12669823270875463,-0.09953787236290515,,,,,,,,,,,,
2021-01-12,,,,,-0.01873015718865717,-0.04210649133333792,-0.02053456354599137,-0.032506090896938275,,,,,,,,,,,,
2021-01-13,,,,,0.0823859488799264,0.09551808193527109,0.08308824953214933,0.0929665857815803,,,,,,,,,,,,
2021-01-14,,,,,0.01972143296946164,0.04367185014818393,0.02138699167495012,0.051700140152678736,,,,,,,,,,,,
2021-01-15,,,,,-0.03879468771114988,-0.05709559468290991,-0.03930411831287996,-0.047218943419774534,,,,,,,,,,,,
2021-01-16,,,,,0.026781295053940557,-0.015304322782411863,0.024339071356283666,0.03413896504654745,,,,,,,,,,,,
2021-01-17,,,,,0.002929735952032663,-0.0101233088172136,0.0018669501495618942,0.004760870470019097,,,,,,,,,,,,
2021-01-18,,,,,0.02571838941912658,0.024913766591253432,0.02597244722721321,0.016464307042415256,,,,,,,,,,,,
2021-01-19,,,,,0.009387901143479227,-0.013809969631471616,0.008510317724688373,0.026803320460948524,,,,,,,,,,,,
2021-01-20,,,,,-0.005889698947803779,-0.013274839713927865,-0.0063042919078683275,-0.0033615960606286684,,,,,,,,,,,,
2021-01-21,,,,,-0.12997330223040066,-0.12900689853423192,-0.1297300149916436,-0.15915989842765682,,,,,,,,,,,,
2021-01-22,,,,,0.060561232008807364,0.06640340918189157,0.060799486660473856,0.09037617965675085,,,,,,,,,,,,
2021-01-23,,,,,-0.002104304596237206,-0.024876005031413455,-0.0029384269298418316,-0.01716580795058842,,,,,,,,,,,,
2021-01-24,,,,,0.027888783873007285,0.008021610106033054,0.027615045674067397,0.05483673204897917,,,,,,,,,,,,
2021-01-25,,,,,-0.02212862074143014,0.0006703055371544474,-0.021089935023718337,-0.020619429556782275,,,,,,,,,,,,
2021-01-26,,,,,-0.0025064396519793313,0.005570088487073112,-0.0020373606153551867,0.01230486629538409,,,,,,,,,,,,
2021-01-27,,,,,-0.07433293275748029,-0.06417023691620596,-0.0734358445476195,-0.07316655253948698,,,,,,,,,,,,
2021-01-28,,,,,0.09385199353492835,0.09473598381715315,0.09341527819698064,0.08710222402996945,,,,,,,,,,,,
2021-01-29,,,,,0.02826646477641599,0.03234872179300115,0.028897251327234516,0.027102897918174745,,,,,,,,,,,,
2021-01-30,,,,,0.07294494996215131,0.020336656504718883,0.06631586992190769,0.0035131300218629643,,,,,,,,,,,,
2021-01-31,,,,,-0.01689231948228501,-0.026237068867319826,-0.017912996566545415,-0.03980133080918792,,,,,,,,,,,,
2021-02-01,0.008517686014717273,0.0008207645552795108,0.007713576960225933,0.01445673634315289,0.018638160220836718,0.007070195703781258,0.017610237631524066,0.06360009670065736,0.010204431715737181,0.0008196554599499738,0.008635515113992043,0.02013792830379537,0.008043908090966001,0.003438842348164158,0.007453558302014081,0.012403993724386792,0.009848297859348574,0.0016533321799931497,0.008693416991620436,0.016587518850155924
2021-02-02,0.017473889706152948,0.00632644947077087,0.015485054807726828,0.019974268653821067,0.04105192217355688,0.05017447802218433,0.04154869538375043,0.0869116391569672,0.0214035617840536,0.006326659379949762,0.018143819383720464,0.04461182673824579,0.01568483917933018,0.005801174328829823,0.013694567450251997,0.019664103438751992,0.01709964168728619,0.006945760112671665,0.014879814691850023,0.019424177020459975
2021-02-03,0.001902784610192674,-0.0024160257789690998,-0.0016856654881364477,-0.01312953536015311,0.0470529366919517,0.053610458294313296,0.04791351760174603,0.07325534605221329,0.00942780995715251,-0.0024157046699396514,0.003879978074633215,0.03042392646305121,0.0026411261993199153,-0.00037799639924984354,-0.0010867881880196684,-0.012516897772743594,0.002641121695783845,-0.0010909980281088815,-0.0004976212107747385,-0.01373944587509874
2021-02-04,0.009138734300265725,0.0023331877041993334,0.007267361441928031,-0.010030804567723005,-0.01763156392605624,-0.01192892980477373,-0.017810958525828733,-0.02885439742686384,0.0046770179292120635,0.0023429333854556784,0.004553727342576827,-0.01381258137949656,0.010111874887777372,0.001125574851054807,0.007692816747983333,-0.00025314204932607495,0.008190631852103187,0.0010693878028104574,0.006393535496301107,-0.01553598165847084
2021-02-05,0.0063170016890456634,0.014666874770545325,0.00786789707322964,-0.00024365639618269003,0.08420520824667654,0.039401769612523105,0.08150129442999979,0.10063205698374708,0.019298369448650807,0.014672998641914167,0.016216158200960847,0.02931545833740173,0.006243292339011407,0.01059665714695213,0.007420368250385442,0.0006196092085248299,0.006419923035993124,0.011922081485756618,0.007583919048924056,-0.0058544550112865495
2021-02-06,,,,,0.02224549467936311,0.020029967710258563,0.020099850290269207,0.02900614424500508,,,,,,,,,,,,
2021-02-07,,,,,-0.0031776159818694086,-0.0064948005658296264,-0.0038880325006099086,-0.0111123181262423,,,,,,,,,,,,
2021-02-08,0.013036997474039063,0.003270002778836301,0.00995927229017286,0.029190983152473135,0.08091486208561834,0.17594594202035652,0.08710590930940819,0.08264151410940637,0.024349974909302276,0.003271184762223899,0.018328675409050227,0.12110914111282957,0.011602672505965752,0.00360620307152062,0.00892989204693296,0.03185742271446597,0.01126458401005212,0.0024141625427318925,0.008388595756840818,0.024221132076321636
2021-02-09,-0.002743866756359366,-0.0005683975186152955,-0.0027762182038870366,-0.020353264334049898,0.06552021148361525,0.023633472842386326,0.0649725519584476,0.01468187217326756,0.008633479616969737,-0.0005889894401382753,0.005173645151085825,-0.00030528752645308426,-0.0019004673596419472,0.001916500474608746,-0.001682498793283755,-0.020563668783695213,-0.0008557880378649142,0.0008582640754561622,-0.0006704455116455547,-0.016707449926147006
2021-02-10,0.0014557026145883103,-0.007117717601906357,4.85099687523062e-06,0.007868797804797326,0.04281518400419214,-0.025523145381628302,0.03726903764494313,0.05624326778383481,0.008348949512855613,-0.007122128334017143,0.004293944613662101,-0.002774840960878211,0.0017189719994543265,-0.008546800706060887,-0.00010357243039068741,0.009912455234739763,0.0012535261872312394,-0.00784210907000506,-0.00022857072738164189,0.005463398392394437
2021-02-11,-0.0010303835566599063,-0.0048309783511079635,-0.001302460779898138,0.0019833500841592543,0.07786914577868172,0.08630822219195598,0.0796236087931687,0.02798530948649704,0.012119537999230365,-0.004818107536099059,0.007956917656418122,0.05776020249443627,-0.0014530131773759897,-0.0036839668383245533,-0.0016938574723535476,0.002888308416943184,-0.001174772180189704,-0.0042718154457510185,-0.0014040619594388555,0.0007380102378884675
2021-02-12,0.0044676294286371,0.0042402348994479405,0.003936990820849279,-3.363445628480968e-05,0.05428926109808539,-0.005110990875650858,0.04897539007489116,0.02816619900125914,0.01277123470687848,0.00423446168573108,0.009209168811112459,0.01698296460856894,0.003542333556852394,0.0036240872291578644,0.0030989065822550383,-0.0026918377189307863,0.00500329816427961,0.004454220404647626,0.004454409407773381,0.0009245170311878294
2021-02-13,,,,,0.09582165507240964,0.003582915670993011,0.09328374438353079,-0.011479577391937681,,,,,,,,,,,,
2021-02-14,,,,,-0.029392275423807516,0.0185103338364006,-0.027042328593441314,-0.015800857841993338,,,,,,,,,,,,
2021-02-15,,,,,-0.044212974869629204,-0.026611435023053052,-0.0441421512572156,-0.010223050530112701,,,,,,,,,,,,
2021-02-16,0.0005560289992204569,-0.00904023960979762,-0.0029447538228629063,-0.004478764071294786,-0.0022474451004349423,0.023642110807311382,-0.00045950792865217735,0.005561155199172437,8.878331594455724e-05,-0.009041796096750754,-0.002770630448696499,0.016828409112427417,-4.423236465715642e-06,-0.006750587840327244,-0.003130551699172219,-0.0036451509239814267,0.0008531554786215872,-0.007227879934893099,-0.002323578331608711,-0.0059967047840568275
2021-02-17,0.0024700316784707784,0.006666607532381064,0.002611167048156378,-0.013401329001510868,0.04211707838283616,0.05250244782773736,0.043504916131789716,0.03682977763353779,0.009077872795865008,0.006683076311142974,0.00719743695919014,0.027144079678502478,0.003497792601680625,0.008639338190646821,0.003668565946164412,-0.01357985027088207,0.0023677322440270104,0.007574841580709218,0.0026101100272257266,-0.013112000838294575
2021-02-18,-0.005919355778125219,-0.01115387279999564,-0.004437815987380764,0.002576075357659839,0.002917706246099905,-0.002258968264520789,0.002713921863521385,0.032883497197319284,-0.004446512107421032,-0.011174863823943448,-0.0035167032449470443,-0.005597058550140529,-0.005345686496661225,-0.01153265191366524,-0.004102745302325728,0.003596702035898869,-0.00767475249019577,-0.011421813358425412,-0.00673448298397065,0.0034447608885928753
2021-02-19,0.0011058595895655542,-0.007209206627225161,-0.0019395731397929652,-0.0062114607873606335,0.04897981498578351,0.08430623649896365,0.05161493472453531,0.02321285628217161,0.009084852155601878,-0.007202972754533086,0.004062143179491868,0.049076529130051755,0.000309335296588422,-0.006060916268978962,-0.0025631830621376285,-0.007773570603847455,0.0015108045428462984,-0.007044062731907287,-0.0017380875181309304,-0.007375219336722419
2021-02-20,,,,,-0.017299540561226037,-0.005912776897406855,-0.017775458656363985,0.02866376305420553,,,,,,,,,,,,
2021-02-21,,,,,0.024297174916646205,0.02677289971270489,0.024516290253706222,0.005722201430223649,,,,,,,,,,,,
2021-02-22,0.002141918707192052,0.0015658479841736315,0.000194487770914483,-0.020887851313747402,-0.0628095634120048,-0.057707091608521104,-0.0635338209923935,-0.05934529805532375,-0.00868332831267409,0.001551255645954144,-0.0068929807786758165,-0.04995638296766082,0.004352829968593913,0.003493970598915175,0.002107712962853783,-0.018738125653229683,0.003332907927105298,0.0028789331044546825,0.001704364747254051,-0.020328020140634784
2021-02-23,0.000247470338147786,-0.007021143269231712,-0.0008513549082241407,-0.00993169604737092,-0.1578836306811806,-0.11128175546487792,-0.15533622405287673,-0.12192408117454215,-0.026107713165073612,-0.0070223656914718295,-0.018459477148702677,-0.08379624804369643,0.0013096733354928452,-0.005048018211818422,0.00017949443454745974,-0.00880234026827106,0.000480302119919481,-0.006890156896777992,-0.001099727001534472,-0.007806717836428561
2021-02-24,0.014576435503532905,-0.0010180704475315377,0.009599297952251241,0.012457403225983711,0.03967004054777338,0.023878365309669594,0.038605073979858226,0.04803968799969857,0.01875870301090632,-0.0010196414659604004,0.012887896012682826,0.024632923326767545,0.012235208814461586,-0.0006898146137867143,0.007477870527988328,0.010695101279774846,0.015340064769465703,-0.0006574629663334967,0.010251585427708397,0.012405643719344453
2021-02-25,-0.018364899811465815,-0.008997871576907799,-0.016094742961969284,-0.03041461361318714,-0.05295585849293988,-0.054250341013639944,-0.05343697678240619,-0.06093777990850664,-0.024130059591711488,-0.00900060612630463,-0.020328204949497823,-0.0598463355532821,-0.016575990181183355,-0.008406603682710515,-0.01444262295187203,-0.03024092359736922,-0.018297068639876207,-0.008774956305425598,-0.01616752190885843,-0.025809837488575328
2021-02-26,-0.012928311779984668,-0.017554043869856102,-0.013257662277391533,0.0010989960839218873,0.0024429722756437837,-0.014119266059702667,-0.0002451734770470247,0.01982820283790932,-0.010366431104046593,-0.01755029020358646,-0.011925759305925888,0.005962646931877768,-0.014836407437424485,-0.017733929302501044,-0.015121201195054444,0.000886571378341753,-0.013969112847598214,-0.016574638704143156,-0.014053503274189475,-0.0010599440663111286
2021-02-27,,,,,0.030875544497424058,0.001946606643827935,0.028386480890902427,0.025287478263803505,,,,,,,,,,,,
2021-02-28,,,,,-0.04371588305482724,-0.02353848826594135,-0.04236133340822993,-0.02838422795261991,,,,,,,,,,,,
2021-03-01,0.019963326496913788,0.008621898110384437,0.018010523543190313,0.013681407684477308,0.06607202453353705,0.09368364682876917,0.06790053572872663,0.027450517307654482,0.02764810950301766,0.008619883630621298,0.023353560341534817,0.05574726200427988,0.019681994797584867,0.008942311948806347,0.017720579165928597,0.013223019925053568,0.021286786568964468,0.008125610933061057,0.018838649494751204,0.014238367690723477
2021-03-02,-0.0027913416635460407,0.00502824111126113,-0.0015296551942955978,-0.012556474263608773,-0.016013865689389763,-0.024659800386287373,-0.016556071662579684,-0.04233686705189361,-0.004995095667853327,0.005029895546699336,-0.0030619831298581567,-0.02918101657306852,-0.0023223488635733735,0.004565574824983695,-0.0011441363402198137,-0.019021088510957268,-0.002075810041530207,0.00406592477607896,-0.0009110214141006861,-0.013077367412828732
2021-03-03,-0.00703708544492842,-0.012453027891165362,-0.009603355129253617,-0.029394672957249547,0.03318617359233238,0.043931954002029684,0.03462253668732694,0.011037959907227673,-0.00033320893871828646,-0.012453617052618143,-0.004615897675214738,0.012747165881318759,-0.005045491243572345,-0.009697523803222405,-0.007433457778654552,-0.034884066912695424,-0.005725041882919222,-0.012756203605810035,-0.008446287862776333,-0.028864302251201575
2021-03-04,-0.007899217627752662,-0.0036373074867086692,-0.00808994645883552,-0.020648310389150798,-0.015426510631809488,-0.023784183991760816,-0.015551232919370203,-0.0678839806484859,-0.009153766461762136,-0.0036369528605600734,-0.008636746583786449,-0.04288739276982865,-0.006040964873016213,-0.0026189801687307853,-0.006374559786720051,-0.024093198714132527,-0.008593035183238087,-0.004528117412884544,-0.00864397161978827,-0.019355167305280543
2021-03-05,0.017580768996769722,0.014785743462518746,0.017053873430033804,0.016722651131250193,-0.008545836651957895,0.0005976258594862028,-0.008032888855481927,0.03377743089272483,0.013226334721981786,0.01478558398344752,0.014256190978710101,0.0135866634445551,0.018537080039962565,0.015590248205607447,0.018138588847858263,0.015736094377459216,0.01735909070387539,0.014441490417165451,0.016849778874945563,0.019535224063066233
2021-03-06,,,,,0.009728254619080622,0.0008363903302093822,0.009935717897516193,-0.020859859584169475,,,,,,,,,,,,
2021-03-07,,,,,0.028383768233542828,0.0424214912304726,0.029482705854829844,0.017929524189631507,,,,,,,,,,,,
2021-03-08,0.001820458219155092,-0.004567611448101451,0.0004403187129749116,-0.03263065954768649,0.017667051426591484,0.019964032367526422,0.018165027142067004,-0.0015556309126056591,0.004461557087061157,-0.004565880059796013,0.0025097749242380717,-0.0047222891347187095,0.0025735077123696195,-0.0018861186872114104,0.0021874408612728566,-0.042267980155355586,0.003924439275106622,-0.0051383541422167535,0.002044804709577401,-0.029688407951798338
2021-03-09,0.007318624501726562,0.006804065653435139,0.00844164745397924,0.03393292194463336,0.04293290972022339,0.044223766278456235,0.042875902659422066,0.062025891366571224,0.013254338704809365,0.006804294281698146,0.012053574775718875,0.05470997291079138,0.004252615153449973,0.0036087606617484216,0.005260904949950077,0.04768829953980852,0.006940877368497167,0.0076470466689600525,0.008099200968807455,0.031958880962979185
2021-03-10,0.0098212557682277,0.009855415061718711,0.00827863375931599,0.0031146514728411547,-0.028226124243624445,0.012466718303286441,-0.025848883969015073,-0.024901135796779286,0.003480025766252345,0.009854648079121798,0.004438264461611047,-0.002411021027689272,0.009397735759569693,0.007961946971603894,0.007792622345941124,0.0009164846194491209,0.010817846687395574,0.011103438833707282,0.009249684017278693,0.004364133784226938
2021-03-11,0.00529644073907005,7.185239888497766e-05,0.004722181102250107,0.01972342912983776,0.0023940473055714556,0.02568878127095214,0.0039720759226232775,0.005523543262590002,0.004812708500153618,7.146106070488221e-05,0.004479452462389632,0.021918782138668935,0.0042613570147290595,-0.0024812574112597556,0.002818226050465774,0.02557963785690112,0.005215019873996246,0.0005892397073081493,0.004511317831096403,0.01785556925964523
2021-03-12,0.007082392417840365,0.005303714259322008,0.006251500526153938,0.008032926278314636,-0.020080210825309995,-0.01111417597534137,-0.018785398024573557,-0.05211686135898259,0.002555291877315303,0.005304844091360422,0.003506774728524277,-0.022877715103175673,0.005787330878371733,0.0025610900598852914,0.004795950779185966,0.001498787547129096,0.008538549544577377,0.006284791342584457,0.007570495231049719,0.008480135541627833
2021-03-13,,,,,0.07880501646479618,0.06552918195952473,0.07819967946824649,0.06403797607585161,,,,,,,,,,,,
2021-03-14,,,,,-0.047991973695377325,-0.0319737576059775,-0.04704718022601391,-0.03707799878603794,,,,,,,,,,,,
2021-03-15,0.005841980012247008,0.014279258878194428,0.007853154676759178,0.015646829142929832,-0.03623773511569324,-0.050017422908455865,-0.03715546812671164,-0.0358748606864967,-0.0011713058424096994,0.01428094404805305,0.0030703755407829347,-0.03044776916224924,0.004937060329969899,0.01672221072258074,0.0076177809695824735,0.01749608091329754,0.004839796812427927,0.01366415258352929,0.006963072773949258,0.01542976017764425
2021-03-16,-0.0002079199264623478,0.004653907754884993,0.00235647724140714,0.0036953715584958765,0.04313253655506746,0.01991182129800114,0.041146983872204015,0.13666077775127872,0.007015489487125954,0.0046547943970208765,0.006571627943975489,0.046861548221206965,-0.00010592947989268532,0.006335026647004457,0.002835077892678419,0.005978117266935947,-0.0017160120600559943,0.003974028153244714,0.0008383003767424655,0.0034699214017920445
2021-03-17,0.0021785532396102385,-0.0077567929678697845,-1.2556322942858592e-05,0.008337607859136982,0.03066081182372897,0.03653985019138603,0.030745490879135494,0.08344599225917877,0.006925596336963361,-0.007759709611269013,0.0033141294378014217,0.039123304205212824,0.001764402456873943,-0.0102126595372973,-0.0006812814484591581,0.005899597264248848,0.0017826306804965197,-0.011362750360554636,-0.0006681750221881947,0.009142547607910612
2021-03-18,-0.013475213399477742,-0.007183482919061575,-0.011571096954071393,-0.026204430910527744,-0.02291498038891239,-0.01664399348150471,-0.022405223543702908,-0.07156680542739313,-0.015048507897716851,-0.00718330246541115,-0.01257297081693033,-0.03584626634712294,-0.013348774524741428,-0.006766411636285081,-0.010942489686162257,-0.03285270385488202,-0.014203507244041985,-0.007827086279559687,-0.012243976620870262,-0.02655839705555305
2021-03-19,-0.004686513277944682,-0.0013554696981638275,-0.003961277964428537,-0.0011692209120072444,0.01919439950074763,0.01503579989597775,0.019431941750313736,0.03593632957446849,-0.00070636114816263,-0.001358976130216246,-0.0014455137484485176,0.015265446700476033,-0.004107571288164051,-0.0003418509329768606,-0.0037411247294265987,0.0023682421635283077,-0.004815281828363466,-0.0020215759477658505,-0.0040308515417719955,-0.002010192839448456
2021-03-20,,,,,0.01827007279656291,0.010818263989461235,0.017620412649892597,-0.047674655793053494,,,,,,,,,,,,
2021-03-21,,,,,-0.016144502509962688,-0.009405096165801822,-0.01538358251489294,-0.014114283504092884,,,,,,,,,,,,
2021-03-22,0.005873122338467357,0.008585427460044266,0.007100244302377757,0.012414270247401897,-0.029994835705112834,-0.044860078742664275,-0.03132162920635298,-0.06149470672789119,-0.00010487066879600742,0.008585878587128936,0.003019198936950077,-0.03402874227839537,0.005239440062646906,0.010933250976068896,0.0071359065704238375,0.017614438617096093,0.004407352224716657,0.009202671095253155,0.005856331571421767,0.012529422357833105
2021-03-23,-0.008100983457706074,-0.00011329650864322165,-0.005675800731678773,-0.013448220645458288,0.007114226187603335,0.0028404250186727115,0.006684795244351264,0.008162207982966952,-0.005565115183487837,-0.00011211198175853148,-0.004302374038679401,0.002382243088653215,-0.009538398358740999,-0.004770574947265086,-0.007660838830861431,-0.011799360976892277,-0.007992838178065715,0.00024176485572575067,-0.005493776533575193,-0.014461395010810247
2021-03-24,-0.0033054256888003213,-0.005737257358355827,-0.0045589682074930644,-0.01336177251188903,-0.0667762833825415,-0.042679206766430375,-0.06506295961721237,-0.0395205047795614,-0.013883901971090518,-0.005737856280589925,-0.011222855914278754,-0.03791023850111283,-0.0032709802089283986,-0.0056417128516465945,-0.004289879721860454,-0.020423999562337636,-0.0035192428229883117,-0.006766892758834872,-0.004844691028356893,-0.013186973325755314
2021-03-25,0.007122806063378128,0.002366438909591913,0.005912607217628762,-0.0005483721617717645,-0.0010923526180134256,-0.013911597993618212,-0.0021055842996928545,0.008810360815433243,0.005753612949812869,0.0023659487944528,0.005088454684589716,-0.006954453800142835,0.00725900431748267,0.0017699797582285404,0.006153999831770059,-0.002719632781136622,0.00803255465330598,0.0033107801436676534,0.006789804420269677,-6.747704188989762e-05
2021-03-26,0.019635042704920398,0.016814000524482894,0.019407655477354513,0.022215361298193945,0.08749287264445914,0.07677294806955802,0.08743201103735074,0.08943408027998244,0.03094468102817685,0.01681439564796727,0.026967233658913965,0.0619819549365432,0.02004028019460476,0.017520586541281094,0.019603221603421005,0.021169650022984016,0.01913460537630736,0.016932247414285895,0.018907419472746222,0.02098537804906487
2021-03-27,,,,,-0.008717834840823146,0.009432107870239157,-0.007499107940843813,-0.01455005735266239,,,,,,,,,,,,
2021-03-28,,,,,0.0041004262462991485,-0.0005929542526050979,0.0033829287399644273,0.007848882645005151,,,,,,,,,,,,
2021-03-29,0.0011022909356362362,0.010978923349117237,0.003461176607944415,0.007404738169733551,0.037739657887588596,0.031049608686142413,0.037847725526661394,0.017566786888868348,0.007208518760961629,0.010978985469631018,0.007222996843204418,0.021129150218233292,0.00022685163959924285,0.010889302458906432,0.0031805216162122904,0.007547288678220973,0.001772569783997326,0.0105412868472646,0.0038529129446890926,0.007095797454274331
2021-03-30,-0.003326924065019587,-0.009728839449317607,-0.005107586153938158,-0.002353063236162115,0.013383750136438466,0.018723821701582283,0.013970990487093347,0.012940256242174777,-0.0005418116981099122,-0.00972893135949832,-0.003070932900256648,0.00983880982903477,-0.002154037544485904,-0.00894102821935104,-0.004234693547929879,-0.002808986056007662,-0.0032372289799494644,-0.009089216132470596,-0.005060681156799893,-0.0021504418585813643
2021-03-31,-0.0009145486313490102,0.0009621649241431244,-0.0003454125246921181,0.014530430200626065,0.06639746310842415,0.03414238892420731,0.06712981061517596,-0.010677431652213057,0.010304119991946515,0.00096301253542912,0.00736938938436757,0.004963984624521431,-0.001832771827765324,-5.50550974964454e-05,-0.001210558467050238,0.021871738456575297,-0.0006146188806167247,0.002841389519998676,0.00017810093388334505,0.014829830051077221
2021-04-01,0.011919235422437929,0.010667444566824995,0.011663703163640446,0.019695989357689164,0.028439295434994006,-0.002565382315261252,0.026178435082386552,0.002538609100798257,0.014672578757863942,0.010666525463281349,0.013289238230993476,0.007602543360978795,0.012907757993823796,0.013373307372644345,0.01284211839727676,0.01762175116879633,0.010672758669030856,0.00961711079226487,0.010318864081395013,0.019922757566676802
2021-04-02,,,,,0.05350906897952606,0.015408684122181673,0.05206098551063079,0.01280190296100806,,,,,,,,,,,,
2021-04-03,,,,,-0.050500959073344384,-0.019379905455706455,-0.048056710820827755,-0.02713616071936191,,,,,,,,,,,,
2021-04-04,,,,,0.08008234444670534,0.04705043639251492,0.07934235292206565,0.01896186505096001,,,,,,,,,,,,
2021-04-05,0.005203894475596236,0.009641147164468152,0.007242545007300432,0.01207773339567765,0.1124723293949645,0.04116924300656698,0.1060681513215676,0.011998831182394348,0.023081966962157613,0.009638585094364124,0.0183311470782887,0.01619323071291359,0.0053886770073474114,0.01014171745280222,0.007395330478425735,0.009686297663231064,0.005406219982980988,0.009756298150950308,0.007443385074804273,0.012203183250164527
2021-04-06,0.0003117814222571469,-0.0007805242593858931,0.0005009660692606191,-0.003703861953277962,0.03423973348287099,-0.005654400121540479,0.03145407531906355,0.010257847162031191,0.0059664400990261214,-0.0007813840815131087,0.0040143442803290625,-0.0001776423931543435,0.0005635661927303954,-0.0004176174867232007,0.0007424445083820946,-0.0037120290405381175,0.0005010886333841142,-0.00130058331775294,0.0006795342082285976,-0.0025734646971505206
2021-04-07,-0.000984327907634923,-0.002449670126391898,-0.0014242519223331038,0.0002966294792056791,-0.07683383516515306,-0.052976904941122435,-0.07493549966939503,-0.052759717851073286,-0.013625912450554611,-0.0024497051275810216,-0.00948023948962352,-0.03536768227825126,-0.00029420034679838644,-0.0034638456524459646,-0.0010950731406740644,-0.0005759284379497354,-0.0008251738043809551,-0.0020089983883314253,-0.0011650586344312268,-0.0001126738791084117
2021-04-08,-0.0012589867542405495,-0.0005043785780283575,-0.0012835175470433079,0.0034738560833126363,0.06650800161559936,0.055169428037772986,0.06586883800234487,0.04097149430311719,0.010035511307399434,-0.0005042435732025351,0.0060917351803576,0.031110635188358573,-0.00098468677954711,-0.0017603772199121658,-0.0010338863613265727,0.003061766998898859,-0.0006912449416027432,-0.0006637439073591991,-0.0007557923356361761,0.0038487121663564306
2021-04-09,0.002570252431860108,0.00359860772215086,0.0026287921528830365,0.0015433637005251538,-0.026439087808186847,-0.008436624589697394,-0.025467696125588253,-0.007525597858817431,-0.0022646376081477187,0.0035993807966797327,-0.0004957913205064794,-0.0017710030998579318,0.0024913398015648618,0.002769277444101706,0.002421872324377542,0.002632197091660041,0.002405961219092286,0.004150122593259955,0.002572094449615966,0.0023758277688808757
2021-04-10,,,,,0.10208440271596671,0.055942562361572856,0.09884597260960003,0.020332937545487744,,,,,,,,,,,,
2021-04-11,,,,,0.011341727386061918,0.002516844077709007,0.010059251309152887,0.0226656263890177,,,,,,,,,,,,
2021-04-12,-0.00040732999993068936,-0.00023407115410249354,-0.00018453298435867275,0.01586963614517851,0.0011626642882354259,0.0063478519134720565,0.0012804248535598943,0.0155620821988528,-0.00014566428523633715,-0.0002343743333929095,3.5313066930117406e-05,0.00849728505055369,-0.0008533830827915378,-0.002120661199266322,-0.0007037120166586421,0.012614565162535552,-0.002757032776417836,-0.00025011305306398446,-0.002074329004038752,0.016991734899778347
2021-04-13,0.0017323719424837075,0.005041027171188806,0.0027245061233392436,0.012793299672947995,0.10969981126458486,0.07886136182561779,0.10773753003756678,0.06752573526602963,0.019726945162833902,0.005040538102822612,0.014377460695868302,0.05148010528885042,0.0032640420113845014,0.005654264758586027,0.004259612704320569,0.011933026949385082,0.002336122766998594,0.005060012584782761,0.00341004079067723,0.01351086682675692
2021-04-14,0.0033581112989769894,-0.0030740888177328137,0.0009902860791658017,-0.008135478204526819,0.02628859256885361,-0.0066008598122389486,0.02463204565717913,0.017540989724407062,0.007179858177289758,-0.003074298286352085,0.0036471657748692447,-0.0033511751752294833,0.0030988216292819944,-0.0016744695013397985,0.0008304958442187345,-0.006478455016241159,0.002905589979760668,-0.003416567664961944,0.0005373520270749946,-0.010097704262749916
2021-04-15,0.009449393897939494,0.012400094452227636,0.011056170090875244,0.028962592540394377,0.0609114910938339,0.01442101609326154,0.05975809192757992,0.013162709139333166,0.01802641009725523,0.012400229382721305,0.01666216512599774,0.014338472236869935,0.010321008838717989,0.013937103731515575,0.011985159800375584,0.027627893058965052,0.009859532197027948,0.012255179770490333,0.011549818562691942,0.030249024220812326
2021-04-16,0.0028414438132387267,0.004629190259884469,0.0035792415640784375,0.0004750778389961217,0.05065662411454963,-0.03331458620950922,0.04622780568981367,-0.03584423864887177,0.010810640530123879,0.004629927642000539,0.00874152771180682,-0.02309411220809139,0.0028477224449256627,0.005805383225108465,0.003761002610687283,0.0011429145172975907,0.0026910808579385112,0.004212553451006455,0.003543501057217027,0.000675693104680475
2021-04-17,,,,,-0.03176555482050418,-0.014457506718223581,-0.030627239135132295,-0.02032782075221874,,,,,,,,,,,,
2021-04-18,,,,,-0.07403361917153414,-0.0771484881095203,-0.0741801322246697,-0.07360408056454353,,,,,,,,,,,,
2021-04-19,-0.0035293475918233954,-0.002882756159215874,-0.0038069513270184326,-0.0144166305141547,-0.06293211235912945,-0.019867114192790487,-0.06028238391105951,-0.03567796081818808,-0.013429808386374404,-0.0028824588970353367,-0.01006743158617588,-0.02181955031295668,-0.0046700280038320715,-0.005118403464507723,-0.005055295019941938,-0.013028046386987537,-0.003178733136699195,-0.0023053242092588937,-0.0033902895653252878,-0.014761626880712787
2021-04-20,-0.008747199313497125,0.007474622889685734,-0.004723305359917024,-0.005677509931082396,0.03341952255413645,0.017038147407579765,0.032113781839249816,0.03985009059900836,-0.0017194123355581937,0.007474575106046728,-0.0006884860443505574,0.02066164276102731,-0.00678595628608877,0.007402227634589507,-0.0028565741773795656,-0.00458714114767543,-0.008439607393450111,0.00772315621127918,-0.004431498208600534,-0.003993983547572919
2021-04-21,0.010748101009074381,0.007378646073410716,0.008944644422964821,0.012327710958430035,-0.041423991001622675,-0.04929998761894479,-0.04129334472551924,-0.04048423390705254,0.00205275234062487,0.007379522091221075,0.003436077750568333,-0.03302040089837264,0.008553154350536538,0.00797970972017725,0.007180175635703958,0.012414265961416995,0.01074217923299104,0.007007847314161167,0.008965471394151473,0.010893175513571982
2021-04-22,-0.009628306971395236,-0.0072198959838100105,-0.00836084995751841,-0.01680530367866437,-0.04904992826934679,-0.050395000003452456,-0.048280905138013114,-0.03918713027110119,-0.01619857718772049,-0.007220811649084379,-0.012775500175866674,-0.035702083905387615,-0.008445927949711074,-0.008360994794119798,-0.007715809237014851,-0.016939490931574715,-0.008525591090104517,-0.007195198754162828,-0.006998408417509943,-0.016398850106142306
2021-04-23,0.008856224632086743,0.003392233371073424,0.007202347658206756,0.012358172123055056,-0.016415494666891486,-0.011041473304593367,-0.016536876127025327,-0.0034986310803500824,0.004644271415590373,0.003392470375381796,0.004610773099633543,-0.0024421386329331954,0.007983572206408395,0.0031559652458450285,0.006587026598591268,0.011344675794688036,0.008022183761205188,0.002793357108841303,0.006384388369562272,0.012553820077080552
2021-04-24,,,,,-0.06806209030471672,-0.02992711884604881,-0.06598918825275152,-0.03716302605106011,,,,,,,,,,,,
2021-04-25,,,,,-0.009028471809759443,-0.01974816126659528,-0.00912204836028432,-0.010294575634688378,,,,,,,,,,,,
2021-04-26,0.0010310242022457847,-0.005466241246576266,-0.0005279984070325632,-5.2137788064969895e-05,0.15086850243841624,0.12389754176706888,0.1485462374752357,0.11667581469547243,0.026003937241607527,-0.005465862910641623,0.015870723390490532,0.07877392099388207,0.00034489971288945555,-0.004926625025119579,-0.0010798887314504844,-0.0012496234647386504,0.00044141895724356475,-0.005974098166394061,-0.0014291200396405496,-0.0013440790477713964
2021-04-27,0.0010263258205212857,-0.005781635621642728,0.00013093000835936146,0.006615535887328241,0.0428384009368606,0.02374240710744286,0.04194508626016666,0.040914941296929026,0.007995005006577837,-0.005781471457714389,0.004730171688994951,0.03696731787175813,0.0019324425347507818,-0.009055380321108716,0.0009328966571363255,0.011575282489037834,0.001533165729348901,-0.0043345010875476715,0.0007629204275057673,0.01325328348123097
2021-04-28,0.000517314964177531,-0.00010276396212208683,-0.0007531966708521215,0.001619150522897309,0.0015703408166000028,-0.007594933015733472,0.0012413209717890591,0.011756472034086295,0.0006928192729146096,-0.00010244327715902405,-0.0005572720222520088,0.004252921268962036,0.003073361063431668,0.0006228528939115124,0.0018191403482018583,0.004040858694455064,0.00018840229136466683,-0.00015562813982421242,-0.0008049496954606972,0.002351663583237527
2021-04-29,0.008854898351562737,-0.0007092194450614186,0.007599197779361801,-0.004472986457206775,-0.010431513593727106,-0.01813818554045002,-0.010726540828836641,-0.019484148214318413,0.005640496360681098,-0.0007127770502299493,0.005577778595223281,-0.013357008733834127,0.008093641660810776,-0.002068602492064724,0.006539124539992062,-0.0067919646336331765,0.008802401796686822,-0.002572124514534817,0.007383413508600379,-0.0015117916271242787
2021-04-30,-0.006729647523317546,-0.0016956215089665243,-0.0050000743328387914,-0.006786201210135388,0.07615810292228212,0.08384225857725026,0.07590538829162276,0.05047630207786972,0.007084977550949063,-0.0016946408354086605,0.004008908854719371,0.04760974693105186,-0.0077813019918442725,-0.004278497617734728,-0.006076889333423019,-0.004351888952710838,-0.006666612432400858,-0.00045000626555768736,-0.004630053122910597,-0.007013421316903329
2021-05-01,,,,,0.03980355255574375,0.010119849487331833,0.03818723370324026,0.03104644591988871,,,,,,,,,,,,
2021-05-02,,,,,-0.014599904851997027,-0.021126494503110518,-0.015073899855460763,-0.01102306207369861,,,,,,,,,,,,
2021-05-03,0.007437644948144481,0.01595865275137469,0.0075060566300358764,0.015388953612290979,0.055476102519817626,0.015555377401719141,0.05538799565173248,0.08755785670464984,0.015444054543423336,0.01596122302558573,0.012650672798591712,0.020838683254872467,0.00692920777649959,0.016103028775433455,0.006054562405534826,0.002921381312877774,0.008061461225035049,0.015851718991753583,0.008207403314598214,0.016802159922447706
2021-05-04,-0.002314237599044822,-0.006279184572381197,-0.003259294078679857,-0.008698957252420708,-0.0223198060480419,-0.055836790575194375,-0.02335618322248244,-0.060604500436687275,-0.005648499007211002,-0.006284249667564806,-0.005116136051748839,-0.04045637964943669,-0.0021576395685865392,-0.005477628801679246,-0.003296834896800783,-0.018149434219989994,-0.002209304041926271,-0.006157609567656714,-0.003229042252590858,-0.009151705662556428
2021-05-05,0.005992361499102265,0.006953406643405036,0.004900717435238087,0.012254696852972922,0.23237817771357977,0.09507692545087644,0.22172233349505188,0.11862659512846317,0.043723330868181844,0.00695851662164725,0.028535875769258062,0.06686741994573894,0.007845689890836286,0.00934383112238331,0.006261568970084664,0.015095080751822998,0.004862800806314266,0.0073651874262973226,0.0039920168245118105,0.011622949929667307
2021-05-06,0.008050152328450045,0.008972148024001399,0.008374096010721307,0.012247402959624712,0.09504982199971371,-9.203095380691897e-05,0.08819494342182582,0.045721921832822775,0.022550097273660655,0.008971282338565471,0.017268230564450673,0.018996170264857636,0.00787717497593424,0.008335294963054579,0.008165572044693292,0.013510497305988188,0.008287429456478132,0.009191386727071808,0.008448368315445747,0.012407929315327533
2021-05-07,0.00963665939255605,0.0017747975085703823,0.008262955354599998,0.012334605290385802,-0.03738328711875315,0.010093131177969703,-0.033920818958012446,0.00042216756356286194,0.0018000016406711848,0.001771986972172618,0.0035424992287732496,0.010485540325531806,0.011236612553748646,0.0034757061713990172,0.009811088912282025,0.013534204331749459,0.008739045666040376,0.0023806275764474047,0.007437431656193091,0.012200018858375569
2021-05-08,,,,,0.015052470760563732,0.022741763463982382,0.016615542497333314,0.047856663193476236,,,,,,,,,,,,
2021-05-09,,,,,0.01695799459749009,-0.011864004272815119,0.01610100523976769,0.04223118956222016,,,,,,,,,,,,
2021-05-10,-0.0043271232369361135,0.005639608294846878,-0.002680389321331926,-0.012200296244299986,-0.06333573003276818,-0.04756293869255307,-0.06255886080185297,-0.03462796090691131,-0.014161891036241459,0.005637347841283598,-0.009142143697016278,-0.030752495674459167,-0.004523792734648734,0.0054519908461045,-0.002909338928565765,-0.01952636857799498,-0.0032016719205020614,0.004511246340329504,-0.0015802037553778328,-0.012653009945069665
2021-05-11,-0.009261384465219461,-0.006674802171198342,-0.007573450711082676,0.0005337279837431577,0.12326469466551512,0.021270053726558547,0.11573229822793332,0.06077981575622099,0.012826295389902967,-0.006674399121022851,0.005922635568007012,0.021107980441607395,-0.009007240880763663,-0.006264040011749825,-0.00699506623133677,0.003385291109253426,-0.009692280225988793,-0.0065773747665977406,-0.008000328934626799,0.0007185107240031976
2021-05-12,-0.01593679259010353,-0.012320851447820887,-0.01587620710092362,-0.020644020426471843,-0.1790871368375788,-0.13872331021701403,-0.1754560040914359,-0.10911771235472575,-0.04312851663134941,-0.012318686672761585,-0.03293723323360202,-0.08642944737502803,-0.015932700731101916,-0.007724978623039346,-0.016095975442123014,-0.024718781539691842,-0.01665909390765344,-0.011759640636889945,-0.016412021592293803,-0.020945189162981097
2021-05-13,0.008494958615479204,0.014297475100792741,0.009758024446580405,0.01092070705389514,0.062101834705833046,0.01642643358024961,0.05831948832101346,0.10237682072954399,0.01742943796387151,0.014294583092921002,0.014940836706444308,0.05539605253252511,0.007458492048723267,0.012938318210788703,0.008747996251565174,0.004395067946327487,0.009237224957452283,0.01377922208394539,0.01035299766476368,0.01133793119793165
2021-05-14,0.01398983911872532,0.004853355743987257,0.011762669612162213,0.022002743609742706,0.05375639703224409,0.011636733882448135,0.05179544793628289,0.06332255493753929,0.020617598770978445,0.004853255773518519,0.016025999099952455,0.014778301427672863,0.015937897128207926,0.004133551504006709,0.01365758990644875,0.03021173126864779,0.013578218030755826,0.0043535782481195495,0.011485585960861702,0.021804383256521953
2021-05-15,,,,,-0.03983153713712914,-0.057919581427775355,-0.04239665001465462,-0.01445445914469043,,,,,,,,,,,,
2021-05-16,,,,,0.002874694021407675,-0.0074728820038862465,0.0018022592771299965,0.019067122132437886,,,,,,,,,,,,
2021-05-17,0.003109889447838574,0.008332758984797153,0.002400043618472559,0.006637321870071033,-0.0662059129899039,-0.0584861259961298,-0.06612528517053073,-0.09365099270608386,-0.008442744291785171,0.008328918289035897,-0.00470506410061901,-0.0446557951634828,0.0052496219294603744,0.011819336115753839,0.004042108317746543,0.004217402467880584,0.00211647739200341,0.00882074853430142,0.0013717226751897048,0.006255426214660937
2021-05-18,-0.008646340971441624,0.0035894088186637077,-0.006919276420273939,-0.012019460371737496,0.01708008379277666,-0.009926694973089746,0.015701738343043187,0.009931058081983184,-0.004358603510738575,0.0035948080613046915,-0.004477333782741698,-0.010340922433266377,-0.010149350305822254,-0.0009148072982995703,-0.00878925954751323,-0.013497873047895795,-0.009034820469706602,0.003283754507816352,-0.007393330049570351,-0.011633572093244853
2021-05-19,-0.00535526478265715,-0.0005801999484234769,-0.003431888385319459,-0.0017720380960147785,-0.30337348731353303,-0.15769688412805694,-0.29460921558808517,-0.262181503539154,-0.05502496853780312,-0.0005775258482223276,-0.03486925874631122,-0.10973395338602972,-0.005711640530096032,0.001475881417138081,-0.0027094871536308246,-0.0014465065315905636,-0.005940189147486385,-0.00105729777855533,-0.004369791360199559,-0.0013360702170639083
2021-05-20,0.008595708763838075,0.008296628231610195,0.009403171193075457,0.012038449721055824,0.14700206982203626,0.10791961518488577,0.14493372504271607,0.1677283267327362,0.031663435606871106,0.008298615107798512,0.023738186464463094,0.08282607357706726,0.00914961599701223,0.010516798496852213,0.010449947162805536,0.02075919137458687,0.008968411237858707,0.007685643473043085,0.009691776503461782,0.012247884977587326
2021-05-21,0.0023746797752530234,-0.006054622127113411,0.0007160843280229479,0.0054838773035852184,-0.1408603473018848,-0.09105670699869425,-0.13757349558127235,-0.1326332891459487,-0.021497824737603276,-0.006055292923790419,-0.01401216294688522,-0.06247958406320728,0.002272408622946663,-0.006563417044433194,0.0007551626605836745,0.011961782011355084,0.0024598504947901906,-0.006069304650014914,0.0009215822633298323,0.00497953624155688
2021-05-22,,,,,-0.06160251327788787,-0.0022608643125538756,-0.05756468574565046,-0.054946225501982145,,,,,,,,,,,,
2021-05-23,,,,,-0.11290738224342238,-0.08004321584525026,-0.11148829907622179,-0.088289273250434,,,,,,,,,,,,
2021-05-24,0.006160084121522579,0.0006699807491130871,0.00500660767163871,0.017627423918129922,0.25292356727981136,0.1322008883927644,0.24596594873750127,0.20881956255910436,0.047287331314570705,0.000667324857140693,0.03087772497375748,0.08573155329157757,0.006906375313415616,-0.0002788687182477071,0.005712817951295303,0.024704153251451866,0.005835133401001972,0.0014957373192501068,0.0046803047794254276,0.01761815976673599
2021-05-25,-0.00548226486313403,-0.005469241013758,-0.005178764669892005,-0.006060577044977991,0.0028286933522609584,-0.005022103068647973,0.0030455058826297046,0.011575586122904862,-0.004097105160568198,-0.00546998247914655,-0.004345197762338435,-0.006049213066852274,-0.006468047936727277,-0.008845896683395908,-0.005818899606458428,-0.0036036446720777056,-0.004902266651552018,-0.005589883631557376,-0.00465716324523611,-0.006103172920144916
2021-05-26,0.0037127526757294296,0.000799079068663809,0.0030434283964186986,0.007443879676132539,0.07066872279801245,0.02648455189675375,0.06865082285108089,0.09872758286483951,0.014872081029443263,0.000797934729138507,0.01000112443251414,0.03870047070792283,0.004448737616266029,0.0013623096003246423,0.0038294495101533982,0.006521932924750024,0.0033624084666948398,0.0006755052643381799,0.0026474757194419273,0.0077461249767064415
2021-05-27,0.002493264197657326,-0.005376053180524143,0.0008110082618979165,-0.002827059677015931,-0.03622452964270198,-0.02595508526157484,-0.03575428638115137,-0.06185048789050665,-0.003959701442402558,-0.005381222148695444,-0.0030007075785521936,-0.02594977813122598,0.0014970389382271535,-0.006819474908332947,0.00013482626322846864,-0.0039133995035456805,0.002305982561952358,-0.005930656655560652,0.0005847806161709103,-0.0035134583421711756
2021-05-28,0.0029368120789191247,0.003233070926719284,0.00300763859544567,0.017493017539864163,-0.08364161267040388,-0.07229401560301234,-0.08368364118356195,-0.09642835173333661,-0.011492925379301376,0.0032318603763043614,-0.006168663448062347,-0.036927152455883086,0.0033398533422133577,0.003434143654312451,0.0031305512777996623,0.02538889158516997,0.0021828546560039522,0.003104954682561185,0.0023784342551546288,0.017815927270011384
2021-05-29,,,,,-0.05675666284012572,-0.033533774733936414,-0.0552966118809719,-0.06252925937053132,,,,,,,,,,,,
2021-05-30,,,,,0.04599013554369837,0.03347929306209714,0.045479757631551,0.0812185792306794,,,,,,,,,,,,
2021-05-31,,,,,0.09017948488864361,0.05143794450082602,0.08826131711292032,0.11848283909821582,,,,,,,,,,,,
2021-06-01,0.006155867931106327,-0.0020474294329173403,0.0022014047370568575,0.010690280091505975,-0.019186745025294896,-0.017732626205415363,-0.018967131519595472,-0.01618023458562136,0.0019320991050394561,-0.0020477765496529077,0.0001437585137529869,-0.007913795100865125,0.005492984291977998,-0.00026001560063568,0.001260373758442966,0.0093524191895709,0.005905334690330052,-0.0016356918014756108,0.002210245107544006,0.0158747732805145
2021-06-02,0.003927973385446998,-0.0022304461154393895,0.0024399077815090635,-0.005903926728701784,0.015686303567012748,0.024017983295223696,0.01663886762728782,0.01589495397323798,0.005887695082374622,-0.0022303106631485674,0.003887745743809487,0.005501914201659451,0.005919107885685387,-0.004573291663925433,0.003194697204468195,-0.004423794195554876,0.00288564640313903,-0.0030268543935150667,0.001838245610001912,-0.008865341004596107
2021-06-03,0.0015356426218946576,0.0023100814268071463,0.001475198569887173,-0.00019857095341478106,0.03417599714809401,0.042952767362253556,0.03549460385821455,0.04849821245416465,0.006975701709594549,0.0023103219317420908,0.004674604179124362,0.015352242321854583,0.0013007233877449264,-0.0004168474658840758,0.0005998248185215818,-0.005314201184317608,0.0008806907886107064,0.0018741023868558823,0.0011398141139861713,0.002759744337669146
2021-06-04,0.00663026846810969,0.007613298011675576,0.007154782203852572,0.010245129950954262,-0.07013513415978842,-0.05931756256801518,-0.06911337263974655,-0.0664849743773083,-0.00616396530320666,0.007613191979676902,-0.00016646647902015025,-0.027433055107475762,0.006730656565400971,0.008208472860795157,0.007301631367899172,0.01052866185810033,0.006203664847476531,0.006890030479110316,0.006474383688033938,0.010983845513614945
2021-06-05,,,,,-0.03151695830923769,-0.03665737410779226,-0.0315366499858889,-0.027030936346441697,,,,,,,,,,,,
2021-06-06,,,,,0.017874280878071483,0.009073581196950542,0.017676293687049028,0.018745814445155634,,,,,,,,,,,,
2021-06-07,-0.0019190242636381518,-0.0020651272001210833,-0.0016401407357516955,0.0012699404420829865,-0.08261493454301594,-0.06474309615174859,-0.08036494268910754,-0.06393406105921483,-0.01536834264353445,-0.0020654921119874835,-0.009165839989300772,-0.02720408279228635,-0.0023304838140508627,-0.002161554528856106,-0.0019076862622631756,0.0015307928841487818,-0.0016874981517577183,-0.0008336794638945196,-0.0013785858024142135,0.00029732918067960814
2021-06-08,-0.0026256523440645065,-0.004814285623176511,-0.0035084910684075946,-0.007183819850058843,-0.001098665682103339,-0.0021798153163900785,-0.0012468007175405627,-0.00239880840046665,-0.002371154567070979,-0.004814699904597727,-0.0033169909507424168,-0.009620849432232887,-0.003694176284069065,-0.0072890681841756575,-0.005066250931294588,-0.011726021447550552,-0.0017986258541627274,-0.005234867600376993,-0.0027563419277781276,-0.003907317669302814
2021-06-09,-0.002621494186845723,0.0038089288041595532,-0.001047432342425153,-0.013994452090392935,0.05692371448042062,0.11421443743840907,0.05992916093509164,0.034521345318054134,0.0073027072576986665,0.003809000623659487,0.004643672875589474,0.018002545993190098,-0.0021872604223427045,0.002727097346805076,-0.0006014510370505035,-0.010772229326531532,-0.0022679718225864826,0.003328837252615945,-0.0010336892050475414,-0.015598932585551575
2021-06-10,0.003598385643246949,0.009968735892389785,0.005164682413223432,0.005761607368104895,-0.046790220968375595,-0.018067606990049112,-0.0447477673518428,-0.05649873008492021,-0.004799715458690143,0.009968827778314555,0.0004098178730774784,-0.012777304444604,0.004415887101885059,0.010009226840667714,0.006097470873110419,0.008383705780291129,0.0049661445758683274,0.009963093239101595,0.00624715231184015,0.003852420567436031
2021-06-11,-0.00019304660451298513,-0.0007493677072207977,-0.00047404379213495437,0.0007211087977379697,-0.034612165788076216,0.016283503228778324,-0.03182993659667907,-0.05262318119505188,-0.005929566468440188,-0.0007492697272331496,-0.0035549750222627413,-0.01123072169905264,-5.436287029880163e-05,-0.0006159961353350082,-0.0003642018158960365,-0.0003123559038019372,-2.9687168711913935e-05,-0.0010668295823166038,-0.000188634636546612,0.0016504361023961648
2021-06-12,,,,,-0.006108771207590479,-0.04706723451861545,-0.008316280451492096,0.016619491517322876,,,,,,,,,,,,
2021-06-13,,,,,0.06060711073488845,0.09883528044268097,0.06287604465765748,0.05596913041340573,,,,,,,,,,,,
2021-06-14,-0.0015218262616063984,-0.00037529845924135624,-0.000793031076117911,-0.00761747025992522,0.012104542324334045,0.028262210876279933,0.01312888200454088,0.010106636694548823,0.0007492351693836755,-0.0003754578537983633,0.00046776979882698355,0.0031669361966762196,-0.001150356230004149,-6.215891808966177e-05,-0.0004820197542842667,-0.006493751672925804,-0.0016560342978682967,-0.0002027309343850647,-0.001092641555254354,-0.00970149359357231
2021-06-15,-0.001492432006020066,-0.006031118024444658,-0.003071802424346842,-0.004078696410603063,0.01250313104435552,0.004484919188227587,0.01223081595575683,0.01796612553529631,0.0008401618357091983,-0.006030421126732322,-0.0015188997216304117,0.003522409939665288,-0.0022151945362259397,-0.008391474564850884,-0.004159034508644798,-0.006531867247413534,-0.0006829305865027591,-0.005488166843014763,-0.001900950756298979,-0.003863842267576066
2021-06-16,-0.00794295372627938,-0.011334263453490437,-0.009002012438476282,-0.008160713705409696,-0.0697520672369448,-0.05128205019330827,-0.0686781463640522,-0.07870353887449505,-0.018244472644723616,-0.011334326220466984,-0.01459050742680747,-0.033546087961541265,-0.006932606045929884,-0.011471110557947454,-0.008305053431467261,-0.007900184514848096,-0.00892099675168866,-0.011016370592918743,-0.009532938037176418,-0.008887020659080487
2021-06-17,-0.008628992318018563,-0.007727610806796541,-0.006824224860203119,-0.0182315853961178,0.009720760770419102,-0.007222257648731097,0.009049606294268741,0.0009707584056879645,-0.005570700136612287,-0.007727043726022727,-0.005239506656638788,-0.01506088291961075,-0.008735560183562967,-0.014572268267442363,-0.0080444709637187,-0.027772495672085902,-0.007249955048766696,-0.008258165792662357,-0.005526204694965493,-0.016617603241082093
2021-06-18,-0.015075440337741247,-0.01124961383048872,-0.013785950749590725,-0.009571637166371333,-0.05772062088488966,-0.05938427473885766,-0.057767853457338134,-0.05063610437078095,-0.02218297042893265,-0.011250954175979315,-0.017991445811105664,-0.02712840948121165,-0.015430266735950621,-0.01196491961605686,-0.014257003389349106,-0.010638198815677473,-0.016101219013552662,-0.01172629112325123,-0.014618350807063207,-0.010059345908698928
2021-06-19,,,,,-0.020498713298390713,-0.00570219741211893,-0.01953530908681935,-0.02058989826042322,,,,,,,,,,,,
2021-06-20,,,,,0.011456111133318935,0.002699304892428812,0.011176354216261473,0.025816553802667758,,,,,,,,,,,,
2021-06-21,0.016981836922855056,0.011096602440605563,0.014961724584599798,0.0143158142891342,-0.19019405150636529,-0.114947247581136,-0.18471728095146103,-0.17625116990829925,-0.017547477815348333,0.011096394213748823,-0.004064676697043017,-0.060525332921083516,0.016572883716337576,0.009693500445448734,0.014064440671572642,0.012610557359336527,0.017107580941628224,0.011472693991198043,0.015292750548605339,0.015555753596884636
2021-06-22,0.0013849084679286626,-0.001157576758616088,0.0008820062347763392,0.005292424101642426,-0.03483735245812468,0.02315165502687011,-0.030696366881988565,-0.021869091497465697,-0.004652135019746894,-0.0011572400978208256,-0.002377138055914158,-0.0020286206650430433,0.001108776924313795,-0.001663427986741939,0.00037619788220847987,0.0034227670890453863,0.0008339610404247775,-0.0008037098059071791,0.0004566394041681127,0.005726697077556717
2021-06-23,-0.0034092189923983834,-0.00743516925005482,-0.004645876725146695,-0.0016977235296524347,0.08559700466060852,0.03998913536365118,0.08234092259980692,0.0807274459093387,0.011425151616436098,-0.007435537313912386,0.0037496070609875348,0.028825068992300036,-0.003403885153879813,-0.007921787051349879,-0.004790730973868618,-0.0014732041439611935,-0.0040682167184052515,-0.007352246238477001,-0.005093132912155612,-0.0011929495918567307
2021-06-24,0.008045844887354254,0.004188454659314627,0.006993262745137488,0.0058973074006345196,0.06135694304332537,0.02886974098259152,0.05959370226608544,0.05291281770979111,0.016931027913349436,0.004188789071497641,0.01211942175685049,0.02525178716329646,0.007913274594672066,0.002915357819309574,0.0065637353120317835,0.0032231205818232496,0.007853943152165262,0.0037625150581607285,0.006805926691580942,0.007704612091920059
2021-06-25,0.007796049512859092,0.004665935038175082,0.007730314717909852,-0.002505980477192677,-0.0805748738276576,-0.08726168354415414,-0.08079165584269457,-0.0790319165372432,-0.006932437710560353,0.004665409471433277,-0.0005719509814027818,-0.03583323433571797,0.00591894851701407,0.00487817115823736,0.005844852946482264,-0.0008353962851659217,0.0046714591969306786,0.00291853151978882,0.0046630801760465315,-0.003792528517438884
2021-06-26,,,,,0.01193602078641911,0.017021987555234423,0.012115942448560948,0.0026149291959692766,,,,,,,,,,,,
2021-06-27,,,,,0.05340874980562807,0.07595980213099567,0.055264572900106015,0.06992300718824315,,,,,,,,,,,,
2021-06-28,-0.0016871117212886428,0.0031834666838507,0.00047803517596526365,0.006216152595227823,0.018891398769319223,-0.00618435115952413,0.017476784353503597,0.01486871274713031,0.001742640027146001,0.003183188069393315,0.0020394744874970877,0.003912706499895307,-0.0004272333953315361,0.004848098880541743,0.0021944010793921286,0.007687105529357731,-0.0024221855486524276,0.0034525429237194437,-0.00027866989547153866,0.005098370177882408
2021-06-29,-0.0004151241617583138,-0.0013069227825043693,-0.0003820663109860888,0.0033046549036870993,0.07656251270863892,0.04272582817051821,0.07258264454045904,0.06364275388309999,0.012414481983307895,-0.0013072763867927474,0.006671495491727926,0.04015781334088313,-0.000538634471849442,-0.0007332614379672651,-0.0006172046326397861,0.0022712369324822184,-0.0001903237939804266,-0.0017097236124159845,-0.0003491373530678636,0.003327598128725192
2021-06-30,0.004396661504242162,0.010063415779072611,0.004308967190471609,0.005362851063596685,0.010229283835137904,-0.022382720168449437,0.008763468876483264,0.026038176389397198,0.0053687652260581194,0.010064103140204509,0.0047131800852000414,0.004851517535526409,0.005098123071620907,0.010267216188735669,0.0050085390190386155,0.0070048694356114665,0.004784378453869575,0.009316234383982554,0.004427446807054267,0.005430070964954802
2021-07-01,0.006588444236266209,-0.0015292697447121762,0.005240114914340492,0.006287784701181108,-0.052857881690813346,-0.04232122650229419,-0.05221766906483441,-0.050157757765063614,-0.0033192767515803838,-0.0015262925060736537,-4.0202754797115684e-05,-0.012525174178839873,0.00881055845085355,-0.002102267891646924,0.006946687717205831,0.006730017343531585,0.006283965843603692,-0.00023019809884596357,0.005319189059251501,0.005764640348167139
2021-07-02,0.003787028865862499,0.005960165703022081,0.00441080894755278,0.009041605944509229,0.006644821951439306,0.009454990218401085,0.007449995872898029,0.03218760572973175,0.004263327713458633,0.005959423621951651,0.004634372933108406,0.014995213128289418,0.0032911419503498874,0.005224390059587731,0.003942505898698382,0.009672160655411557,0.004043377237433467,0.005770287241409952,0.004680189716076781,0.009351269574455673
2021-07-03,,,,,0.022742221109748106,0.022718551641949587,0.022593633862067974,0.02195746943460969,,,,,,,,,,,,
2021-07-04,,,,,0.021951839457896506,0.01807862535084136,0.02225138284246479,0.034196897545951094,,,,,,,,,,,,
2021-07-05,,,,,-0.04758275314865554,-0.04393591487176512,-0.04725405534927489,-0.04271110231077124,,,,,,,,,,,,
2021-07-06,-0.008689862235726455,-0.0013018738037144269,-0.006373497643534067,0.003422943799784605,0.018173860759549763,0.014503735738446958,0.01835224537078387,0.02577303963876512,-0.004212575069847087,-0.001303703110319539,-0.004107718122040434,0.009307472187280428,-0.011074932820843462,-0.0030404278606167815,-0.007984008871412731,0.0047678510113111534,-0.006347613046306546,-0.0006355597719997809,-0.004232753326417517,0.005071153988988101
2021-07-07,9.602564581949078e-05,0.0025024923524092912,0.0011587230588022616,-0.0005451239754631181,-0.013567803826577629,-0.011259212452955792,-0.013154045848634329,-0.010727140622839746,-0.002181279266246696,0.0025057903874884857,-0.00017425526596557596,-0.007632017299665666,-0.0024266728863650963,0.0031533946884049727,-0.0006574735192482866,-0.002602228073262632,0.00026830486878911294,0.002922219031633917,0.0013857949111487674,-0.0018104159785521674
2021-07-08,-0.006922522612545075,-0.007118384339318364,-0.006993266816806444,-0.016078912219828885,-0.04999297514892137,-0.029226611025770042,-0.04915370759157438,-0.06320281170240521,-0.01410093136860779,-0.007117231316944122,-0.010869239509026792,-0.026579047653589417,-0.00644312194804777,-0.007955674704411173,-0.006727428575955906,-0.01660743832313215,-0.007141708497328033,-0.006912216733186792,-0.007082047880097498,-0.01584170497838613
2021-07-09,0.01211670315324331,0.00757130670303591,0.010404075985471266,0.011274181483626683,0.03256800205560833,0.02785623599506564,0.030762459384209115,0.013472302054084197,0.015525252970304144,0.007569473474734303,0.012412148450224213,0.013150615439789612,0.01146051582698594,0.008373578639701219,0.00972609071396801,0.008887852417074921,0.011688850233588094,0.007388729245251548,0.010085664027316484,0.01068830820484892
2021-07-10,,,,,-0.016060178710146155,-0.008395739174908252,-0.01515689278421078,-0.012865754447248343,,,,,,,,,,,,
2021-07-11,,,,,0.011050896895787088,0.0213306190077605,0.011565359140138185,0.010576969092614026,,,,,,,,,,,,
2021-07-12,0.004299687110597881,-0.0005820973707161643,0.003553685936629603,0.008834064176459462,-0.021458439480235236,-0.03125234019454949,-0.022673866036302122,-0.03336700596139855,6.66601212569336e-06,-0.0005824654488865915,0.001175670654665612,-0.005645636478925266,0.003005173039875658,-0.001348304324381575,0.002721763236029422,0.011182635107650801,0.004432792373021905,0.0004178612607652288,0.003600261429594535,0.008220711981043082
2021-07-13,-0.004766188522257002,0.0015389976813025483,-0.003292409137315692,-0.009431280338460286,-0.0327299161905157,-0.013747547313209726,-0.031215873763026362,-0.04191110036018916,-0.009426809800300117,0.0015403173981355686,-0.005975349761215691,-0.017566239744746557,-0.00457422001714874,0.0015139778448526292,-0.003327979433143744,-0.00848177656656776,-0.004510295878528478,0.0015792236372835738,-0.003155610698262823,-0.008498481389045166
2021-07-14,-0.0013789228043061597,0.004598229471220712,0.0003337310794897817,-0.006937717792517363,0.005343652094854679,0.003658807195899398,0.0057150020287912665,0.007912779815837547,-0.0002584936544460198,0.00460148784697263,0.0008129515533106214,-0.00461200755306847,-0.00489808562546859,0.005157214211391886,-0.0020624785730981804,-0.00801678105090629,-0.0012230070001178124,0.004867915603937299,0.0005470318775100404,-0.006866104976951407
2021-07-15,-0.0012527313665276262,0.0003350493214185424,-0.00043312004018488157,-0.01648720078319291,-0.033657562374154494,-0.03185545591950165,-0.03372321192519956,-0.03664033377285959,-0.006653536534465437,0.00033587270123099956,-0.0034556997973481463,-0.02446742484647204,-0.0034509472051219865,-0.0007563829178854082,-0.002232315333961417,-0.020465841821661696,-0.001915186394169596,-0.0002877473931292622,-0.0008937646182417263,-0.016537954428433595
2021-07-16,-0.009458350867190799,-0.0030284720134228886,-0.006862689224577221,-0.02566731668229795,-0.024511034175177374,-0.011380663692721412,-0.023917882832305698,-0.03293145125705275,-0.011967131418521893,-0.0030290666765188557,-0.008427849945364094,-0.027383229079133632,-0.00972028241696837,-0.004698290804600274,-0.006590119207998752,-0.025682244540162304,-0.009236640158090684,-0.002794548971757398,-0.0067704445687278665,-0.02541085924044257
2021-07-17,,,,,-0.0020961608637220745,0.003250351545447169,-0.0015380691271160414,0.0028909555854248104,,,,,,,,,,,,
2021-07-18,,,,,0.002949834020844977,0.008353212015881023,0.0031750460241371983,0.006331143551968464,,,,,,,,,,,,
2021-07-19,-0.017265279227803593,-0.010598846426117858,-0.015175641831112021,0.0068272485183574465,-0.048431026233618495,-0.03121354926117041,-0.047270968431702406,-0.045254312122963145,-0.022459570395439405,-0.010597336535895945,-0.01819654475082514,-0.004843394287365129,-0.01750780036399572,-0.010304883420777323,-0.015238796832547448,0.008098810743759108,-0.015936229222768414,-0.011003517329146166,-0.01416904564954065,0.006989815272288801
2021-07-20,0.011365506267585472,0.004839421791020009,0.009140996879355346,-0.0009673104285014245,-0.039675775806226554,-0.033183731714769495,-0.03917423141182294,-0.04380605518861125,0.002858625921950134,0.004836645508310447,0.004646295812742005,-0.018404149366133455,0.010963318462790117,0.005380747587642792,0.008808690014361638,-0.0025826139595750332,0.010721999313008785,0.00520407128410506,0.008584094744220547,-0.0016518288023187886
2021-07-21,0.010312805453817256,-0.0024038611001707217,0.006626847142276317,0.017801252216621807,0.08404642491288188,0.07721586460438087,0.08429181533710922,0.10674554528857441,0.022601742030328026,-0.0023974210573561765,0.013757495720062199,0.04516532660486551,0.013506957358655588,-0.0022668440759182227,0.009024568000078123,0.020894626684226612,0.01076211445106032,-0.0013765927348001953,0.007124608972374801,0.017255065185138228
2021-07-22,-0.0012903191319496312,0.0016362675890697763,-0.0005034043324168738,0.005548413663243203,0.035105539490129026,0.006954232995302873,0.03287322768938088,0.01576968898857069,0.004775657305063477,0.001635223798342736,0.0025531433338852752,0.007730830086246372,-0.002045242166970601,0.0003725817910402321,-0.001286613461050307,0.005831855347633636,0.00016719068543128725,0.0016906797167543332,0.0006738783607404529,0.005125128971859553
2021-07-23,0.005172454986152821,0.008417699365080474,0.006337760582572792,-0.0013014125232053014,0.030230782391342626,0.03896920725999373,0.030847559299722962,0.030916838423746727,0.009348842887017789,0.008414873444230258,0.008595975152505972,0.011137898754966489,0.004763069558398064,0.008744908449461465,0.006156185825997392,-0.0017923070893406323,0.0052813172675509135,0.007891413275827848,0.006328553096168594,-0.0015270264289735476
2021-07-24,,,,,0.02087857317535161,0.020827933485553993,0.020987602556938115,0.03050054216665917,,,,,,,,,,,,
2021-07-25,,,,,-0.0013191821921649024,0.03012372484969251,0.0010095689721718265,-0.003977512499359997,,,,,,,,,,,,
2021-07-26,0.005689444061937252,0.0001727583779352178,0.003853979914023079,-0.0031894439482749374,0.024043643109556537,0.055616066681905565,0.025903444766153153,0.020556309321132702,0.008748477236540465,0.00017140761137180403,0.005816753797737198,0.006384221221528879,0.006338803072540604,0.0011159730732058228,0.004198818344440457,-0.004155060608006207,0.005366242004993721,-1.5142075922057051e-05,0.0033977730818274578,-0.004245158088011664
2021-07-27,-0.0020674143337947653,-0.0014324934330756376,-0.0017786287023661878,-0.013839730981734308,0.026644279596079668,0.05487803687006634,0.02841017009888471,0.020432155919817237,0.0027178679878509726,-0.0014381880794278497,0.001033802616583755,-0.0033945440519778476,-0.0031152208487388823,-0.0033523231107731684,-0.0025651857025088755,-0.010555280692463948,-0.0017122082912425357,-0.0024246016041542494,-0.001435204315808818,-0.01353810062186861
2021-07-28,0.0024506105914112648,0.0031881708950563976,0.00213061090574686,0.004974901349766121,0.025869776100008457,0.016828847563874948,0.02465389536165652,0.0015203650480543193,0.00635380484284413,0.0031832760411685426,0.004231735737939957,0.0036230977017424996,0.004248449843502365,0.0020326085816490458,0.003537760379199761,0.00673054922824051,0.0013572952521224853,0.0029483766142561437,0.0009333307177109697,0.0049337502994616375
2021-07-29,0.006330181297196202,-0.000543702045112465,0.005004629096476689,0.007699612466699014,0.01843954082828368,0.0009298065564024088,0.017375136858645012,0.012272782488019203,0.008348407885710781,-0.0005427373557091463,0.006138527627530921,0.003007147115113731,0.007491552387148224,-0.0008622470790409936,0.006262529144834661,0.00672904450718103,0.006106703839238149,0.0002455489055053432,0.004958590468639337,0.006794874961321002
2021-07-30,-0.005476928437086,-0.00365235629921572,-0.0043651911288651105,-0.003400747648543409,0.029078546418512624,0.05466891990896873,0.03071471616043093,0.02645964833644613,0.00028231737218043797,-0.0036517016411174363,-0.001261822125819361,0.011152786364629623,-0.005698140497827962,-0.000135904971780625,-0.0039029339451880697,-0.004397676191132663,-0.005377860233478011,-0.004084267037898555,-0.0044784519455603345,-0.0035311328563233666
2021-07-31,,,,,0.00498091412772671,-0.014167427729991,0.004239367493953999,0.015629395312947856,,,,,,,,,,,,
2021-08-01,,,,,-0.022758807451950847,-0.03922622450932921,-0.02293542055853228,0.0013186985692383705,,,,,,,,,,,,
2021-08-02,-0.0025946151195928874,-0.004208797940961577,-0.0022822102955867224,0.0005745109239574742,0.010486102598031722,-0.01830155062554443,0.008589284929619459,0.005561655727309542,-0.00041449549998878504,-0.004210178953899963,-0.0011937425759913675,-0.0008548901145812192,-0.0028407751163796948,-0.00501947384889624,-0.0026128128720569587,0.001995061682259265,-0.002152344879238994,-0.0043238971612538125,-0.0019170001880327993,0.0003203287558926496
2021-08-03,0.00655593755869915,0.0034744636591975708,0.004772157307458808,0.010164464173686787,-0.015388954950252165,-0.026767202025004738,-0.01615751570017928,0.003691178238814572,0.0028984554738739295,0.0034738963374771324,0.0029407037007076167,0.001812627689599649,0.0065820136806895736,0.0023792648281602165,0.005050140811352449,0.00953832892319881,0.006978320040438713,0.002160402482438718,0.00547349315678638,0.011809134542492421
2021-08-04,-0.007995184894552278,-0.009407230496710202,-0.007821059658989746,0.0011483654930939764,0.03586243098793669,0.04162931182572615,0.03715431071490151,0.043351962190135276,-0.0006855822474707851,-0.009404823287624275,-0.003782567820315717,0.013145568079426701,-0.0077300781369642295,-0.009365138287826855,-0.007535550587523629,0.005079209399596687,-0.006894288270722422,-0.009606011207130187,-0.006914784856914673,0.0009565533550689358
2021-08-05,0.004858409186381642,0.0018852496148539673,0.0038045134452967385,0.0015708922641653328,0.0162912139985419,0.02793487505084253,0.017475337682865282,0.020080531052489543,0.006763876655075019,0.0018855559204150746,0.005113687333521874,0.01183140574608382,0.0055102566649599975,-0.0011657362674374076,0.004070273698800794,0.003543914059462523,0.004649741035694972,0.0018469385743084266,0.003640037852556041,0.0004895687070003811
2021-08-06,0.003386159313318462,-0.005779121881504733,0.0013710627387349948,-0.0046129613100738655,0.022413974415808856,0.04692073709551174,0.02398808255961954,0.015842149851428698,0.006557461830400194,-0.005784460566160165,0.003422539627461553,0.0053310312142468815,0.005229933752210326,-0.007435755816591546,0.002717387611254096,-0.008050978084040417,0.0033760924893029304,-0.005463805370831481,0.0013482418173414155,-0.0021604858264291085
2021-08-07,,,,,0.07056124046525344,0.04156246019922923,0.06850120293312809,0.07143106543823154,,,,,,,,,,,,
2021-08-08,,,,,-0.044867926635484945,-0.01775498291710544,-0.04283678582804327,-0.037166829631245596,,,,,,,,,,,,
2021-08-09,-0.0025151353318879433,-0.0007465793797773331,-0.0020267073911620303,0.004080528994127948,0.05363619011540437,0.0582141613425887,0.054014090213514804,0.04157682922437708,0.006843418909327442,-0.0007448822798428148,0.0030852388171723373,0.016767705408862615,-0.0024701208796981313,-0.0028219809146393616,-0.002286087750007045,-0.0003674411999151084,-0.0026017484450288585,-0.0005535064876819405,-0.0022956481606992334,0.006471324239647893
2021-08-10,0.00622520196822989,0.0068735317329243475,0.004905520869270057,0.007348093786763352,0.019223181862006014,-0.015626694097401736,0.017280184508427464,0.06747422926466622,0.008391531950525909,0.006876380146818126,0.006019711877203633,0.010530734171009117,0.006367177001976702,0.003808060061401643,0.0047020698517234154,-6.133694440333369e-05,0.006174738614619209,0.006511775542039637,0.004627227513248134,0.012605359914765264
2021-08-11,0.008553749273534143,0.0063685773275506015,0.00782102991918301,0.006157716273896154,0.06307775869864235,0.0045189515847463,0.05912980942853791,0.04509507022633159,0.017641084177718844,0.006368760267140656,0.0127266393170129,0.012656717910411956,0.009570972486852052,0.008183492884833067,0.009007512231696505,0.003990251921296708,0.007509611409584482,0.005282231243205195,0.006875636911436031,0.007037739269715688
2021-08-12,0.0018025545333928794,0.0041602081678278734,0.002139658734708557,0.007696574532288282,-0.02182670386777582,-0.02559269541715969,-0.021866441703512506,-0.008712590866084242,-0.002135655200135237,0.004159614841239733,-3.849964075941143e-05,0.000844179904661087,0.0019663351398061884,0.002208481783507772,0.0020496849688365695,0.00571933406334851,0.002382180843946072,0.004514315513483953,0.002555026452417666,0.009424832367808961
2021-08-13,0.0011371561711445754,0.0031350262880317377,0.0024322761674676332,0.008202800823652191,0.10036157544278565,0.07653262562246688,0.09908068098126249,0.13348019097334138,0.017674559383084754,0.0031343747300939546,0.011293083705883143,0.04625541259981001,0.00016138685354247445,0.003748101706442846,0.0016367686617193337,0.010039094271812357,0.001747206357779123,0.0032943270275351973,0.003016751055665938,0.008156007447446413
2021-08-14,,,,,0.046146722672457195,-0.010880310058240857,0.04071454308345171,0.009192197328684096,,,,,,,,,,,,
2021-08-15,,,,,0.018995419510658654,-0.0008840978179904674,0.0168762114889543,0.005894678269636259,,,,,,,,,,,,
2021-08-16,-0.0013067599761297924,0.009311337202251451,0.001040746517769334,-0.006630787765087746,-0.04406572804376266,-0.0232020717360256,-0.042664760570406406,-0.04507965895089883,-0.008433254654068604,0.00931051392051975,-0.0029678065408438163,-0.013816904017633112,-0.0017744246064557473,0.008384772357644708,0.00044512862260944256,-0.007966236930675158,-0.0013284962176040543,0.009382891785749886,0.000876216605180397,-0.007384855826490858
2021-08-17,-0.005347927817360969,0.004737911145345355,-0.002758447093388789,-0.015512201847285797,-0.06500531543194384,-0.029504358893091165,-0.06212512570007101,-0.06267312293120982,-0.015290825753124779,0.004737761660591261,-0.008294302778037763,-0.026997515429831725,-0.006351223063633995,0.004725373909132032,-0.003944146731585841,-0.016990343803988166,-0.005170444136708022,0.004906835262052343,-0.0027558131316219084,-0.017320795031848094
2021-08-18,-0.012821725418145535,-0.013874802793859217,-0.012769007992023908,-0.012665652576915255,0.013070150055442396,0.002997625622104115,0.012728135897627078,0.05249816230527668,-0.008506412839214215,-0.013874247448136194,-0.01045266516630658,0.0048298935999088665,-0.012567121945058112,-0.015703640839958892,-0.0127529395047997,-0.017551207219315565,-0.012854016355982408,-0.014354256899605395,-0.012872287873482274,-0.01058707772096077
2021-08-19,-0.004620087357378639,0.0024376422528586865,-0.0024252975455602774,0.012172793306770357,0.06192229008871089,0.043310641260958876,0.06117118347313143,0.10612963876719445,0.0064703088836362815,0.0024383676873609554,0.0033634749462029077,0.042424969419608126,-0.004458593694190537,0.0015960565486748482,-0.00253756955150953,0.016419661015885302,-0.004111176758088461,0.002540818141028528,-0.0020039186130220133,0.011171069319696716
2021-08-20,0.005321036088544203,0.004198290550458287,0.005051386846577882,0.02065578942484358,0.03868325185380577,0.055299267254105264,0.039295510691173055,0.022279941273747977,0.010881405382754464,0.004199939854746302,0.008172488839491565,0.02942459262069205,0.006005479370523429,0.002643490126825092,0.005524611314301707,0.02562195169365367,0.0061815724199206145,0.0040520309106317565,0.005736762387098908,0.020386448197544087
2021-08-21,,,,,-0.02392748511978322,-0.009455859280371407,-0.02282287154874662,-0.014262580117792915,,,,,,,,,,,,
2021-08-22,,,,,0.018669111161964912,0.008451278570616751,0.018688047855496645,0.06362585286189129,,,,,,,,,,,,
2021-08-23,0.010275235784609366,0.0031415857389745245,0.007916983135605054,0.029453277781966988,0.02087886156926002,0.004901237197468001,0.020198298387941096,0.05077634297896569,0.01204250674871781,0.0031435223072525755,0.008920583312114214,0.02785095236770984,0.010342373301321768,0.006409149306895826,0.008383843008573097,0.03668350292562041,0.010351010154718222,0.0034452310784720552,0.007849264678362423,0.029641720563729254
2021-08-24,0.002133403403996566,-0.004828510536341062,8.412010122319993e-05,-0.00044457097357215,-0.06750241932459833,-0.03821302867229278,-0.06508070633408423,-0.05833129342174092,-0.00947256705076925,-0.0048292318641114705,-0.006038455198081307,-0.023999037578074055,0.003394078145931734,-0.004973310665485095,0.001219609508033595,-0.0019459776164657584,0.0019845213075177573,-0.004115852433869758,6.0116280651206896e-05,0.001179794450820562
2021-08-25,0.00029726073591912505,-0.003966793380567402,-0.0012478742832897172,1.0422069072401827e-06,0.021741545149314083,0.02644512856375701,0.021955835588432168,0.010759616695121797,0.0038713081381516173,-0.003966143756074546,0.0009439890091328552,0.009871465676103742,0.001339425454232001,-0.005251676377285698,-0.0003881555878933829,0.00334639160464322,0.0007784429980158618,-0.0032955706482458973,-0.0007374273933188102,-0.0008068476625427336
2021-08-26,-0.007054964671320488,-0.0036876464197290026,-0.006317921053975528,-0.007426837590039238,-0.061460065629049855,-0.042005802350379234,-0.05959231080713262,-0.05878224385804012,-0.016122481497608712,-0.0036867255730068443,-0.011246822544508761,-0.023908641961535203,-0.0071870197958848366,-0.00397649020046708,-0.006538016372509208,-0.007354388271104574,-0.006721560965449404,-0.0036766804167285487,-0.006051963312877327,-0.007952606950038172
2021-08-27,0.011274058695481984,0.0018886904503428626,0.008962871999223687,0.017987017141215252,0.07269710012304198,0.04626050143659589,0.07118876296902202,0.11307000271893387,0.02151123226674198,0.0018888748219301945,0.014667633020796118,0.045184452923514806,0.011443317918246633,0.00543280953531292,0.009576593622043661,0.021457302102007025,0.011197755913039125,0.001750002960971204,0.008996960731398301,0.017390609295155363
2021-08-28,,,,,-0.010523062092153711,-0.003708261149555399,-0.010166642732070703,-0.02091301519680315,,,,,,,,,,,,
2021-08-29,,,,,-4.223090773590758e-05,-0.0014810109567492393,-0.00033034718985489086,-0.0012123590022588896,,,,,,,,,,,,
2021-08-30,-0.0008556941413459173,0.004435186606954688,0.0005848624090883324,0.002410165774193994,-0.03427301946401956,-0.036227141593986295,-0.033806379356956434,-0.024818893662497735,-0.006425248361791524,0.00443550038608028,-0.002569855750670738,-0.012339267174468123,-0.0017208179203284026,0.0023694330472751285,-0.0002393313730187542,0.000517892155853824,-2.3748030503151305e-05,0.004318726100682353,0.0012841336388194693,0.003451013263456467
2021-08-31,-0.0003515428249847852,0.005004490579075593,0.001005406893603223,-0.007552074487415303,0.033926461457846724,0.003927309826689333,0.032338274944732744,0.036198167111197666,0.005361457888820466,0.005004800547630154,0.003955963411557543,0.0034308732886679395,-0.000605968843061175,0.005803065553128043,0.0008057862173619567,-0.008026257754493327,-0.0008783108344663713,0.0052319431309278495,0.0006147436814096087,-0.00933845235239978
2021-09-01,-0.0020525501983184175,-0.008845135033389195,-0.0013516923320223623,0.0013537506059707037,0.05544915718852715,0.03628469977239477,0.05533835214234893,0.06435724723580144,0.0075310676994891764,-0.008855517481651157,0.003808606950659434,0.01729118022955139,-0.0010898084689206877,-0.010832128758561797,-0.0010176402367118287,0.0041608593602669485,-0.00287400141729048,-0.01263185360522573,-0.0026133026339370466,0.0012428850006401208
2021-09-02,0.0069241341926257706,0.004821619300506129,0.005852645155993851,-0.0021218868743628294,0.011792504731032993,0.010631257179139446,0.012051960808657999,0.016430912490870905,0.007735529282360306,0.004821131135119554,0.006505665929485253,0.00808294738521401,0.004845245666217465,0.004311978668307591,0.004635738805147159,-0.0004193080123917126,0.006909140425095463,0.0042717828482216206,0.005899503418801907,-0.002397426767889213
2021-09-03,-0.0034739609787678323,0.0018798018664427283,-0.0023208064717702304,0.0074389439271662725,0.04657082039539469,0.014324048816770197,0.044638194247871875,0.015197611282300853,0.004866835916925921,0.0018909500636336103,0.001987183040077342,0.008324192023648713,-0.002227000151445274,0.003111369630394154,-0.0012171744715876844,0.011435085161053604,-0.0036824005403375396,0.0013907853973733793,-0.002589494156190834,0.007111948957253254
2021-09-04,,,,,-0.010212329589721382,-0.001842104936311702,-0.009880527721842832,-0.034023353219135286,,,,,,,,,,,,
2021-09-05,,,,,0.056626714700174774,0.03621751070721659,0.05418030782219849,0.024195623089615467,,,,,,,,,,,,
2021-09-06,,,,,0.006357202425683395,0.016985463183415313,0.0058940780307413275,-0.019429672611930807,,,,,,,,,,,,
2021-09-07,-0.010009097258011457,-0.018178367077577744,-0.011114117842900149,-0.005128208352174119,-0.16764027258755143,-0.11265153730843365,-0.16316434158167265,-0.12126850656993586,-0.03628095981293478,-0.018188199321196558,-0.02522278063233582,-0.05021534182862031,-0.011196822756824078,-0.01945185353998749,-0.012388809150993961,-0.007995572354946271,-0.010232170594860184,-0.018562428038228412,-0.01146096958466503,-0.0047709737610129605
2021-09-08,-0.001972143961338453,0.003843932088959967,-0.0002005395325184652,-0.011780600617892413,0.000430783657490396,-0.013642887867527568,0.0009855594176746288,8.263953399881372e-05,-0.001571656024866978,0.003845902245817767,2.698646297894338e-05,-0.01020812447418459,0.00037774495560183926,0.004035846703883011,0.0014520842707109855,-0.009033084816847939,-0.0003905924749145681,0.004554364272228224,0.0012966336953858712,-0.012017026779464382
2021-09-09,-0.006242056306770115,-0.01454318754555066,-0.007923106808229836,-0.006688473605387612,0.002673009912500279,0.006256895145439249,0.0025565307258250116,0.004103617527940572,-0.004756211936891717,-0.014531545494433234,-0.007008616729073235,-0.00209388831265085,-0.006693647244004695,-0.014156587515727272,-0.008167194514884518,-0.008860497384180828,-0.006776753663296113,-0.01542075252381643,-0.008511614803900353,-0.006593840731313996
2021-09-10,-0.0037122719779800503,-0.0015442232401229935,-0.003590323851597311,0.006094008463453766,-0.04210178645227118,-0.03230006783318103,-0.041582060165414665,-0.05593751858755876,-0.010110524390361903,-0.0015533587645345575,-0.007077582050749676,-0.01146836598657455,-0.00403663022552734,-0.0019360592120287899,-0.003963752197617852,0.0075496802779638035,-0.004208271206720957,-0.002592598641903499,-0.004129204070313298,0.006127179962547102
2021-09-11,,,,,0.0297849708151881,0.007973212431843648,0.029013360283355875,0.07299053318199196,,,,,,,,,,,,
2021-09-12,,,,,0.039008980675526675,0.022073185921295528,0.03894285976686649,0.0024675140054331267,,,,,,,,,,,,
2021-09-13,0.005540850199334925,-0.000861991094085336,0.003171682752575353,-0.015800337362768875,-0.043186748837215544,-0.024957342222401896,-0.042218758566267195,-0.058067158636718824,-0.0025804163067568195,-0.0008676551548800844,-0.0009122344103782453,-0.02633806512004098,0.00269379581702792,-0.00034401007908642703,0.0013738161364907097,-0.013025365398505382,0.0057380641308378095,-0.0002712838512142484,0.0035577686279584836,-0.016139772699957013
2021-09-14,-0.009594622715975654,-0.004519273206939331,-0.008431065040753995,-0.006756513268331965,0.03937859648466579,0.04858274360809202,0.0405601304685298,0.014202623097166661,-0.0014324195158687482,-0.004515347504932763,-0.003921272310432059,0.004952538667998673,-0.007548827590207759,-0.004183987287452925,-0.006610450050357831,-0.002067233142223384,-0.010101748879274584,-0.005157758466962068,-0.00905547689545073,-0.007122912545081439
2021-09-15,0.008697701909292485,0.0024944361854916095,0.006342799775768903,0.012777681215739084,0.03376179967933306,0.02300034414184013,0.03333955564262481,0.04764984649320744,0.01287505153763258,0.002484549945077257,0.008885961242767575,0.019410001104494964,0.004846775467974291,0.0005704460589868116,0.0033227335010476977,0.008452409728647681,0.00828150027621677,0.0035933358541697007,0.006679549072372889,0.013060627798662083
2021-09-16,-0.004843745212585662,-0.007307992391879567,-0.005099794168851929,-0.003878882662161088,-0.022603398009549573,-0.00890995478395973,-0.021819294128040574,-0.02508315527182966,-0.00780368734541298,-0.007312738308895429,-0.006679137384004054,-0.010684588700452517,-0.005126222303075918,-0.009900000174415422,-0.006010366256081165,-0.005847368890753561,-0.004379024610018579,-0.006684201764877613,-0.004527774282851285,-0.0033798058396096826
2021-09-17,-0.011501394104243305,-0.005748931670131062,-0.010641539280910236,-0.02399739090367673,-0.028210323755231075,-0.012383677131023414,-0.02867699165585804,-0.0368459105260054,-0.014286215712741267,-0.005744615989039022,-0.012263543053001274,-0.02081868189762617,-0.011192174715685548,-0.006720457095224731,-0.01023793456612328,-0.01912319618013987,-0.0117864084695538,-0.006042229483385517,-0.010938553581419902,-0.024494795002476085
2021-09-18,,,,,0.014642044853208726,0.021011786609339226,0.01464561378102074,0.00998563569643571,,,,,,,,,,,,
2021-09-19,,,,,-0.03591036263566109,-0.02112770044628704,-0.03432326620650771,-0.03447940957489357,,,,,,,,,,,,
2021-09-20,-0.017107007363820308,-0.011065278826948759,-0.015484513662957562,-0.0395225177882277,-0.11422485591169483,-0.09431343959366917,-0.11263235981511699,-0.10134222774805468,-0.03329331545513273,-0.011074805773755558,-0.024306500014522392,-0.05463944530011097,-0.015416482206567167,-0.013325960229953212,-0.01460776332858171,-0.030914324417669514,-0.015925285102555246,-0.011205704144681805,-0.014312536410328,-0.040181481702197826
2021-09-21,-0.002108905432231736,-0.0007177382206910393,-0.0022303403152057898,0.0014757292926670744,-0.05343634371662164,-0.04976856242506206,-0.05288853310928293,-0.047544267544521776,-0.010663478479630051,-0.0007164457823089789,-0.006812741771464483,-0.01566230989613174,-0.0018799632918901177,-0.0015122535279136849,-0.0021222837218001786,0.003392819958992795,-0.002363469303342516,-0.0005527493571275692,-0.002312934534030152,0.0012800096499835443
2021-09-22,0.008905878341474214,-0.0023186495467349745,0.005764732480826052,0.017618665768618657,0.10935609613773783,0.07245021236582487,0.10725620890209897,0.13079921776041703,0.025647581307518146,-0.0023086786530941254,0.015077873248281574,0.05124084694535176,0.005875632077902662,-0.0022383572328914035,0.003496623302120509,0.018786875789344588,0.009125672946868597,-0.002836572039325355,0.0058381168829619405,0.017709591985962173
2021-09-23,0.011459114793696431,0.0029370891493502556,0.008921110257219683,0.016870523006586525,0.01626576948492713,0.02950567385250674,0.017269362510176547,0.027082054583893254,0.012260223908901548,0.0029278814106320035,0.009567779575779183,0.01979421049655291,0.008472248713143837,0.0015079546434027253,0.006496675874314606,0.014681536742763408,0.010551303092451232,0.0029545590402083087,0.008230661903762494,0.017279835031290085
2021-09-24,-0.0023443356466225375,0.0006393796765594217,-0.0024863442149906816,-0.005671109309310941,-0.062483391070832464,-0.046300882165521834,-0.06133573446140829,-0.039226494562963676,-0.012367511550657524,0.0006365188593071512,-0.00793406134972803,-0.01788855357145369,-0.002786331716323212,0.0003969020740040061,-0.0025817490932575045,-0.010155900442200183,-0.0014160988043142677,0.00040697729650363153,-0.0016720903473932509,-0.00544575832382044
2021-09-25,,,,,-0.0042666253867746145,-0.0031564543280054036,-0.004260403558424367,0.004883128099182158,,,,,,,,,,,,
2021-09-26,,,,,-0.006350457317357295,0.010661825192873503,-0.0047425838610081995,-0.009594810916063127,,,,,,,,,,,,
2021-09-27,0.00328948149457919,-0.002473772187821471,0.0004973833666626556,-0.005549127751945819,-0.031077363869180544,-0.02244423259736146,-0.030625126297857665,-0.036043973955307916,-0.0024383260660474325,-0.00247171093444182,-0.002377619070356732,-0.01855916271365595,0.0002151108288690638,-0.0006114127016180447,-0.0010636577030004638,-0.013194142698174174,0.00431272844091991,-0.0017749518622872632,0.0013231395996884134,-0.005196136342687752
2021-09-28,-0.011152180037691917,-0.001383747321850205,-0.009811715247502809,-0.023565954811749116,-0.03298589471628975,-0.028582309245914983,-0.03300140743595066,-0.04415203085603849,-0.014791132484124888,-0.001379324471138705,-0.01185660529498042,-0.028124863145512716,-0.011705135005874393,0.0012526853562534633,-0.009416203543757197,-0.02548399420017271,-0.011866999550257815,-0.0015303389413147527,-0.010563618680017754,-0.02383507749416044
2021-09-29,0.003919694130095626,0.008449911046449241,0.00498553692204275,-0.010952403900606993,0.025201653417809958,0.013553066909219546,0.024439921197069326,0.014168123726517705,0.00746668734471468,0.00844478982342778,0.006848637851097902,0.0005489002116402342,0.004319796777567559,0.006485824673355654,0.005176453398632578,-0.00744123429792789,0.003656684580328118,0.007879854018720257,0.004540234841966555,-0.011081175999407005
2021-09-30,-0.010112777369907563,-0.004927318461134186,-0.0085152657105633,-0.001524469519205263,0.03985386657347911,0.053043975883095354,0.0409374060121762,0.0336139015099702,-0.001785003379343116,-0.004924395687164539,-0.004196217391892821,0.013098089778492588,-0.0076921989756880554,-0.002394694028470916,-0.006012157998102755,0.001038680541002173,-0.011006140891816493,-0.005002591896381063,-0.009617388060487519,-0.001815055987665513
2021-10-01,0.012342170182835961,0.004551423381571968,0.010276320625226563,-0.0012294815227116014,0.08583803887920277,0.09861817350350052,0.08644706666989055,0.08072092910305509,0.024591481632230426,0.004567755838482964,0.01710555003289343,0.03147504370283754,0.01039470651171919,0.0016759616498212542,0.008196076740391064,-0.00029607825581920357,0.012579297964432055,0.0048758229812805335,0.010688680495370811,-0.0012001931290636133
2021-10-02,,,,,0.013146846189772722,-0.008403818652590147,0.011676586719158926,0.007735616566662393,,,,,,,,,,,,
2021-10-03,,,,,0.01605801914184151,0.010294098698399454,0.015011934542242025,0.003350139014570938,,,,,,,,,,,,
2021-10-04,-0.002745104393907883,-0.0008257143834032202,-0.0025768114704910776,-0.028635834736773426,-0.014839668744501799,0.018596338279713368,-0.012827398670785004,-0.021830557111613608,-0.004760865119006868,-0.0008343198605134212,-0.003446846330813582,-0.02211974341999382,-0.004386917203244319,-0.003456107770021459,-0.004375582459544962,-0.03643483027142389,-0.0032477619865190167,-0.0006176426814598188,-0.0029593833090483957,-0.028806038216840704
2021-10-05,0.005693677902995395,0.0005197011355316187,0.0045573488755938345,0.022200545316340164,0.03911206691222192,0.04877470698383054,0.039443676585347115,0.027915083083734055,0.011263409404533149,0.0005316981750317466,0.00758292104140874,0.02424658829452343,0.005780689509848863,0.002182228749313515,0.004765420882863889,0.027399875114721854,0.005404632007149005,0.001031264069154315,0.004211503710925581,0.02240274019983849
2021-10-06,0.001097153300396221,-0.0011808707980484668,0.001564408276624269,0.005918533983730858,0.026312077457067155,0.07378340807149522,0.028640699491778453,0.0007792291511135932,0.005299640659841376,-0.0011494548284288184,0.003902575283274208,0.017050421008854913,0.0016167315016986606,-0.0030452927354991067,0.0014090740864629925,0.00852139316142847,0.0011893686703842545,-0.001481499393451042,0.0015992174079964808,0.005686142961712013
2021-10-07,0.008043666617446344,0.010390921991257565,0.008067633031604578,0.016150140277103403,-0.00638939697911447,-0.027857522366909342,-0.007147012710055083,0.019059853952445464,0.0056381560180195425,0.010397768777793354,0.006650570278196422,0.009532086994385455,0.008675936798089796,0.010550931978221514,0.008819355233050465,0.01642373020721629,0.007496659637530614,0.010522691260760757,0.007642679518801319,0.016318826810924593
2021-10-08,-0.0008405341466329588,7.272395808436902e-05,-0.0017246594680933654,-0.008745102092716178,-0.00968783863579299,0.003019861658952845,-0.00857824135916356,-0.013446537243153898,-0.0023150848948262966,7.277151637440104e-05,-0.002323808855314041,-0.007217653690202582,-0.0007371267894281653,0.0008391957553946273,-0.0010812872278206378,-0.008989711571632373,-0.0010664108839392368,0.0005261827025656793,-0.0022062161962662576,-0.008770434012617753
2021-10-09,,,,,0.03901890283840528,0.01919172508175269,0.036812450324932244,0.00946975975686195,,,,,,,,,,,,
2021-10-10,,,,,-0.039372271971353526,-0.00384949314172405,-0.036883422990857596,-0.03486840067859673,,,,,,,,,,,,
2021-10-11,-0.008973806475380097,-0.002708861400711678,-0.008903997158091797,-0.0014475031996612833,0.01616616745924252,0.04897481204133238,0.018268263679285832,0.006363721417185415,-0.004783810819609661,-0.002729712129052721,-0.0065425719501149325,0.002734475262573496,-0.008154514850214163,-0.002682252817478808,-0.007778774656174381,-0.003964706281704378,-0.009813771654641038,-0.0031294304194946247,-0.009640309653866539,-0.0013977636399251816
2021-10-12,-0.0007657505468342872,-0.001516192252986887,-0.0006497313355709153,0.007207355494358701,-0.02450992776943369,-0.025134462635571925,-0.024494028625525653,-0.02115553046181975,-0.004723113417267522,-0.0015305434922016858,-0.0027606934441176327,-0.0057028640560497865,-0.00017206160908687365,-0.004169386714857041,-0.00034704716147466725,0.0034289517950675096,-0.00113050613159989,-0.0020924203468594663,-0.001021625884969541,0.007202968108463995
2021-10-13,0.0032749128553063653,0.003809741713490439,0.003995203295426003,0.013195453389108776,0.03190285056564601,0.024273359593880366,0.031509607622713515,0.0328040944876694,0.00804623580702964,0.003787017022363905,0.006377486889096161,0.020187786129977743,0.003992310982601735,0.0022699324355920144,0.004319274754157656,0.013010169051485717,0.003494552936523001,0.0037455730552454452,0.004062990494615407,0.013071416237793218
2021-10-14,0.012783921551769493,0.01132117092637868,0.012839899886832642,0.030681630160027805,0.008162714258494453,-0.0013757208232790064,0.008050275092926556,0.013438559062167805,0.012013720336223652,0.011327848875350762,0.012353674694353294,0.019686504121777915,0.01299962130200701,0.010739093972528445,0.012735966690874545,0.03441787100968643,0.013819444616428408,0.012325240483483924,0.013927419459587063,0.03058992813126666
2021-10-15,0.0047869773089702266,-0.002229114856210191,0.003210182146457085,0.0008335617396560924,0.02110270011301834,0.07382798198019211,0.02458265729795557,0.020342628353842058,0.007506264442978243,-0.002215503950042135,0.005005799701880105,0.016835635167369856,0.00567662260945111,-0.0008132460648930675,0.003977100324682065,0.0032677032241636185,0.0052077444883587,-0.0016895404168872819,0.003614437580713036,0.0009383411788295035
2021-10-16,,,,,0.0027205761676233446,-0.011298295803881727,0.001495894006529122,-0.013544684561252598,,,,,,,,,,,,
2021-10-17,,,,,-0.015497446977474582,0.010475913553641867,-0.013210745343896126,-0.0042998011041650965,,,,,,,,,,,,
2021-10-18,0.0002736249556802515,-0.004881658660233847,-0.0014636479945386981,0.011814361168103827,-0.005306693572157262,0.007508234062197956,-0.004825242294304489,-0.01791838256053927,-0.000656428132292667,-0.004882473728832745,-0.0018324920014200663,0.004618454688377642,0.0005620608312778796,-0.005566328298417695,-0.0012792423608082193,0.013086908126940218,0.00010037450455218635,-0.004746430964922442,-0.0016289850420186504,0.011922146087326776
2021-10-19,0.009805851901735375,0.011739859810344585,0.010449628602205776,0.0026345096253934486,0.01297720783032219,0.03580120910027099,0.014779393616088052,0.008454421211936508,0.010334411223166508,0.0117376766457216,0.010806122904375702,0.004577116250040396,0.010502531337656267,0.012264560954288675,0.011149630011661409,0.0027844550923871413,0.00949855309908993,0.010635940825324194,0.010022860038136513,0.0026155028925871106
2021-10-20,0.008858487613223512,0.007876023383782854,0.009258168896918885,0.00017941620501571096,0.051224364064108824,0.02706503915649714,0.049958489157370306,0.04855601954600658,0.0159194670217044,0.007885325444741277,0.012940189285153603,0.01113012255053348,0.007807610256474147,0.007401286878575316,0.008273763445585287,-0.0030324167015068977,0.008831630383832816,0.008311084503291901,0.009435399437498037,0.0002657020435848159
2021-10-21,0.0007577563531104436,0.004591407689456515,0.0023517071088730154,0.010426479997644612,-0.03443029998749984,-0.05715858785108047,-0.03580031786642399,-0.0232888140035292,-0.005106919703657935,0.004598197535391634,-0.001017912385759871,-0.002439172588623601,0.004099789967411935,0.004331242714462407,0.005316291400738677,0.01773320526255371,-0.0007382298166593067,0.004458523341025808,0.0006078028727140136,0.010255699672954643
2021-10-22,0.0012181275672072387,0.004754522449417804,0.0015302473749209673,0.0050129147664521555,-0.00945471394014179,-0.02413057977082258,-0.01047566656287717,-0.0026698100274001844,-0.000560679350684266,0.004747774906420389,0.0005459380288402646,0.0031499641751672313,0.0015614184858194922,0.004437067229120661,0.002195230890058345,0.00437333480761335,0.0012745106865545315,0.005056239049468416,0.0015277810594879252,0.004984350803767793
2021-10-23,,,,,0.019371535732781185,0.011503968048966898,0.019247612527819938,0.022749952569770943,,,,,,,,,,,,
2021-10-24,,,,,-0.01474130699186601,-0.0075771669846413925,-0.014636237324070126,-0.020042102499168317,,,,,,,,,,,,
2021-10-25,0.006157737969974208,0.006311503809770047,0.00530660694527374,0.025051469354383064,0.018419186895322202,0.034363164116710455,0.019671339642662097,0.01802440693462469,0.00820131279086554,0.006307312622137396,0.0064647342942769515,0.015234402742297875,0.005676117086935642,0.006461090193990574,0.005075602123399904,0.02147091259427767,0.006886457087193279,0.005362127770730318,0.005887469851843276,0.02541951226645699
2021-10-26,0.005035039278010809,-0.00022165419225891962,0.004622498532369501,0.043551299046177924,-0.012946919667983725,-0.04188607802417218,-0.01432308608537622,-0.009280430720522485,0.002038046120345053,-0.0001979185585194632,0.0030697782649852816,0.023632862592519368,0.005618220491682321,-3.0386548676800693e-05,0.005249639522689866,0.05458988503892438,0.005290458361466608,0.0009491326893183327,0.005075961443013704,0.043677635077268184
2021-10-27,-0.016021570019775676,-0.010665098571327582,-0.013907143959258201,-0.01567370779935128,-0.09185131642847819,-0.03193914686096686,-0.08745321457867547,-0.08406515360786301,-0.02865986108789276,-0.010658691775132258,-0.020651558941739562,-0.03894506062433649,-0.01660972392521973,-0.011659933889638246,-0.014829941816475168,-0.0141716136182711,-0.016030543551854418,-0.010424357486001517,-0.014092355306514837,-0.015824270243577396
2021-10-28,0.008177747360443858,0.008676615711743638,0.0072982184548931964,0.01841281906097377,0.05672900974304911,0.036838434242869415,0.055851835191029084,0.05863073116969064,0.016269624424211402,0.008703342362360422,0.011779124671811468,0.026855460854944557,0.0068702138750696045,0.008822967591041932,0.0063553242275340436,0.018580316489351018,0.006947233645347091,0.008272769646474592,0.006484338812763805,0.018737515581893006
2021-10-29,-0.0029640878507516395,0.002173215208368583,-0.002726599495105178,0.017647537188000065,0.029088612824405093,0.026508986286480248,0.029065212850969496,0.01870328505331937,0.0023780289284411485,0.0021772250781234275,7.636394218871916e-05,0.015483135730729278,-0.0010669650863055868,0.001210561682017098,-0.0011810903590162608,0.01979553207256935,-0.0027437323825747107,0.006456789453883987,-0.0022662085887531873,0.017862416285133017
2021-10-30,,,,,-0.010681812392085377,-0.0053144222580186,-0.010555448139995283,-0.02456924539350667,,,,,,,,,,,,
2021-10-31,,,,,0.014693243654273571,-0.00889620750255684,0.012432105016188246,-0.0008460977542451989,,,,,,,,,,,,
2021-11-01,0.007461175731891198,0.0039394475732741656,0.006258209219706872,5.787863995733531e-05,-0.004326641926342822,-0.005336374925829243,-0.003938413694755445,0.0008790242133092769,0.005496539455518863,0.003944972366485736,0.0052974931097132675,-0.0017360529912809754,0.008615847405159173,0.004232167396000276,0.007654875857193251,-0.0003641025513497903,0.006933148505264313,0.004360371473366674,0.00612783722510644,5.787863995733531e-05
2021-11-02,0.0045400637874912185,0.005985770512405286,0.004635373155429725,0.011484022414076462,0.033065335844914154,0.03698253992529518,0.033916432914362984,0.036899040530681645,0.009294275797061706,0.005992147069469067,0.0072225187127315845,0.01761238527760041,0.006735911842054382,0.006626279039164764,0.006486958893637191,0.011164624030852232,0.0032443580710253854,0.00565665328441687,0.0034373229271267747,0.011484022414076462
2021-11-03,0.005006007983429448,0.0033615835676814366,0.005497507557932525,0.007057044096729598,0.01674063604824131,-0.003545948417475032,0.015475827287801919,0.024717618960191014,0.006961779327564757,0.0033698918176113335,0.0063171348868376566,0.009216370741330191,0.0062539955306500205,0.001248809696076737,0.006187989257520113,0.00563800234597916,0.005424216772928696,0.004143432388484173,0.006362321628671666,0.007057044096729598
2021-11-04,0.004566805541999331,0.0035140096500318805,0.004681520440155402,0.06247629465652999,-0.02555910524069758,-0.02390105579319972,-0.025253337664446242,-0.02605291365053768,-0.0004541795884501549,0.00351287917123142,0.0017872966719726835,0.022614442516182637,0.008319577702907706,0.006815136789983954,0.00876209199445721,0.052147765286757,0.0018103589890073198,0.001624204989880996,0.0014773120987487875,0.06247629465652999
2021-11-05,0.004317548129979447,-0.011717415921694603,0.001495744843352452,-0.007964847871208674,-0.010200996638369953,-0.005461714306007897,-0.009832609066721707,-0.005619756899720533,0.00189779066858788,-0.011716296003010301,0.00046416924543825084,-0.008019337690572715,0.0029999951167656042,-0.016694920629761103,-0.000426413068439011,-0.010479550284979235,0.007107623144999183,-0.00677912548978994,0.005493249488641545,-0.007964847871208674
2021-11-06,,,,,-0.004239194414665416,0.006140001701052216,-0.003284384628407549,0.009009480411025558,,,,,,,,,,,,
2021-11-07,,,,,0.023886360748030924,0.02935534687154905,0.023963319929760238,0.01513621249290695,,,,,,,,,,,,
2021-11-08,0.0037433371955653,-0.0039983494912066465,0.0018315625831796026,0.024632187628391845,0.060246401128590546,0.06655652754429701,0.06083468409745468,0.04583355484886341,0.013160514517736172,-0.004001909002829357,0.006979009784728836,0.03437844392045581,0.005836040697573195,-0.0037109873822945257,0.0037085213560427615,0.0202044757465722,0.004272450746519236,-0.004957590997832304,0.0021680755456880557,0.024632187628391845
2021-11-09,-0.000714518786703906,0.003637182011263165,0.0003118539122441771,-0.00480362249161119,0.05803352156635903,-0.008078124817616949,0.053199296352656404,0.024737375302442008,0.009076821272139917,0.003640246298620132,0.005093589500068947,0.008252735611777213,-0.000639334195218434,0.0042586060425133096,0.0004812917883575443,-0.0022234858363065087,-0.001229230747008449,0.0036153478437223334,-0.00047749444669076073,-0.00480362249161119
2021-11-10,-0.007127343452293766,0.005315109178280782,-0.004068078823258939,-0.021730599513574998,-0.052120905365666895,-0.030359413719793848,-0.05000727784784757,-0.04671436043436095,-0.014626270437855953,0.005323274366753356,-0.008068393210143214,-0.026996838305542187,-0.008501033833758435,0.005520288515690868,-0.005975253729474231,-0.016041266028631623,-0.0064226984464673675,0.0057173449607987575,-0.003222012063289232,-0.021730599513574998
2021-11-11,0.0010659591267172443,0.004925535631813433,0.001185655666703052,0.022521709281028306,0.011579788077556887,-8.525332692352057e-05,0.010890285999567234,0.007051169328693143,0.0028182639518571848,0.004924623755154274,0.001984001757684306,0.010293004756555502,0.0035790587421960316,0.008159688182852651,0.004083452199303122,0.01939712611986151,-0.00047996234028608665,0.005172946266391757,-0.0005870975706208656,0.022521709281028306
2021-11-12,0.0021581365565475717,0.0018155539137328645,0.0020976543055859845,-0.0014873863043549115,-0.021045339029769496,-0.012347062889320918,-0.020525828702867115,-0.01606469635766369,-0.0017091093745052726,0.001816146659042821,7.791121458773358e-05,-0.005615164548484919,0.0022286552837904243,0.0036919285803128942,0.0024189415938022734,-0.0008044122915416893,0.0020542103236025153,0.001939180248973935,0.0018854872332443686,-0.0014873863043549115
2021-11-13,,,,,0.012155992174102792,0.005512929000760478,0.011741893023487916,-7.249091983879924e-05,,,,,,,,,,,,
2021-11-14,,,,,0.011670347080749634,0.015667148902058458,0.012465288972635208,-0.005666236684701937,,,,,,,,,,,,
2021-11-15,-0.0008570796974349082,-0.005626538042279147,-0.0023253085870747828,-0.008538576395837862,-0.014913367152786263,-0.027581366032193997,-0.015225935624404758,-0.01369971065009715,-0.0031997942733268006,-0.0056217475867695755,-0.003326678663068697,-0.012307379938260792,-0.0028725181123746384,-0.00887443855301858,-0.005062367018717463,-0.006721170846301307,-0.0003180400898258309,-0.005103170668274972,-0.0014024580367020013,-0.008538576395837862
2021-11-16,-4.381857837486617e-05,-0.009622367036328117,-0.0007449358286513658,0.0033634698268188005,-0.08539536762425981,-0.054602825799848854,-0.08370960810314707,-0.07191548547611339,-0.01426907675268902,-0.009615072936009968,-0.008198137940249706,-0.021817427696662114,0.0018482688637510424,-0.005759447864584725,0.0013224844800270475,0.0015512714286122207,0.0007114510694867055,-0.010277730860619479,-0.0003412463039444713,0.0033634698268188005
2021-11-17,-0.0064104984314432845,-0.001857422917847586,-0.005245352179203261,-0.018268245925241622,0.00502902980775961,0.0036565920653079333,0.0051127248698977015,0.008479181133797656,-0.004503910391576134,-0.001849520196130121,-0.004275265908434126,-0.009650272021848521,-0.005674519487365965,-0.0017169237769931673,-0.0050454483491074046,-0.015672606178551977,-0.00568952955784323,-0.0004311862510291936,-0.004315988012089926,-0.018268245925241622
2021-11-18,-0.0012952494090488881,-0.0010658036054584429,-0.0019496608002891008,0.047108362982972524,-0.0665955079971689,-0.057347347079493634,-0.06656430948897768,-0.05726652175810212,-0.012178625840402224,-0.0010658254159341802,-0.007736700003814476,0.005265988236556177,-0.0011585737870588295,-0.0034955558491096507,-0.002281613958688226,0.03979400367591657,-0.0026860504781832566,-0.001328264701333904,-0.003158845638644327,0.047108362982972524
2021-11-19,-0.008108011963673636,-0.008944917276232759,-0.00677301703476723,0.02126458178968713,0.050189937841265554,0.021194537852660504,0.04879715269995316,0.05943955069745043,0.0016083130038162293,-0.008940263611426094,-0.0018217473559295292,0.02324632360247139,-0.008564708587215124,-0.012943838832197088,-0.008017729012552741,0.018133676839618754,-0.0073106078496379175,-0.007695043074616208,-0.005826406688099898,0.02126458178968713
2021-11-20,,,,,0.01576936969310213,0.02665418530085409,0.01695590701361306,0.02812845153121464,,,,,,,,,,,,
2021-11-21,,,,,-0.01876418665940255,-0.01582439582004038,-0.01872795863377237,-0.03692812273562671,,,,,,,,,,,,
2021-11-22,0.0021290502357046793,-0.0009231499129946917,0.00019870614337884828,-0.006910060002789344,-0.036598052294896724,-0.04146883854551113,-0.037312916188371084,-0.03862651512832671,-0.0043254668527288875,-0.0009235389295823406,-0.0029597154851338614,-0.022753215428490493,-0.0004221483858648624,-0.009073356423555518,-0.003247959054979514,-0.008211545425557592,0.004064990763105963,-0.0013947442553230403,0.0022600557125668722,-0.006910060002789344
2021-11-23,0.0076140353899424845,0.008582959128886241,0.0065898750401750025,-0.0024284541047610874,0.022414821540783163,0.022588820660735177,0.022766648577425403,0.025600800283263458,0.010080833081749263,0.008577476352635869,0.008084620175320125,0.0023898703635357905,0.007150413483014672,0.009259934565110638,0.006468017312843677,-0.0012123079205227688,0.007284538118892266,0.008955684804023348,0.0063854869487239545,-0.0024284541047610874
2021-11-24,0.0015933253638177255,-0.001789677702004426,0.0007347137484391699,0.011470660850065966,-0.024994581710023545,-0.022367193793784684,-0.02491033566806787,-0.029548002817891883,-0.0028379924818224857,-0.0017883924207734798,-0.0015272898687265354,-0.0026922497877328293,0.002721894592597238,-0.0029820333354867753,0.001522014717443212,0.010591889528995535,0.0008934382815188018,-0.001999053702515055,0.00016958400078211523,0.011470660850065966
2021-11-25,,,,,0.009420096135543756,0.016728238869366436,0.009328515996969709,-0.005512184176248233,,,,,,,,,,,,
2021-11-26,-0.021907080259714436,-0.010510047688044033,-0.018090446758829527,-0.02770594590131554,-0.06649545894871835,-0.06499273168326203,-0.0665302603228553,-0.06526684319754945,-0.029338476707881755,-0.01050307278723399,-0.02250204969571953,-0.04259481748772822,-0.021669585635844466,-0.009839902092027224,-0.01766004631310502,-0.026602755949151277,-0.020041842966834783,-0.00976410117373961,-0.016654559936224625,-0.02770594590131554
2021-11-27,,,,,0.01136172499470266,0.02301735215283372,0.01210228352779925,0.01410718958767438,,,,,,,,,,,,
2021-11-28,,,,,0.021529982658934313,0.04373454959017973,0.02345322337544955,0.03971208521280034,,,,,,,,,,,,
2021-11-29,0.0071002398395622725,-0.00611209253151008,0.005664402532964475,0.03063562194172237,0.01799870615317625,0.010001103253853531,0.01786319924557047,0.02135953290814055,0.00891665089183127,-0.006112414584145156,0.0067658505140304305,0.022262538616301116,0.008195407531434051,-0.004517518081174318,0.006509308706395506,0.027992577088009472,0.0071735834618110676,-0.0031182540642074835,0.006274373410109548,0.03063562194172237
2021-11-30,-0.022736652197169204,-0.015443224447835985,-0.021985873762725813,-0.025294913857053188,0.0029870595108775215,-0.013430506047666322,0.0024482578144683865,0.008058845047577964,-0.018449366912494755,-0.01543528916168032,-0.01986263446297401,-0.021339725992469406,-0.02264946295578149,-0.014756415749508214,-0.021836077769249444,-0.023756906156692445,-0.0246975470944983,-0.016391489807636522,-0.02426624752140849,-0.025294913857053188
2021-12-01,-0.013137975243081343,-0.011879232877136877,-0.012661677009396764,-0.027529233156484166,-0.004816033852340695,0.003799470382765256,-0.004238815468210132,-0.00753815869646463,-0.011750985011291234,-0.011892779743172203,-0.011782409247799618,-0.020525643389431237,-0.01152857243549655,-0.00840418532508117,-0.01057998151789732,-0.032219355047121166,-0.012337206023144434,-0.011022997257964105,-0.011970708219324331,-0.027529233156484166
2021-12-02,0.02151402602295716,0.0037121228336366467,0.0187479289930876,0.024349730646912045,0.0029771478098470135,-0.012917610865172487,0.002465444720011988,0.035305950835851904,0.018424546320772138,0.0037106399433845232,0.017323357123310117,0.027607599093976587,0.02153808738490438,0.002949355965831405,0.019167968094027946,0.023274826453526822,0.021442632962589286,0.004620719710281065,0.019317236810701053,0.024349730646912045
2021-12-03,-0.0009151530011433473,0.012379563606346119,0.001972633750339244,-0.023303670849583652,-0.054804135310390995,-0.05076476875788363,-0.05510111719007245,-0.07610520574145156,-0.00989665005268462,0.012379208377223849,-0.002983573022532585,-0.0427401221591231,-0.0009745137787666425,0.009717492256081942,0.001190420999685336,-0.03297372578401696,-0.00045978588755500496,0.012701583030426502,0.0022085203127748775,-0.023303670849583652
2021-12-04,,,,,-0.09966679308991833,-0.08192648138311602,-0.09677703116877626,-0.050236988936738156,,,,,,,,,,,,
2021-12-05,,,,,-0.025153555791845417,0.002368508855797118,-0.022839328882411896,-0.0012651878206436165,,,,,,,,,,,,
2021-12-06,0.013552429844853976,0.012252526853688597,0.01269404059890581,-0.011084181615464152,0.04004044280649435,0.02480121960697378,0.03872605256175296,0.036592436859338634,0.017967098671794038,0.01225143616896438,0.015072470511696058,0.0027975704900400147,0.013814858398479232,0.012183943485640383,0.013373914728486643,-0.015754869620811057,0.013732209424211465,0.01280221746692398,0.013105747014744672,-0.011084181615464152
2021-12-07,0.014952137327276696,0.0009936511233367396,0.012179062028842053,0.05576371404080602,-0.005612405331474191,0.0026326188318065245,-0.0049459677937283755,-0.018513601634128157,0.011524713550818213,0.0009980703518497913,0.010668705184185678,0.033503148350253587,0.01563942382779446,0.0005527846844961526,0.013243415020662317,0.06656996933101315,0.014756070706124193,0.0016008856726359285,0.012197463629837289,0.05576371404080602
2021-12-08,-0.0005769049565259763,0.001321927796562053,7.639463687536096e-05,-0.011465592567617025,0.03731739189615066,-0.0028022334869060635,0.033785411520911246,0.021394870265770135,0.005738811185586795,0.0013132532348128472,0.0031818359681361655,-0.004373764620179461,-0.0013469244340694583,0.0010496289807388323,-0.0010241764820657405,-0.014674275215434485,-0.0006091878731284933,0.0011013043312578384,-0.00015658109133652811,-0.011465592567617025
2021-12-09,-0.006819833181712463,0.0035638611023293583,-0.0056811150304587575,-0.026432344922595136,-0.06974011815598742,-0.055277715427603145,-0.06846779435432844,-0.0737836435205931,-0.017306547344091622,0.0035798721527611735,-0.011093543661691331,-0.04098652905102933,-0.006124839548470461,0.006006771514630685,-0.004749581605875779,-0.0334895027425483,-0.005843354324048399,0.003761922048362449,-0.004912671379857441,-0.026432344922595136
2021-12-10,0.005428423454781844,0.00849888982385201,0.005692433808136958,-0.0019402015187514467,-0.03764782144196946,-0.009636696201664232,-0.035918609276405486,-0.05533304917320741,-0.0017509506946767057,0.00850195159376846,0.002025675227300939,-0.014047394642768087,0.004672305662981787,0.008439801342204975,0.005066169822247132,-0.005406888081304046,0.005558750935486105,0.008817713357276897,0.005811228237060295,-0.0019402015187514467
2021-12-11,,,,,0.062185845911676044,0.04483923162656767,0.06082914910224174,0.0751648910332138,,,,,,,,,,,,
2021-12-12,,,,,0.0005450006496776853,0.014469141962723382,0.0016964675438900013,0.005026067370563305,,,,,,,,,,,,
2021-12-13,-0.006038152907783945,0.01061990864591284,-0.0019369049365720147,-0.035265400479224426,-0.08065923921980628,-0.06711203694138819,-0.07995799113514346,-0.08711416559878465,-0.01847500062645433,0.010614054272255483,-0.008754114101550099,-0.0551298284353945,-0.0054449727162777725,0.011057000418163702,-0.0019637489858343837,-0.04987786507431485,-0.004810921044073189,0.010640431279239908,-0.0013219566573645612,-0.035265400479224426
2021-12-14,-0.0019345036185553592,0.002716000554091027,-0.0016417388194312878,0.006827936599553311,0.011911581619101386,-0.0023206241919974204,0.010268395256110618,-0.006846756465211489,0.00037317725438743216,0.0027063251429833074,-0.0005704810007537879,0.0003048598987931731,-0.0012364524652076505,0.003053054798671416,-0.001071584234253668,0.00656538357437942,-0.0023459162974547136,0.0024661157793173533,-0.0022855953424617136,0.006827936599553311
2021-12-15,0.008657972774681654,0.008279594956323919,0.009200153476314386,0.03887424083025388,0.04872903431115066,0.04850766982124799,0.049192841147544665,0.07284024298676846,0.01533648303075982,0.008264755370278213,0.01265049364408925,0.05867131278332667,0.010444695752328845,0.00738112066161244,0.010615563730896742,0.05522131767470727,0.006993470803967747,0.007961224751197234,0.007224110996843138,0.03887424083025388
2021-12-16,0.004803852555990487,0.012697926894300349,0.0069306553241256326,-0.03326242232460313,-0.03275391370957651,-0.025178415444629485,-0.0320233242477978,-0.03070197801365024,-0.0014557751549373454,0.012709310688901042,0.0036363444071809935,-0.040360256670992245,0.004074611432555972,0.014374515648588652,0.0061361127719647395,-0.04904346147728157,0.0072278394884919914,0.013682474632610655,0.009839064836542436,-0.03326242232460313
2021-12-17,-0.012437317144134916,-0.01250052582616735,-0.0110993604925861,-0.008229811622745116,-0.024771957522853383,-0.03102450730109693,-0.02548884290791423,-0.019156483266595036,-0.014493090540587993,-0.012506646206023543,-0.012383916731683691,-0.017608927824093557,-0.013715149338894133,-0.01204678439640032,-0.012445847745956598,-0.013864934716856727,-0.011678387446391915,-0.012286246955859424,-0.010244826715953748,-0.008229811622745116
2021-12-18,,,,,0.020225622720911683,0.014145226268419322,0.019775575890630392,0.019973159251234898,,,,,,,,,,,,
2021-12-19,,,,,-0.0022465892681545643,-0.0030241085869845375,-0.002117851971451835,-0.004941121797631998,,,,,,,,,,,,
2021-12-20,-0.008131606148534013,0.003707688344073423,-0.005702489025322592,-0.009070509300229262,0.0027239347357453153,0.00378791815403817,0.0025061345611012012,-0.0004631386334383932,-0.00632234933448746,0.0036941231428575896,-0.004959754051955674,-0.0017412933356238391,-0.007314203766097633,0.0022115837312041537,-0.005933383196470706,-0.006291861488559613,-0.00838564818212775,0.003564101091766885,-0.006072017443803201,-0.009070509300229262
2021-12-21,0.01462265780225411,-0.0012264173241125957,0.011074323795131815,0.03087511290551232,0.03319664389737751,0.0438127336620416,0.03340232002389078,0.027135168298289714,0.01771832215144134,-0.0012228202423999663,0.012950114997081338,0.03406146179800648,0.013611344802988052,-0.00386209509873032,0.010480960851748676,0.03906648110672779,0.013578718409532457,-0.0014485130154488724,0.010346582170104833,0.03087511290551232
2021-12-22,0.005938186176970402,0.0046915499362948036,0.005607245373393943,0.010635753597596291,0.005615825220858107,-0.006013078918671294,0.004826763220507515,0.009735941149071455,0.005884459350951684,0.004695307222230364,0.005598700146727361,0.010314098032236044,0.00584235361191599,0.006651751800206307,0.0058444380908700844,0.010881842782521096,0.006179390952867351,0.004919535892278888,0.006018400859888581,0.010635753597596291
2021-12-23,0.005000741890955203,0.0036031936946176206,0.0047303300914382064,0.004923030192867852,0.052881521190734665,0.044298517477820674,0.052479541941575884,0.0643277202790408,0.012980871774251779,0.0036125150736173797,0.008841470811047972,0.026240331263014224,0.004329659947453474,0.0028736543431785496,0.0039597988622836824,0.0063939814208380606,0.005498432108073808,0.0038828260555017215,0.005303397000814336,0.004923030192867852
2021-12-24,,,,,-0.025854589725139758,-0.00044854748030720155,-0.024254820826019853,-0.03171769868890919,,,,,,,,,,,,
2021-12-25,,,,,0.012088707351344341,-0.0072664574928698825,0.01085219913171142,0.02476698523382873,,,,,,,,,,,,
2021-12-26,,,,,-0.001925720708291645,0.007308586258645639,-0.0014245808847722324,-0.002980730210037624,,,,,,,,,,,,
2021-12-27,0.012643323884424486,0.009536568757934134,0.01176012863354399,0.03440324714992504,0.006955401909512826,-0.0032932571191635284,0.00619183872089956,0.011926882868546783,0.011695336888605877,0.009537993292314098,0.01127303799376276,0.027684215266386397,0.01285931281264524,0.009886716210483724,0.011972521024240663,0.038772560423944655,0.012405510084178293,0.00930740689648777,0.01134713320224284,0.03440324714992504
2021-12-28,0.001782330226257714,0.004954120712183646,0.00217293498697521,-0.014540168060684398,-0.06626174340482957,-0.06024120848451215,-0.06559739571596124,-0.06464101154117277,-0.009558348712256833,0.0049572259939985805,-0.0037416070552361413,-0.03003986451789199,0.0018697345842985766,0.004843411620984979,0.0022535606874198237,-0.017078831862803553,0.0016253799302322074,0.004755182171445973,0.0020638391997285276,-0.014540168060684398
2021-12-29,0.0003804504800486441,0.0036620577662518587,0.0012857482110562384,-0.004975671316241788,-0.028672470581785348,-0.024024584729529067,-0.02846672356694012,-0.047674175234817,-0.004461703030257021,0.0036569284646375223,-0.0012612146141852967,-0.017076536606631512,0.0007035061702868148,0.0046105170857029315,0.001579456421269812,-0.0075227159352666655,0.00012392615671759577,0.0039022703974428965,0.0009876473614220454,-0.004975671316241788
2021-12-30,-0.0015226750242771359,0.003007678258761556,-0.0006040568610766009,-0.009526393532103893,0.01697419676741667,0.01596930640116427,0.017136948945051148,0.022986229210547514,0.0015601369410051654,0.003010248910118538,0.0009339422168656659,-3.465014303587026e-05,-0.0022156023124315365,0.002084047067077179,-0.0016113796125895887,-0.011481328044073518,-0.0014203117259230513,0.0027452849067737557,-0.00047492191872946165,-0.009526393532103893
2021-12-31,-0.0011037789850730853,-0.00042879694932554174,-0.00132680347585858,-0.002129872962583559,-0.015267470914003978,-0.018601881148704504,-0.015695833797331193,-0.020234207958011,-0.0034643943065615678,-0.00041734527579935076,-0.002549199578239802,-0.009445498564074523,-0.0004503101310157303,0.0010211584306732027,-0.00037808569520597147,-0.0038480854385719875,-0.0010260038953854753,-0.00048821076873037714,-0.0012088980640393278,-0.002129872962583559
2022-01-01,,,,,0.02912269050477836,0.02946965952151393,0.02906061685190796,0.035179126195671546,,,,,,,,,,,,
2022-01-02,,,,,0.0155405561917645,-0.006552808129777529,0.01388538429875859,0.009360536194492182,,,,,,,,,,,,
2022-01-03,0.007893532580496583,-0.0022629039376794117,0.004607579267079426,-4.500520590966332e-05,-0.02072870193020272,-0.018658781332711604,-0.020572870708654704,-0.027437716715707272,0.003123160162046699,-0.0022632654173130144,0.0023786958144793677,-0.007788344423663251,0.008448086761126237,-0.0031342661976895723,0.005172637939937341,-0.0005711545181173055,0.008307086259290337,-0.002627250282742025,0.005166028727447333,-0.0003079653778659988
2022-01-04,0.008287326862424099,-0.002559766101172363,0.0049485848613082025,-0.007217833180445225,-0.011764087452726647,-0.012032469157906147,-0.011415645639717694,0.0018291657003084998,0.004945424476565641,-0.002558201916196351,0.003587847863445343,-0.007822860059423042,0.009097501038403528,-0.0019066024285834828,0.005875756000342929,-0.0007695406982095934,0.007116150860688461,-0.0016001118695930074,0.0037110306427479024,-0.008885255272017481
2022-01-05,-0.009811024567845612,-0.00012399638516049803,-0.008745054262153764,-0.020907640984525317,-0.06206812715046753,-0.05107341860826949,-0.06136290976943322,-0.0614600044296458,-0.018520541664949257,-0.0001231176973940807,-0.01332276587483867,-0.03355575803350165,-0.007946691825103385,-0.0004593486724397591,-0.00721402359278972,-0.012209524440232216,-0.010744917756038731,-0.001433604478953032,-0.009611319288202,-0.02277088209520955
2022-01-06,0.0005963769310551334,-0.009180176488650554,-0.0020892883586369907,0.003333331401252774,-0.0008726027668847442,-0.009084850382131993,-0.0017379499813975322,-0.006512595387388496,0.00035154698139848624,-0.009179348660988844,-0.0019274916070685637,0.007882089077451226,-0.00014718907496220077,-0.007165766535983712,-0.002160646735415408,-0.0026557228536557963,0.00026395497328440256,-0.009499574197559668,-0.00201951003131739,0.004167753975553292
2022-01-07,0.0013930725716407805,0.003006074373346866,0.0011830945194846601,-0.021944294136894252,-0.040404478130600344,-0.03710567660414437,-0.04079397167178953,-0.060573051495448504,-0.00557318587873274,0.0030054415488366707,-0.0023275828878252325,-0.02875429249525238,0.0004713671309575264,-0.0002508258557776489,-1.091704817743214e-05,-0.021756407390815163,0.0020354828809691985,0.0019652237727519712,0.001971362443437326,-0.020769279333918964
2022-01-08,,,,,-0.020935419274153235,0.003238736736434761,-0.019614068950365236,-0.02669246846853713,,,,,,,,,,,,
2022-01-09,,,,,0.00938373839620118,0.00438105646927462,0.009091340577716414,0.007433248321141552,,,,,,,,,,,,
2022-01-10,-0.006524926800297903,-0.0022551256706678817,-0.006943713502320702,0.003286922916863551,-0.030183417872317812,-0.003074568593060674,-0.028572536983359022,-0.030138053470625478,-0.010468008645634554,-0.002255756205817444,-0.00876898473116019,-0.0034666376877463124,-0.006407366896247532,0.0007322951091203824,-0.0066486239592142915,-0.001693265134363727,-0.005806333431770526,-0.004926125857153649,-0.005722470139286154,0.00475653751255789
2022-01-11,0.010108670902059982,0.004994678262749168,0.008277911458695192,0.008350842341962466,0.03416218451646136,0.022053944349649787,0.03382337666185061,0.05040628002611775,0.014117589837793546,0.004993164177436084,0.01036114634737928,0.01720115953232991,0.010264472954520137,0.004840081000695695,0.008695269586656456,0.005715812664203105,0.009826598004222104,0.0059582474854419105,0.007929571945217045,0.008987700718385248
2022-01-12,0.002808856818174212,0.004461328176566454,0.003466623786372476,0.01148719623398825,0.05390506305509349,0.028860921580921843,0.05275515864793494,0.06649171700467965,0.01132489119099409,0.004460554494243051,0.007708380201748239,0.023028578326567337,0.002935801163853474,0.003900693338347754,0.003207345509599866,0.014328939779660842,0.002034751177976246,0.005802620184696335,0.0026873127672814925,0.010554358756379206
2022-01-13,-0.005023576980461088,-0.0015507209061962372,-0.004769845537927536,-0.026620454554936505,-0.034351553179315694,-0.03087619730007225,-0.03433863349296673,-0.0443431995788989,-0.009911573013603521,-0.001549869949337384,-0.007272881398971796,-0.029680955942063787,-0.005472811272806628,-0.0035087251557062837,-0.0052798313036128,-0.025736361811049442,-0.005921688680979158,-0.002575393032977883,-0.005648404404921727,-0.02609104352271217
2022-01-14,0.0018072024404420664,-0.0017228022807342072,5.1255903263679235e-05,0.0013580446976990228,0.025946966258798367,0.012067772319100794,0.025285093857243895,0.030758875034758684,0.005830496410168116,-0.0017216465183710885,0.002280333332082084,0.007924318328604286,0.0018797309280169498,-0.0006520769318858513,0.00020267886063555173,-0.0014651698437233795,0.0008454389231083116,-0.000771290011492812,-0.0004011823973394227,0.001926361070036304
2022-01-15,,,,,0.008994754628404666,0.002089416093071162,0.008545012884864438,0.005328785091076964,,,,,,,,,,,,
2022-01-16,,,,,0.006503905118192476,-0.001081661179713167,0.006735176094363344,0.03969943143881008,,,,,,,,,,,,
2022-01-17,,,,,0.0004693788674268503,-0.019387113280323748,0.00016848911302549084,0.03219281367970814,,,,,,,,,,,,
2022-01-18,-0.010761970773172891,-0.0037512924509564166,-0.009403840370141232,-0.02179959458747431,-0.015388287946141766,0.0021173461647266945,-0.015577265718393823,-0.04275101256393536,-0.011533023635334368,-0.0037529678405192413,-0.00982156135658914,-0.024393963677765508,-0.012807373026977306,-0.005115946791949988,-0.011427337114996569,-0.024319272917376407,-0.011049347163807996,-0.0028386146528398323,-0.009592331763833731,-0.02039356725458628
2022-01-19,-0.0067844203426378705,0.007846279720136648,-0.0032709624827871086,-0.014042766509267198,-0.029012441761665654,-0.014403339833794005,-0.028044993448129323,-0.04812435240024754,-0.010489090579142504,0.00784545938815509,-0.00550894541139906,-0.022245802831135166,-0.009534996160255518,0.0015745711192237358,-0.006717582422835053,-0.017661935622793383,-0.004766043321101674,0.008519596036050948,-0.0018037252437029475,-0.01093080529464548
2022-01-20,-0.011862060931541647,-0.013377282721952861,-0.011309336777304418,-0.02580601734300407,-0.04252286623358552,-0.025442605084519274,-0.041238719072372615,-0.0440185888778678,-0.016972195148548957,-0.013376539776755335,-0.013892317403383892,-0.02830682653644645,-0.012717500585553812,-0.013888126917458127,-0.012155530186175097,-0.027289354445153513,-0.01177382981380869,-0.013543169377859803,-0.011359529421637746,-0.025043936525562978
2022-01-21,-0.012930960558085396,-0.003422883521678428,-0.01047116268436007,-0.022579855127104642,-0.11571254110166598,-0.10387124995953713,-0.11546842924692846,-0.13056581660118696,-0.030061223982015495,-0.00342168393400928,-0.01951117251589265,-0.04089700099266714,-0.014941504612030277,-0.001681593651892083,-0.012328656314277861,-0.02936867678841678,-0.013739057775000257,-0.004198011347801661,-0.011648317656817982,-0.02030643773552965
2022-01-22,,,,,-0.05885921527965914,-0.03994872291386569,-0.05766400021646172,-0.0557462393398106,,,,,,,,,,,,
2022-01-23,,,,,0.03875242717376981,0.03537904857367891,0.03876187419910218,0.053223588938286694,,,,,,,,,,,,
2022-01-24,0.002307455792883595,-0.0028245734342201814,0.0014842749021249507,0.0024573291176383984,-0.028662159065224818,0.009004514368187949,-0.026736536055333444,-0.04256343850409426,-0.0028541466834678063,-0.002823470393518362,-0.0011078661222938264,-0.006257783306726138,0.002285508693685175,-0.0018623027816010366,0.0017115608321874505,0.005791707011674713,0.0017888663032253793,-0.0019591368550620695,0.0013677723798469082,0.0015447952889244894
2022-01-25,-0.0033894377559069407,-0.0063286472468033865,-0.005722021977695663,-0.019409237378532364,0.0004887591135445128,0.008317010138886928,0.0008820495903538333,-0.005428669889780422,-0.002743071610998366,-0.0063286597603732725,-0.004908687648139506,-0.01572462838416555,-0.006254104373373195,-0.003634357743640764,-0.007634665691296241,-0.019166420172752042,-0.003603462850930563,-0.0059231494477448195,-0.005317213677861464,-0.018846334883115566
2022-01-26,-0.008848441165001993,-0.0116233059238994,-0.010368267829935409,0.0007742564825808703,0.005058996734153465,-0.002472607413824049,0.004794445161342641,0.017201505648590146,-0.006530534848476082,-0.011621969942778384,-0.009103616437382988,0.004094552343514849,-0.008442006752909886,-0.011328010914625968,-0.010149930942530984,-0.00037619010939230445,-0.011238195997893713,-0.010139995694236497,-0.01311835054900937,0.0002863480218638047
2022-01-27,-0.0034117832324707777,0.001256456425893999,-0.0031710879064636775,-0.013556666418218751,-0.008704446363619856,0.0073860369200858915,-0.008010809786709476,-0.024439825086223783,-0.004293893754328957,0.0012550687733745534,-0.0035231742387305362,-0.017848181128699913,-0.0037463052939110406,0.0009366616330959722,-0.0035926825749275906,-0.0066435966926740725,-0.002300251905728601,0.001573302237011979,-0.0024778503559946662,-0.015664318050805207
2022-01-28,0.016886259704974198,0.008535611756742003,0.016815893542397164,0.0329278652112679,0.025426408633765198,0.017363300318565107,0.025057643844003656,0.03244597025068477,0.018309617859772698,0.008537926074189857,0.017588693569846138,0.030088103510250146,0.01924988151671363,0.013338169479091416,0.019301702145436365,0.03372563417687615,0.017654520049851047,0.008328165456036294,0.01790005408211154,0.03125872493751912
2022-01-29,,,,,0.014763887792000531,0.010065322528593539,0.01485262018838968,0.014941226626878416,,,,,,,,,,,,
2022-01-30,,,,,-0.017302280008297387,-0.006320997811640564,-0.01646529171254001,-0.007388664395116282,,,,,,,,,,,,
2022-01-31,0.014021638256743595,0.008413765715080266,0.013438225537453271,0.03232215292691341,0.014535726144460116,0.014867992053216393,0.014813766944346794,0.024855004385063422,0.014107319571363013,0.008413533073168217,0.013379854820709698,0.028172378381002908,0.014629652780525443,0.005066477281497118,0.014048902803310705,0.030652736204716653,0.015510457840061286,0.00821067001470777,0.014861873995596138,0.032536809830147756
2022-02-01,0.010950258432124884,0.001175311872389522,0.00792460060540282,0.011337208520940808,0.023033684182255224,0.006945771019516117,0.022607568914767628,0.03671793691531202,0.012964162723813271,0.0011942748372585938,0.009197278576143664,0.016744391887649958,0.012389600167316297,0.0013617952170404803,0.00973908377103254,0.006450413275132736,0.01165538847034339,-0.00022685588496072252,0.008296901791846192,0.009730933300630677
2022-02-02,0.009991702955684325,0.008092361888136097,0.010191426941639964,0.026432666734210138,-0.0392681340350189,-0.04567528015420424,-0.03981330370547008,-0.04643272741445247,0.0017817301239004546,0.0080788646313956,0.00582060147834244,0.007948550896546478,0.010209826395505014,0.00925721885786824,0.010195950847347776,0.030182606953189375,0.009318927678849183,0.011404095055003737,0.009448115292174078,0.025607874947734872
2022-02-03,-0.009513828554154828,-0.004545748687839646,-0.008469509691168681,-0.01694967073712605,0.015430349548788724,0.005731087293033046,0.014659608403229836,0.01168871279211451,-0.005356465536997571,-0.004559580468099906,-0.006454507119988764,-0.009363021203254485,-0.012376059314529505,-0.003892673345019042,-0.01133125552538208,-0.014280769510998412,-0.009588899894880052,-0.002581982775881066,-0.00825259564578736,-0.017157737121692097
2022-02-04,-0.000965093450563159,-0.008327495064002547,-0.0021742967491069866,-0.0016921778304256779,0.08722734863520698,0.11593226116871572,0.08936501778764344,0.09567014358931719,0.013733646897065199,-0.008331180335125593,0.005514389838803754,0.020157103020089998,-0.002211657449828125,-0.011349717428954334,-0.004407492912081652,-0.004268077723840373,-0.0016316652797076234,-0.008036092727532765,-0.003063852547497731,-0.0018399627845001603
2022-02-05,,,,,0.009422977778614994,-0.0011543294897439064,0.008660392517597915,0.0021926947459890173,,,,,,,,,,,,
2022-02-06,,,,,0.024600399059561774,0.02342588424152307,0.02446942531141262,0.014695134872739246,,,,,,,,,,,,
2022-02-07,0.0023266470700742483,0.002256444236447336,0.0017735409631532612,0.01173034363559499,0.07049951598030697,0.03510350690536417,0.06738510236982402,0.03629406557773387,0.013688791888446367,0.0022636894797901327,0.007618312791626014,0.01727008511550604,0.0023180597855827476,0.002510539509846246,0.001644909946931348,0.007923029078325955,0.0017566404770388607,0.004119856194070233,0.001833760044662606,0.012891299791081128
2022-02-08,0.00402512096188133,-0.0007614979758785483,0.003939144454591001,0.008969989220456165,-0.0025026088809162687,0.006527425780825281,-0.0020804388127427173,-0.010593396845796783,0.0029371659880817295,-0.0007590546865280062,0.003370924640868164,0.0033611221035777443,0.005035363430903638,0.00015302063358001042,0.005181402234548202,0.005793165441187156,0.004133315325478733,1.5661020450204394e-05,0.004285822555012992,0.007928646965068948
2022-02-09,0.0126067933136182,0.0010581123369554728,0.01050792894828014,0.026997154898053845,0.019764412626272824,0.005278219005444262,0.019323178171738398,0.02638462955217448,0.013799729865727304,0.001047901880221318,0.011182614963460206,0.020201448889687616,0.012424415904448843,0.002558635662352487,0.010571557512963868,0.02424124847584273,0.012535368138064568,0.0011865532592406003,0.010811079317585268,0.025718975514104337
2022-02-10,-0.016922118858680182,-0.015843957935546764,-0.0177466970244024,-0.023261496906930336,-0.026291180600430487,-0.01766319081507646,-0.026233498896111474,-0.04323593036565355,-0.0184836291489719,-0.015845675488225165,-0.018476235426038726,-0.025878667071668814,-0.01766619375237701,-0.0176634465573676,-0.018681283645935468,-0.023933944537077978,-0.017964844424509248,-0.014382913839345896,-0.01846947123170945,-0.024781089679011815
2022-02-11,-0.010206802133622505,0.0018443068788570524,-0.008988722574333967,-0.022123680540956467,-0.05987846010561804,-0.027829560767593565,-0.057958176054613425,-0.05518685427349935,-0.018485411795621763,0.0018480674969647134,-0.013149733272549586,-0.025361901422647163,-0.010877814752714808,0.0013825559151234652,-0.009588507255993898,-0.018276141063337175,-0.010149234430909052,0.0007662669224514878,-0.008939785175177992,-0.019842250450940364
2022-02-12,,,,,0.004881581624613972,-0.0032764023499014094,0.00411198570469751,-0.011351687240251297,,,,,,,,,,,,
2022-02-13,,,,,-0.0009595511905362891,-0.0008889616026230669,-0.0011626353895915925,-0.011656672858612518,,,,,,,,,,,,
2022-02-14,-0.006341009055696149,-0.0050346046990137425,-0.005750550946188239,0.003665568916723599,-0.004873680716226225,0.008918298575195943,-0.0035294424390807867,0.011267205413081374,-0.006096454332451162,-0.005030324803623823,-0.005669680210573938,0.004735856039341511,-0.006233521403845993,-0.00454186884468996,-0.005650017190094971,0.0009377204415009991,-0.005009290253531871,-0.002738555817180996,-0.004034366566966032,0.004132848330808616
2022-02-15,0.010470141652055799,0.002446420105888249,0.008958286857839254,0.02934827816161252,0.05531791979116256,0.04659020991973106,0.055041636316995046,0.07033668956461685,0.017944771341906928,0.0024417277923724414,0.01277146729284511,0.0308991225181069,0.010872134528921312,0.0011018001977649218,0.008960478048188666,0.01868487476967393,0.00835182976919038,0.0029437586865215725,0.007491591851977377,0.027867747911366928
2022-02-16,-0.00045210611220674723,-0.00039360343273248013,-0.0007341833380978258,0.003458996114547745,-0.015403125009194408,-0.013611323582129832,-0.015451536428946469,-0.018244058937060853,-0.002943942595038024,-0.0003919492070217868,-0.0019793801083565475,-0.002044265312508748,0.0002313506265904364,0.0008970861871653899,9.486089686787955e-05,0.002206451458818704,-0.001087689034980356,0.00024324878335948627,-0.0009150260119935596,0.0036534958070778382
2022-02-17,-0.015235853249305861,0.003962479540534098,-0.01240426037180441,-0.02580117122871381,-0.07783500010761192,-0.07758615959960749,-0.0775891373099859,-0.07004488845816947,-0.025669044392356868,0.003998767244961411,-0.018013227996531347,-0.034699443507168755,-0.015771214023299954,0.0017429712615643408,-0.013040995178846448,-0.024714121633530154,-0.014025821723909464,0.0026119913877306277,-0.011625868831416041,-0.023889719362583148
2022-02-18,-0.008409016441980763,-0.005312623165164503,-0.007544639786624887,-0.013191561077211708,-0.007808763498197358,-0.011751870605464808,-0.008349545500916721,-0.028173508764883136,-0.00830897428468353,-0.005304073978487504,-0.007504799133924144,-0.01463408787290431,-0.008607103637344493,-0.0050261002132232675,-0.0074632768332614525,-0.012006983079941011,-0.007188723984262926,-0.004798516979707691,-0.006380530091472286,-0.013687246609615912
2022-02-19,,,,,0.005728448292466138,0.0027119320365643898,0.005408246313898342,-0.003961241976938871,,,,,,,,,,,,
2022-02-20,,,,,-0.04326270437002943,-0.041858059520717174,-0.04329244031531824,-0.05633371310067205,,,,,,,,,,,,
2022-02-21,,,,,-0.06263454943258671,-0.03584768934670155,-0.06028901706076253,-0.048333322021003516,,,,,,,,,,,,
2022-02-22,-0.006636163123505224,-0.005590476339370882,-0.005732370959738942,-0.005817736862109255,0.03926797298390854,0.032982789815197866,0.038694720414853584,0.03028126602350739,0.001014526227730404,-0.0055948328771712845,-0.0017912698687879806,0.0051916159648770985,-0.005740215754921228,-0.004499410430454506,-0.004885059309382664,-0.004179550355411359,-0.006332852032613186,-0.005042053130239784,-0.005391857566737109,-0.005060525803378841
2022-02-23,-0.011444759515712766,0.0018362935043757386,-0.010094970309457666,-0.0027073349413191607,-0.020894244531552652,-0.025927966964837377,-0.021190811509088185,-0.020299048221972458,-0.013019673685019413,0.0018337595878583843,-0.011000147487453447,-0.005729441913504939,-0.011154505459149627,0.005628210630598913,-0.00953712305043276,0.006481830331392697,-0.011657862527186013,0.002097098176486076,-0.010629687734471536,-0.0020825623526534334
2022-02-24,0.0066461620133129295,-0.007520717230534682,0.005851116691085584,0.01597632994677296,0.0018385094903915374,0.02702560160419853,0.0031655806912318516,-0.006815602044428288,0.005844886592826032,-0.007532124002135573,0.005376578266862066,0.01084296081094987,0.005914795675288122,-0.008587488379312447,0.00500040480315562,0.010296953773415914,0.007309817834523313,-0.008078473146918844,0.006213139051491997,0.01465057355809492
2022-02-25,0.025427521482620966,0.022058545830567055,0.02468116312017981,0.027378691486461416,0.04265680231986539,0.022647620955026,0.04134912410476814,0.058590215759722626,0.028299068288828368,0.02206431188840975,0.026221141894034905,0.027531348897332858,0.026236838218878254,0.023164116840392282,0.025609019835398022,0.027836661400387524,0.025391129458850196,0.024016492861560233,0.024773584143706437,0.025748553921440622
2022-02-26,,,,,0.0029045080698911763,-0.0028763773748537546,0.0022724867109564536,-0.0020139583578036354,,,,,,,,,,,,
2022-02-27,,,,,-0.04140870790385847,-0.035487531026061364,-0.04120069251059106,-0.04615640964320681,,,,,,,,,,,,
2022-02-28,-0.002195598379704531,-0.010682921925703272,-0.004532574476137057,-0.006776491017041779,0.10086406570540671,0.14328292589056174,0.10342309390194279,0.11566672664412216,0.01498101230114734,-0.010692390158623636,0.0047106083786798226,0.022788384539006893,-0.0023867076045300992,-0.01185176056973997,-0.0041231352809479776,-0.010580691157441775,-0.0027028906047137334,-0.01069242270469619,-0.005011604807685294,-0.00781954308435999
2022-03-01,-0.012896231197349312,0.0011417159705010107,-0.010577209948203764,-0.0025095868764824485,0.0031196221938872945,0.026236909629847004,0.0047789608998300035,0.011805676898168811,-0.010226922298809879,0.0011380979441241756,-0.009207949641100143,0.0026373537968766474,-0.011819215701959283,0.0016131181727347971,-0.00956040123901502,0.0006607693356053043,-0.0120846189854691,0.0011530511727877483,-0.010195152318137767,-0.005007194937378863
2022-03-02,0.019780619392027857,0.01055615903958488,0.017804362314087004,0.024670334619694412,-0.018961438742063776,-0.00973416393654831,-0.018145194398718055,-0.014572673893985595,0.013323609703012582,0.010560449933528785,0.01467384606784277,0.01491910398603049,0.019134273023038578,0.012274156096510936,0.01760603648712998,0.023024602927793826,0.018859684216946105,0.0109865926615645,0.017085072037534243,0.026905815846448897
2022-03-03,-0.0008418490610408489,0.009145669475744432,0.001402985333825201,0.0016693166872652021,-0.01945143008743081,-0.03325163233802704,-0.020621824212532322,-0.038852654103779916,-0.003943445898772509,0.009145196239505353,-0.00026343912852117354,-0.003736952192333407,0.00018679165398555284,0.010619937772093292,0.002343974914909464,0.0061539171243662275,-0.0010134149065764322,0.009143853399673505,0.001107694040293133,0.0008097069253241022
2022-03-04,0.0018169686926337776,0.010328858357059085,0.0027843803587859137,0.0028474276628791036,-0.06963713259937182,-0.07660848355224945,-0.06982536091810447,-0.0723562751765381,-0.010092048189367153,0.010327630883413064,-0.0032977190162736146,-0.011714925701924311,0.0013713853504634618,0.00927245076699298,0.0025178383563712755,0.004924108378929017,0.001760827752978108,0.009736828774218357,0.0024214835876067613,0.0006080803126734743
2022-03-05,,,,,0.025235397719661698,0.007747909598397332,0.02438205487893351,0.021851866494489412,,,,,,,,,,,,
2022-03-06,,,,,-0.036850288741983914,-0.024917270796382784,-0.03611524246805812,-0.04418084982401267,,,,,,,,,,,,
2022-03-07,-0.01776749892036473,-0.0061553657136800225,-0.015003279762202726,-0.02107120789170835,-0.017777027863443554,-0.009152951622073208,-0.017346970851196197,-0.02637414964946158,-0.017769087077544533,-0.0061581538806040614,-0.015121055649562924,-0.017503639686526892,-0.016388714410912414,-0.006573318736294242,-0.013948871636376694,-0.016926108001697603,-0.018816730140233873,-0.0065107438825140794,-0.016481782071169584,-0.02622052090608398
2022-03-08,-0.004451663647359793,-0.014398999037328008,-0.007261437483849513,-0.01208017280442648,0.019149664845266437,0.018104974855098762,0.019248189946211913,0.020578422931583133,-0.0005181088985887561,-0.014402143828752427,-0.004990657324968778,-0.0051164280242789965,-0.005315319871539246,-0.01484027329944756,-0.008125637910259116,-0.014798018415984427,-0.005046953095279237,-0.014599540892578318,-0.007720560035601581,-0.014302022930201271
2022-03-09,0.01501962612589907,0.005872132786858021,0.012863617250540759,0.024499439557634218,0.0614250133237116,0.08145516882343858,0.06209457762956159,0.05962580999937331,0.022753857325534494,0.005877654985954718,0.01690428180847452,0.03069187981109736,0.012992696009832983,0.005896404534875404,0.011457548638820664,0.020350305286269604,0.014053459926882205,0.00660861722272347,0.012250077011865946,0.026951504127221568
2022-03-10,-0.0008810613935192377,0.0014184544848639576,-0.0010456677348020839,0.003055912190690271,-0.04529719373610162,-0.05928938616740971,-0.04583773917051254,-0.04707345706884166,-0.008283750117282968,0.001413897981071714,-0.004837253741130419,-0.008875162611480237,0.00029768903972933957,-0.00027272807865000423,-0.0001829792287654811,0.002372047790332167,-0.0005194028044834666,0.002106232322052547,-0.0007565524520425846,0.0035888252200294577
2022-03-11,-0.00832116411968288,-0.006419028195524441,-0.008174103499336102,-0.00819599333130532,0.007251389353312222,-0.01541300201564331,0.005558739665440933,-0.019205166968679972,-0.005725738540850366,-0.006420993407999092,-0.006811805527621003,-0.010461296608126353,-0.008075598664302349,-0.007797994065119918,-0.007951474549503738,-0.008604135302368155,-0.0087529799998064,-0.006468325138510386,-0.00859219008667254,-0.007258542887831006
2022-03-12,,,,,-0.00031310085343255745,0.0023983959586630008,-7.936370906331484e-05,0.0037734233822781225,,,,,,,,,,,,
2022-03-13,,,,,-0.026829848389654964,-0.02647607637138385,-0.026336559007818273,-0.012566901744779632,,,,,,,,,,,,
2022-03-14,-0.009521426509802986,-0.002036274187596097,-0.008929980419370681,-0.0174366281708871,0.025832757715324076,0.04693303195719152,0.026970915976482386,0.023473489570013405,-0.003629062472281809,-0.002036946952863763,-0.0056635941412450245,-0.004946722699328163,-0.00925921592949215,-0.003819663292878251,-0.008821847781170533,-0.017143958808765198,-0.009447555714505021,-0.0011924081652986505,-0.008181361174813922,-0.01651995965369427
2022-03-15,0.009821014009503297,0.00899558025445973,0.010471961732408878,0.027505461306614416,0.0028874325408784207,-0.007858903640045895,0.002391930536177353,0.004672432043050061,0.00866541709806582,0.00899233459642687,0.009634032054851636,0.018450991788511145,0.009959500220032533,0.006109887245391801,0.010323401572951484,0.0192248194269717,0.010639657563898139,0.010266454609684367,0.011715668648612239,0.029162956619439392
2022-03-16,0.01583014592972459,0.003820271650897833,0.013996505301200085,0.01819979626671913,0.041546730983816206,0.04481176299997279,0.04167517710743173,0.0538442860357839,0.020116243438739863,0.0038247827134753067,0.016154805003623523,0.023423454542771914,0.014783841458332132,0.004873765809781648,0.013215078090615437,0.015662540693916267,0.016259826408704877,0.004562252930690753,0.01454467653485042,0.018588187281498036
2022-03-17,0.014569366617528792,0.012169635779575649,0.013163474990057003,0.012886854415228507,-0.002136728614994332,-0.004671020150817001,-0.002064816390213605,0.008288248620463142,0.011785017412108273,0.012173442888499203,0.011942952563918117,0.011265732122809955,0.014158706975618655,0.014232155986386667,0.013230488622661076,0.015124695423294095,0.013350699622202061,0.012413740435615953,0.012288375975806492,0.012305684153315625
2022-03-18,0.004900691902451892,0.004637025786502031,0.004596303418036342,0.020327218527801772,0.022870714126966354,0.020544245595680227,0.022936315385106976,0.03544197961180665,0.007895695606537637,0.004638653096264432,0.006043877484684993,0.017901093752296517,0.004374303723498416,0.003855055651981539,0.0038391069086923454,0.015566341403655712,0.0046178379088478464,0.004597728706050779,0.004432210672522669,0.020340445674824563
2022-03-19,,,,,0.04889256616829627,0.009185670522736262,0.04503081192306596,0.023221516296702407,,,,,,,,,,,,
2022-03-20,,,,,-0.0008807548129557861,-0.02190614854150055,-0.003115357392695604,-0.02809835672025747,,,,,,,,,,,,
2022-03-21,0.0036164035562298476,0.0025637523244708277,0.0027654505966331205,0.01616656750292414,0.023983811636451392,-0.0037456493048140284,0.021860474752521057,0.02637205625002295,0.0070109715696001045,0.002564750570897897,0.0044996804871781475,0.013734201758204213,0.0032909914886648252,0.003328759209834123,0.0025621034512428933,0.013589179342566399,0.00257624135920821,0.0023676644307628935,0.0016464339867489353,0.01705422278297011
2022-03-22,0.005546934244323941,0.003757383735359231,0.005271956621141985,5.9757043596704606e-05,0.06288462575961842,0.030972679161720477,0.05953492694291779,0.04207876685803527,0.015103216163539686,0.003759421852813454,0.010019843244092596,0.010077566897154732,0.004555133218594766,0.004764828807134986,0.004502097888569284,0.001826033958877119,0.006192692254128645,0.0037090365591999526,0.00578729468278981,0.0007109639879953002
2022-03-23,-0.009675333619606638,-0.007466573817223236,-0.009379672557028035,-0.003774172455992448,0.012081167675711225,0.012645138736756998,0.013271429262775462,0.06680782680761284,-0.006049250070386996,-0.007467272293413212,-0.00746930639098046,0.007249311662281509,-0.007575987501870472,-0.0077799439558290445,-0.007634697379415641,-0.00435802206361739,-0.010239108859212183,-0.008072589930164001,-0.010038331036003373,-0.004625525758996399
2022-03-24,0.010775713212324893,0.006248415500731653,0.009965146236087687,0.03490197436606354,0.024533228436090564,0.024694615024354986,0.02454278432206137,0.023314900692374144,0.013068632416285836,0.0062477530485339095,0.011075411929829571,0.02776386925803682,0.010115959491541041,0.007572305182512791,0.009526191415599017,0.029999967556245167,0.010029802776067662,0.006306707951852932,0.009265897929682507,0.03765485552781042
2022-03-25,0.009012400337871585,0.0071782117522882685,0.008693684574105182,0.003962327279741559,-0.011489590412916783,0.008014548919802453,-0.010404575472492544,-0.011989157306349639,0.005595401879406856,0.0071798051550167035,0.007084948270254781,0.0020449674212232698,0.008912832403656359,0.007334733653157182,0.008435919250045023,0.0048338801237042235,0.008658999469596702,0.006824212951536503,0.008356464454889093,0.004889334232622365
2022-03-26,,,,,0.009594654493158005,0.0041060321332752735,0.009833627035960805,0.026706822189643452,,,,,,,,,,,,
2022-03-27,,,,,0.04254787545471064,0.051886689378826185,0.042984234903143376,0.03904995564794546,,,,,,,,,,,,
2022-03-28,0.000846548501786999,0.0067186489473041455,0.0030835051856687857,0.005546960506472973,0.004451770657822229,0.006340524055059799,0.004116120036838226,0.0038672094168966387,0.0014474188611262036,0.006722602067514977,0.003150926062299604,0.005995027922644272,0.00123920830405604,0.00812639422743511,0.0035865740196574644,0.008801725788768616,0.0013169986803366627,0.007062995472600631,0.0034358207113147463,0.004823562544251278
2022-03-29,0.012421936723784477,0.012473843937848002,0.012604525512599909,0.009390400404781226,0.013999177555741137,0.007057431792978252,0.013588859620058714,0.018884421796931318,0.012684810195777253,0.012475647963387185,0.012671153124342777,0.011832601319388795,0.013023764599132848,0.016371583053527386,0.013700617682575486,0.01514642364958564,0.01293173652092791,0.012137537656643771,0.013017359660686435,0.00795926583832929
2022-03-30,-0.004279865159334702,0.003737081078974509,-0.0030400378792343067,-0.004911996769250908,0.009501167971384693,-0.00666998994637497,0.008616059526143515,-0.0031581719805864,-0.0019830263042148015,0.0037350427468454154,-0.0018975616086542297,-0.003511628783086088,-0.0034315589449815326,0.002131903495722376,-0.0024853781213897853,-0.003953698244089423,-0.00412715844557225,0.004127247716866066,-0.0029774349837658858,-0.006049842847649154
2022-03-31,-0.014612859704207257,-0.009284635193419856,-0.013129628743898124,-0.011678625309812299,-0.030772503417258262,-0.03117145651136843,-0.03064607030785418,-0.03478360003138438,-0.017306133656382425,-0.00928548762868826,-0.014564753564098231,-0.017237893619534914,-0.014382625488328377,-0.010621364871055475,-0.013080984874507443,-0.012412732491587771,-0.014502719826181662,-0.00982619040670549,-0.013222865635972959,-0.011631356509808162
2022-04-01,0.006186125023239843,0.00992012058315522,0.007091131623440613,0.007440242347737661,0.01314246889255092,0.01619245094937454,0.014090731156346683,0.03800406925694211,0.007345515668125022,0.009916421457963934,0.007751174494607103,0.010496090125924154,0.006202338701490541,0.010000878133812978,0.006902372198700152,0.006450911174487059,0.006430107746801536,0.009459052467008535,0.007225080473408665,0.005151308225079002
2022-04-02,,,,,-0.01024608862981643,-0.009521867513820599,-0.009976976642893974,-0.004369424039238398,,,,,,,,,,,,
2022-04-03,,,,,0.019144810628382407,0.012108906076976666,0.018721721725847754,0.02399646842866477,,,,,,,,,,,,
2022-04-04,0.0023851263573864533,0.001370010474124407,0.0024033691511113594,-0.0005924118929045109,-0.006553388346854017,0.00183120049159256,-0.006338445071223008,0.009310906101578576,0.0008953739066797082,0.0013695253832535991,0.0014684625491994457,-0.0007469626374776682,0.0013556279585554853,-6.336168988130655e-05,0.0010975765284291612,3.098860677716239e-05,0.002385646997151014,0.0020517505287301154,0.002389904613540222,0.0006319446928801983
2022-04-05,-0.010698340505611342,-0.004654639469844998,-0.008932450569842768,-0.013553934663015455,-0.028460521862655352,-0.02267516725005789,-0.02786385589797287,-0.0327491843071889,-0.013658704065118675,-0.004652632228095371,-0.01042282214701185,-0.015434566800303372,-0.009206685631829768,-0.0038866880859902307,-0.007542317587639083,-0.013334427008923587,-0.011273337560572666,-0.005082622556851962,-0.009747351139752284,-0.012809765317361527
2022-04-06,-0.0012633246356550418,0.013502746586266958,0.0013707652577450973,-0.002133019616290239,-0.09165544300198733,-0.053416475854747236,-0.08878599947696161,-0.08358889594349388,-0.016328677696710422,0.013504511141259841,-0.006238428036956836,-0.012414268814868797,0.0007827992125425975,0.014540467103867867,0.003206692252548339,0.0007644629429251208,-0.000595617633578383,0.013925855707998857,0.0018469887272666904,-0.0028302437507259142
2022-04-07,0.001610237014320546,0.007331456913414731,0.0017279360683579745,0.011821273935889113,0.0361365525133895,0.007532602230189349,0.03373348038341774,0.02761347520302817,0.007364622930832038,0.00733112406102966,0.0045902113572464116,0.014911838227850246,0.0015847232606560162,0.005861650280206639,0.0014911267986201472,0.007034251203906532,0.001914352707055113,0.006973600073967434,0.0018691825978195144,0.012513811830064909
2022-04-08,0.003154132343436489,0.006531865855644534,0.002822453267256339,-0.005516007931905978,-0.041862478758459706,-0.028100517041208157,-0.0403860079867701,-0.03296517662953802,-0.004348636173546209,0.006530283581238722,-0.00080239751467111,-0.00978139189189305,0.003326878056133604,0.004574822254872573,0.0028707836738868396,-0.007866040731772436,0.004258615582164681,0.007084060793765398,0.00380229853798353,-0.006390535082172971
2022-04-09,,,,,0.01842106310011493,0.012248457355276798,0.01812304098125068,0.020441720241878514,,,,,,,,,,,,
2022-04-10,,,,,-0.01700182837889297,-0.013840544454685424,-0.016761107545983107,-0.014710407117951484,,,,,,,,,,,,
2022-04-11,-0.011840453695113766,-0.013231086750646113,-0.010926688346073792,-0.021716793473826164,-0.08038746598850147,-0.06395908621653079,-0.079248554365736,-0.08674459751039265,-0.023264955744011717,-0.013231316622323384,-0.01678858453914535,-0.031792035847658925,-0.012761594759217215,-0.012193659171514808,-0.011577548379899869,-0.022548658843649923,-0.010295152352371259,-0.013268578835476854,-0.00921775208629078,-0.020322603304305686
2022-04-12,-0.0008602131354637925,-0.0026733608416611467,-0.001384005128535838,0.001276553688598561,0.0283449435915488,0.016072801203549567,0.02739977213521206,0.025502915351363183,0.004007312985704973,-0.0026727620043636435,0.0011704048221913062,0.004914010295043989,0.0008773017099951144,-0.0010530085387190984,0.00019374641071780694,0.002359490686969087,-0.0010160976957936697,-0.002051131178566905,-0.0014780633137169848,0.0021723028830417206
2022-04-13,0.009111691535789815,0.004404899903983161,0.008271986309628398,0.006704872018925344,0.03716934184651202,0.025845401558134508,0.03607009180895446,0.025321431006485314,0.013787966587576849,0.004402075414437555,0.010560582449642307,0.006731133318458135,0.008202105064738162,0.0040740968885334865,0.00735976452010774,0.007442470895508509,0.00881494140417799,0.0035278516895124517,0.007762840827474005,0.00769022244427384
2022-04-14,-0.0021576094399995685,0.0026910631376128673,-0.0017205064381350262,-0.0005615558371567658,-0.023658564245833215,-0.02940944750196083,-0.02425191663043877,-0.03656548342600374,-0.005741101907638509,0.0026974768020115313,-0.0035039678095174533,-0.005206325608645752,0.0002511623549971233,0.0031365603959410725,0.0005518842381275767,-0.00260580438061748,-0.003798609352962485,0.002325835892776527,-0.0030356290200882832,-0.00012393919351347434
2022-04-15,,,,,0.031038335249899567,0.016407105806688038,0.029776179535841954,0.014074287095787206,,,,,,,,,,,,
2022-04-16,,,,,0.014421413264668358,-0.0029791435085136436,0.0127670193982064,0.003282157996663723,,,,,,,,,,,,
2022-04-17,,,,,-0.03858365516907933,-0.018076807244785317,-0.036853181325469005,-0.028676826921485585,,,,,,,,,,,,
2022-04-18,0.0008561339045568392,-0.006293571117340375,-0.0012522367695827037,0.007310271695749872,0.02228925033010376,0.027607080151367796,0.02264027174295163,0.02115976989514747,0.004428319975481327,-0.0062935528106166415,0.0007786617479583727,0.007768439158878817,0.0007991983519162099,-0.005223950288903635,-0.0009460102925486461,0.007878359293574364,0.0010510840029848254,-0.006209872739757465,-0.0011525094622689069,0.008680659095197146
2022-04-19,0.012514123824200305,0.006082817033449948,0.011958171324981068,-0.002735035573831271,0.02149999570729364,0.017155959184736173,0.020868802699952952,0.016328668341692852,0.014011769138049194,0.006084696365333958,0.012678347519140466,-6.0563610107320157e-05,0.011783218449985606,0.008702224558833004,0.011719936204602604,0.002533624022908093,0.01192985761748726,0.006492697055988329,0.011341326875409286,-0.0003875733361598313
2022-04-20,0.0015008733592365077,0.005101352079956759,0.0018421557881038069,-0.006021969436111796,-0.012096637850906013,-0.0036054056907279474,-0.011852907547771966,-0.012136891278804596,-0.000765378509120579,0.005110875627323788,0.0008410756372651443,-0.004647823649609432,0.0032042659138901055,0.006602041161117258,0.0036306958717296535,-0.0027889063450065314,0.000544145538300682,0.004744064711773176,0.0007502477155561757,-0.006733686182615538
2022-04-21,-0.012365582660085608,-0.007474346923760349,-0.01149924931318905,-0.02299022614041039,-0.020877854849308077,-0.012729501607482839,-0.01876436240497356,-0.029149889130424336,-0.013784294691622685,-0.007466795185267797,-0.01195684273891514,-0.02372829830205302,-0.011626208473272004,-0.007673831660619859,-0.010582860218711864,-0.025076274325823284,-0.011911318305222393,-0.006546442902497181,-0.01103154427655068,-0.016669017670809177
2022-04-22,-0.02310687701405425,-0.015247570656743297,-0.021276084516652298,-0.03490311618929052,-0.011750225224195165,-0.02162856126173349,-0.012787667734699023,-0.005755856346251099,-0.021214101715744404,-0.015244734326812556,-0.020600092631902184,-0.02709884472499215,-0.023697110717771877,-0.017201628231781764,-0.02250965052557676,-0.03204309189335261,-0.024310065279065568,-0.015624599128299575,-0.02251085009542115,-0.03792063199903524
2022-04-23,,,,,-0.01286054767525191,-0.005492142521465559,-0.012011648248125045,-0.013978380504267677,,,,,,,,,,,,
2022-04-24,,,,,-0.013762498814561453,-0.0018626217177389525,-0.012856136645042697,-0.004204338957748951,,,,,,,,,,,,
2022-04-25,-0.002562322005097424,-0.0014270178229368973,-0.0018431032638211516,-0.0022492025072530365,0.01016629986165194,0.023453443284711918,0.01106291529400499,0.02285998244145477,-0.0004408850273058631,-0.0014264058853813264,-0.0008339565859938884,0.0017162516847984359,-0.0035459779840819297,-0.0018556109532030115,-0.002626637480575361,-0.001876582453427348,-0.0014865180105294816,-0.0011524447309900834,-0.0008829512024107985,-0.0016335821164039943
2022-04-26,-0.020589946642060247,-0.015561904251459958,-0.01972259674729731,-0.018334731320686803,-0.06831752801509475,-0.05766122332371881,-0.06743868984799843,-0.07210794056387879,-0.028544543537565997,-0.015563415092316738,-0.02371876563861313,-0.026399745678426366,-0.020986252070822446,-0.016970683436107005,-0.020291788759821745,-0.020499544289393795,-0.01937972586737767,-0.015205332746394521,-0.018378256388141057,-0.018518682615175842
2022-04-27,0.0004532832337849472,-0.004168618884380832,0.00017387461381311586,-0.0016844102157469003,0.024420882858019202,0.02901750889881647,0.024598497038437486,0.023176646812016807,0.0044478831711573215,-0.004166167178931394,0.0023248996062468657,0.004373005664074198,0.0023424298856649746,-0.003601973826394572,0.001877088424767475,-0.004299654934468237,0.0014635961816397173,-0.004218045425327303,0.0007580356837895419,-0.0009287698797797233
2022-04-28,0.017596976760320897,0.013489383785071505,0.016224461211435046,0.023437563158965447,0.008911743483814662,0.013219150201832315,0.009294306872537045,0.01118557912436176,0.016149437880903193,0.013491522680527392,0.015534313387951217,0.018153466860317255,0.02007806892952575,0.017283781992554762,0.018828884227898884,0.027110665584383145,0.01751612267416057,0.011175225024973475,0.01596843005265916,0.023104442220861963
2022-04-29,-0.035137233680550675,-0.03162393057033713,-0.034421960721541356,-0.04828050868755168,-0.03646867383836266,-0.028111630621804256,-0.0357994398821951,-0.04347103555719757,-0.03535914037351934,-0.03162734166669571,-0.034491484372196776,-0.0464131277430814,-0.034224719886137164,-0.03435216402043053,-0.03406178687780583,-0.05426008605852876,-0.03601877744753259,-0.033686591248954775,-0.035486261571939584,-0.050137303053651966
2022-04-30,,,,,-0.053359876819118274,-0.022713216095049605,-0.050298879720501524,-0.04336255326694678,,,,,,,,,,,,
2022-05-01,,,,,0.047335770451658335,0.025544666140461705,0.04652631305944642,0.03898712895228845,,,,,,,,,,,,
2022-05-02,0.004282752066340887,-5.661660223827726e-05,0.0026705688188197805,-0.0052986260135555185,-0.003150579813704691,3.1989095972198567e-06,-0.0029027031587915966,0.0024763221180427617,0.003043863419666624,-6.240941100812318e-05,0.001942691866596137,-0.007234111915913514,0.0041443899144567,-0.0020550127306603956,0.001993815589397795,-0.006810356305429408,0.004738093487392633,-0.0005344501104100024,0.002789368111957528,-0.006769176728731646
2022-05-03,0.006419254004216235,0.003700455740293519,0.004996031115696761,0.0037460710197756144,-0.010712090547274922,-0.016595118755757504,-0.010655524190399893,-0.02121492738840848,0.0035640299123010427,0.003669397904177504,0.0036930875211321087,-0.0014451135977484645,0.006026759093840798,0.002626752700585544,0.004474062125775434,0.007407635551473596,0.006501322860754057,0.004741973780874037,0.005208798428568527,0.00471057337188545
2022-05-04,0.03059747582803359,0.018020427078305087,0.028347455419731382,0.013184462505844248,0.09768777207422855,0.05871289840405591,0.0958101696899608,0.09594904240520327,0.04177919186906608,0.0180166590903344,0.03412693522985895,0.023575537837436742,0.029447424988993064,0.018114645885454098,0.027464357404044452,0.014201304682372514,0.031235083457910477,0.016473271631902636,0.0290719151052967,0.013162984674823614
2022-05-05,-0.02522333353713442,-0.014264048105025583,-0.023384746306339674,-0.033840361343415115,-0.08792760957755685,-0.08150893055658706,-0.0878048091448622,-0.08466073882181101,-0.03567404621053816,-0.014274678385570765,-0.02870540838022706,-0.03843299164151187,-0.023511536581571464,-0.010619055251284254,-0.021808942288031527,-0.03829695452977752,-0.025409335281829246,-0.01328768933822378,-0.02336414540088083,-0.038490052198777026
2022-05-06,-0.0037348140552296697,-0.011463469765762652,-0.0054216301511666965,-0.013866043992107693,0.009911536356464603,-0.006014245608876813,0.009795067449893894,-0.016070839948391303,-0.001460422319947292,-0.011471849544572265,-0.003797404938124662,-0.014204092088208798,-0.001724449409066217,-0.01022365481258135,-0.003919747695264651,-0.013524796523408059,-0.003008784901893516,-0.011164362376080941,-0.004526961475471001,-0.01621858079097188
2022-05-07,,,,,-0.025861551667197516,-0.015937618917694567,-0.025281690408534875,-0.0239108868502508,,,,,,,,,,,,
2022-05-08,,,,,-0.01912325233741754,-0.03599160894165914,-0.019858971161653895,-0.03918846045834434,,,,,,,,,,,,
2022-05-09,-0.03505511084284932,-0.013987168991751252,-0.03017481675426854,-0.052652744039822896,-0.13858540201932162,-0.11314307736627795,-0.13731705319610152,-0.13286308890394397,-0.05231015937226137,-0.014004087400023353,-0.039233362559798264,-0.06383314784981453,-0.03528811834219394,-0.0069426972956740255,-0.028823141496038988,-0.04472289066837483,-0.03606359005347403,-0.014822644436949304,-0.031094621199116664,-0.052249204831842005
2022-05-10,-0.00435015726679066,-0.006354359623837574,-0.005310634314205464,0.004132264362789047,0.03548752611899278,0.02535603506190245,0.035214160247864584,0.03896341245462963,0.002289456630839913,-0.006362850922622966,-0.0019468780438474846,0.0075130528562590854,-0.0023150094804439717,-0.0069678089791000404,-0.0038634352120388606,0.003924661585572002,-0.002950416198992903,-0.0052194453913964045,-0.003850463035389536,0.004481293807772084
2022-05-11,-0.003418132781437833,0.002532488174441036,-0.0017150687766700754,-0.01308620892522062,-0.14409244004091043,-0.0657789052064757,-0.13815127307524855,-0.14130724596306973,-0.026863850658016594,0.002497275635245661,-0.013509673897000439,-0.028163300209257728,-0.004203828232187152,-0.006316553623412654,-0.004208079511186049,-0.014479749947223413,-0.004807922364652129,0.00420199007892517,-0.0029331005271495602,-0.014940826446923884
2022-05-12,0.0022033135934364763,0.005413035181148038,0.003180100970445291,-0.009158978648489066,-0.04872558742882796,-0.0012618605512921938,-0.046368326594082104,-0.061750409018873034,-0.006284836576940929,0.0053887489487468914,-0.0011024893435547588,-0.01208822601001189,0.003587489505564271,0.005406063029390476,0.004279718160372141,-0.005095744606443346,0.0014052110836103428,0.0040094761139705505,0.0025099289372534973,-0.007015007989483851
2022-05-13,0.022291124944625016,0.006100631836395531,0.018978614792974392,0.015157958835137179,0.06680643620759522,0.01295292396097104,0.06371731606688438,0.06000291915083182,0.029710343488453375,0.006109426299718205,0.022754518062237286,0.01481454021175031,0.022420472644095205,0.003400734124511584,0.01843440097889358,0.00858311205707489,0.023068018860881785,0.005944129088879158,0.019428472928877023,0.01482744744166932
2022-05-14,,,,,0.021150943771016485,0.025343038535585213,0.020879743842491038,0.020422479316906487,,,,,,,,,,,,
2022-05-15,,,,,0.041672055707046,0.03789403225104726,0.04152046855164118,0.06729672301003607,,,,,,,,,,,,
2022-05-16,0.001318169203224606,0.006181559889417916,0.0017997699870523822,-0.006011225524733321,-0.05961559892154226,-0.04604380829865869,-0.058656080252649,-0.06136556188801087,-0.00883745881756987,0.006167643307323282,-0.0033281437888099817,-0.013124176942788378,0.0038212919800728515,0.004512790583306907,0.003050787740662946,-0.008065228390833266,0.0007707929276864132,0.007144903403166255,0.0014586288168507986,-0.008242003699681992
2022-05-17,0.019450539934054736,-0.015981366375524757,0.015723521880163013,0.013494632285547904,0.04388035967930753,0.02026960707345114,0.04258892940836996,0.03527827432551074,0.023522176558263535,-0.01601425324261662,0.017914416838849485,0.012369905548463955,0.015366655001013259,-0.03472183531539694,0.010632155752620909,0.01701943862407847,0.01850510266344563,-0.01928063736271246,0.01435247395918025,0.016222858346915142
2022-05-18,-0.02801387185213911,-0.02775626156292594,-0.026225719137950167,-0.03476536182867841,-0.0793407584536161,-0.054186687734179895,-0.07766725712917791,-0.09875175588647886,-0.03656835295238528,-0.027788196798245096,-0.03049726537040616,-0.040745319032845485,-0.029790154464623395,-0.03806089218746524,-0.029186597924560017,-0.034147963297085304,-0.029017550658689467,-0.028924226032142904,-0.02744276442096856,-0.03616259103997564
2022-05-19,-0.0018228315479148116,-0.0038444624879239784,-0.001976945109482304,0.011349151087937154,0.04750690560771123,0.054535325285037156,0.048220175698826515,0.0536970450767474,0.006398791311356195,-0.0038550112512550977,0.002323964856828257,0.019538023723292577,-0.0040757912662681695,-0.01049974711783389,-0.004931761391516215,0.008544178030018756,-0.0010580016126217242,-0.003953290854253293,-0.0011825963758165965,0.00997002651473442
2022-05-20,0.0006859801810684974,0.0029875666630929825,0.0021712627715411038,-0.0007436726495929466,-0.031759637146683804,-0.036398306114761324,-0.032031406616411434,-0.02849210275201302,-0.00472162270689022,0.0030026701899438257,-0.0006197701620471924,-0.004938880504648666,0.0029860628465322924,0.002315690862987652,0.003927558273254149,-0.0030977109210655607,0.0019736620352436072,0.0029638480790380984,0.003502979403170757,-0.002147516424052014
2022-05-21,,,,,0.01647804411295526,0.009446736390681325,0.0161145047855195,0.011678003172351403,,,,,,,,,,,,
2022-05-22,,,,,0.03472782004763589,0.03150048777143761,0.03459321395700296,0.03192078047750334,,,,,,,,,,,,
2022-05-23,0.019290594368582818,0.012316661603797963,0.01786936712710964,0.013761360757512432,-0.03280431624764311,-0.03955281053737321,-0.033454780728280266,-0.042357536358395766,0.010608109265878497,0.012315580131298598,0.013364705963915192,0.0020460330817917297,0.019183871520318814,0.013184431391053828,0.017889342827247322,0.015019113386713797,0.018064024343808785,0.010768830192729357,0.016423646680023274,0.016840295953675706
2022-05-24,0.0004160499764193638,0.01232454442169813,0.003274565077017706,0.000505853281571501,0.03203904359740626,0.021001850066881114,0.0307781940254932,0.008395992916468465,0.005686548913250513,0.012312296699187883,0.005938752145055388,0.006858432497683601,0.0015973783149278455,0.010982390400512878,0.003826967841632464,-0.002525902165764439,-0.000323772104260628,0.011916895103600429,0.0024846677320084836,-0.0020014710645589757
2022-05-25,0.008934932428617256,0.0027702712874321392,0.007365805397848058,0.01945565776064062,-0.009345323136245276,-0.000483140923220356,-0.008435278666169317,-0.016087951686677336,0.005888223167806836,0.002766561298518698,0.005943450309162964,0.010793397432689353,0.00897211814047599,0.00198529891853855,0.007197819607918708,0.023298420025989856,0.010196411077348696,0.003638036874843789,0.008711885038638043,0.02121830548729768
2022-05-26,0.015234428874930359,0.003263279950777823,0.012034980649772566,0.01103284683347879,-0.05070413016976659,-0.01086646831987494,-0.048550159028609735,-0.06940212849164668,0.004244669034147535,0.0032785358654873766,0.006608378308277511,-0.0030135175728616456,0.013787561117415147,0.005959363501505875,0.011359257324322967,0.01262190938205239,0.01562684124435794,0.003734775174726467,0.012605905455406699,0.013920396288232514
2022-05-27,0.019582410573768312,0.010553983514684336,0.01764034883880973,0.021648499260839112,-0.02852164180232375,-0.02183771038120486,-0.028630818150840842,-0.047112954065509555,0.0115650685110863,0.01056591388349646,0.013606011695354438,0.008111991790145788,0.019732906107738524,0.012281592834662592,0.018034619319091436,0.02009508800405679,0.019934639210071832,0.010035211177419841,0.017942395297227513,0.0238413713491055
2022-05-28,,,,,0.01804435320543567,0.0066199375181782705,0.017131008200638533,0.019579105494782263,,,,,,,,,,,,
2022-05-29,,,,,0.02776182819934858,0.02030615227622499,0.026975088662309472,0.03241075194857999,,,,,,,,,,,,
2022-05-30,,,,,0.08357793585561524,0.07526381474297786,0.08374026011459211,0.13253196229861736,,,,,,,,,,,,
2022-05-31,-0.0076868323484519125,-0.006270185835864188,-0.0072674961123064975,-0.01854606086281353,0.011728387575256228,0.002549696513993035,0.011135493713828538,0.01875952414493057,-0.004450962361167224,-0.006252453833300897,-0.005761540570008698,-0.012896459328949377,-0.009248124324826686,-0.0060866535494440745,-0.00834034883840965,-0.02204052906614034,-0.007562628519023328,-0.006851906051546316,-0.00719140765661049,-0.020159214259037238
2022-06-01,-0.005248085487194567,-0.008488378783686846,-0.005624501126010557,-0.008571239512166675,-0.0710803050374161,-0.06012651112470655,-0.06983030682935096,-0.08112444906076516,-0.016220122078898155,-0.00849220005852125,-0.011045178241775484,-0.014444431588519005,-0.003288648518377484,-0.007155942857594206,-0.004074217329290245,-0.008039496270967415,-0.005897313592840811,-0.008188974809098349,-0.006276975584279237,-0.00941360082558983
2022-06-02,0.014666480722361937,0.007312025368833971,0.01335652249335676,0.02042740544820376,0.0241083992323192,0.02179014218744532,0.02374008534508349,0.02738121023326108,0.016240133807354815,0.007314276954547678,0.01395019421658723,0.01679059889743841,0.012569173939395838,0.003553067758801371,0.011647081524215973,0.022864431967642273,0.014816229697449942,0.008538687347825855,0.01367797652307138,0.019400853380869137
2022-06-03,-0.008281688042044991,-0.007678015687985267,-0.008221339742905837,-0.014433948627623698,-0.02621997954174823,-0.025589930017421488,-0.026483101827959307,-0.03810878658517512,-0.011271403291995531,-0.00768736671143389,-0.009657340731671429,-0.014192368084299783,-0.00575931208908644,-0.006825731570498789,-0.006294017893905716,-0.015904702772362535,-0.008450087545607728,-0.006865796360299547,-0.008185493671242671,-0.014967278415379714
2022-06-04,,,,,0.007294771740642959,0.003667582957837216,0.007030331923979063,0.01339573535532684,,,,,,,,,,,,
2022-06-05,,,,,-0.004211390828016737,0.0029796073496721216,-0.0034086476794125287,0.0020353546972683265,,,,,,,,,,,,
2022-06-06,-0.0004726634839063062,-0.006013447642500798,-0.001093017722244753,-0.002774421383103279,0.029201446111795714,0.0467940403500299,0.030117402645901015,0.04635124074460932,0.004473021448710699,-0.006018143142147848,0.0014798952337354298,0.0027239332076900036,-0.0010893819231331404,-0.009562870104506854,-0.0019500682409474752,-0.005390624556148586,8.614233931385917e-05,-0.004933975540063887,-0.0003777891612465625,-0.002423714547254443
2022-06-07,0.010212564518665375,0.00680736424317879,0.009382835422380328,0.017593302159153962,-0.011969793902402003,-0.006355712714268847,-0.011437658016037458,-0.011193944922055917,0.0065155047818208104,0.0068172807435823175,0.007600977406750595,0.01253276371427452,0.011282876230576062,0.006972706318798578,0.010044467203964022,0.017623538740459112,0.010947494258771806,0.007297865003710791,0.009977761406313145,0.019284314170836214
2022-06-08,-0.012888746067976293,-0.01061465684366027,-0.012729060453924678,-0.01645469237057169,-0.013612383477299804,-0.029570559602961434,-0.014381606767305552,0.00878721420374826,-0.013009352302863545,-0.010602298084314715,-0.012883700587077003,-0.01714637407120062,-0.012358753152413571,-0.010892394596858826,-0.01226784171686036,-0.020060884199075736,-0.014305987650890733,-0.01066398449749401,-0.014126726957541174,-0.01722055678624488
2022-06-09,-0.023559022078012803,-0.019877151201366856,-0.022392929690169188,-0.03293562905688622,-0.006290799584613548,-0.0030277518235538488,-0.006033470264602454,-0.00631365861676727,-0.020680984995779597,-0.01987634330758668,-0.020983046454760037,-0.026583182766214526,-0.023407982165079957,-0.01915559824119301,-0.021969134404921636,-0.03151372216900125,-0.02317950397514387,-0.020891993444654488,-0.022139731326871963,-0.033541715290524486
2022-06-10,-0.02572519852341478,-0.006615965391369719,-0.02161348628166021,-0.014952393435765226,-0.05238956967634552,-0.0337164570711473,-0.05154954547977979,-0.07788982364477919,-0.030169260382236565,-0.006619920264040183,-0.024026553118833664,-0.016035798092553497,-0.023008569105282546,-0.006088480020646124,-0.019433826112908992,-0.018377326225109528,-0.026264204271085716,-0.007555479396417444,-0.022745222053577742,-0.019134076197926727
2022-06-11,,,,,-0.05910299544008756,-0.02548033686475513,-0.05724518316476883,-0.06442498083651356,,,,,,,,,,,,
2022-06-12,,,,,-0.058069150796414115,-0.05338206823149621,-0.05728543821779227,-0.07178233665706604,,,,,,,,,,,,
2022-06-13,-0.04038529147505947,-0.02545317709094756,-0.03759445308096994,-0.04502887968204596,-0.12649945561716172,-0.16000822673927023,-0.12901763250003145,-0.1295969942859806,-0.054737652165409836,-0.02544531581605953,-0.04523446935834628,-0.06145265839471012,-0.038819962055175745,-0.025567289069768667,-0.036194433641067704,-0.046755745620937775,-0.039857463987109834,-0.025009751103091105,-0.037307067740466465,-0.04719523391828963
2022-06-14,-0.0064914420956831,-0.008415014745549931,-0.008257296762302368,-0.002913793130201502,0.011680498107776514,-0.017838139820797037,0.008998597844459062,0.019535433107517108,-0.0034627853951064973,-0.008416812579082063,-0.006920892528471565,-0.011064386889730857,-0.007024130325151434,-0.008157111501473514,-0.008825598994601194,0.0006832543879127743,-0.00543505947796418,-0.009215841335960914,-0.007333179665408496,-0.000469351539367468
2022-06-15,0.010895650187921787,0.005312553373420636,0.010289401124604976,0.014320056533084467,0.06542525357596155,0.02177644409423563,0.06305846984579963,0.05000299119567783,0.019983917419261744,0.005313217001222798,0.01473986943064875,0.01921080283328714,0.010164875789724234,0.007522850218313221,0.010344372683856583,0.017619653080650208,0.011736089326896883,0.004970848566698978,0.010940358954286244,0.01633876160189205
2022-06-16,-0.028833026531388663,-0.0003818037646400943,-0.023920703320556475,-0.009285782407833306,-0.1071884006610222,-0.09536470169432121,-0.10648879112094295,-0.1241345381153906,-0.041892255552994244,-0.0003726107717856868,-0.03082361085781847,-0.020577676514524412,-0.028354608079515495,-0.0034008058949416727,-0.023534798478865596,-0.01483782779565653,-0.029484103128472598,0.00018376365014362447,-0.02511911320298657,-0.01362689227617075
2022-06-17,-0.00401295014613857,-0.005161755682399724,-0.002930335783249349,-0.0004777852892632675,0.03646198203338853,0.004827602656150416,0.034156046412794974,0.020712525356761508,0.0027328718837826135,-0.005159321220915394,0.0002400790365630143,-0.00010842195099018204,-0.0059975862576689765,-0.002117989114429953,-0.0039686372966619655,7.70750230295002e-05,-0.003936654485584367,-0.005678496682515146,-0.002388869299581026,0.0013233074940736654
2022-06-18,,,,,-0.04251541303837564,-0.06681985801245935,-0.04387436089945509,-0.0764339353501285,,,,,,,,,,,,
2022-06-19,,,,,0.07927452664115972,0.07736418309741726,0.07966567087618062,0.10627978586982739,,,,,,,,,,,,
2022-06-20,,,,,0.0015757411640274655,0.0018798201472602291,0.0012443712665455246,0.006035941611164801,,,,,,,,,,,,
2022-06-21,0.021283145794544635,0.02547673168439742,0.021420363602687335,0.023146968604937167,0.005971368768382867,0.007999921723500331,0.006477029315334643,-0.010859454268633604,0.018731182956851014,0.025477760778917644,0.02023145683297329,0.02291818806514277,0.023385909036728124,0.026210643500528014,0.02297753518574987,0.023749052138638364,0.02094466357781426,0.02518155863286075,0.020751452233158142,0.020686298933980732
2022-06-22,-0.0034361485113255374,0.004400071406530924,-0.0007318504641117031,-0.0005251906598496678,-0.03599036081922781,-0.03453895713611976,-0.036153782500032365,-0.05656814690193028,-0.008861850562642583,0.004401096861660559,-0.003591128947839496,-0.004520488914788537,-0.003771740757800294,0.0057194445434941375,-0.0003760912127016499,-0.0001638073487203477,-0.0028607201619354553,0.005740107964763827,0.00042397975811981074,-0.0025258716259642998
2022-06-23,0.0025338360448495245,0.01021648727773063,0.005489770268499248,-0.004644164489632682,0.04734050407033799,0.0528384978837775,0.048105645172379044,0.0716940762173705,0.010001614049097603,0.01020854499015571,0.00915094437983426,0.0052631500862239085,0.0028914821714206675,0.012339775596363508,0.006235141598999452,-0.003293197884126596,0.0032465187408453715,0.009349084013160543,0.006278052211700419,-0.003988112299987947
2022-06-24,0.02872286471939655,0.014787182693858546,0.02548788309412756,0.03120803257891778,0.03819140914105866,0.008187906875005035,0.03697239504468863,0.060040880384594125,0.030300955456340234,0.0147904742528426,0.026389481355208244,0.02789771546881772,0.026861826592349557,0.013018866932721404,0.023734479511962184,0.03187446310125916,0.02973071837087824,0.015804422257580834,0.026656690399022884,0.03294618776428464
2022-06-25,,,,,0.007753439427377807,0.011434366061534846,0.00809882407056181,0.00797729746373963,,,,,,,,,,,,
2022-06-26,,,,,-0.021408985862141752,-0.02100860074215348,-0.02159953721679655,-0.028564345542763138,,,,,,,,,,,,
2022-06-27,-0.0030991162767539794,-0.004195528630800233,-0.0037055820507385564,-0.003637142140408581,-0.0067536758927389095,-0.011681438850211012,-0.0067025511407676425,-0.00578529636236454,-0.003708209546084801,-0.00420192839035105,-0.003841548375790864,-0.0016502873696417736,-0.0010809254888004573,-0.004287905574218231,-0.00224995678687501,-0.004084997895489097,-0.002703609678445866,-0.003935801591585803,-0.0032313605384845156,-0.0038714177006452114
2022-06-28,-0.009510549810128444,-0.013826228337718075,-0.011258364460140403,-0.017238162030463546,-0.04316380056562889,-0.021626425911967614,-0.04155743994470304,-0.037902597188152524,-0.015119424936045182,-0.013832482062817373,-0.013708123045950945,-0.016028483378223487,-0.006853993264598667,-0.012497619567389118,-0.009280040128767653,-0.01841627508487318,-0.008576114000744546,-0.013036511900591494,-0.01017738314849375,-0.017591825032064218
2022-06-29,-0.005108620032928053,-0.0002236677553177532,-0.0031029651386684683,-0.007077004146734171,-0.014634249838758707,-0.009162795925306206,-0.01463331648483026,-0.028055118330072546,-0.006696225000566495,-0.0002266846733935511,-0.004007342070327085,-0.006877821247989101,-0.005526222437098871,0.0005010729633968417,-0.003039441777055351,-0.00875856520275968,-0.004345846139278403,0.0006920105545273447,-0.0019663380270554943,-0.006809458789475986
2022-06-30,-0.00757003786096443,-0.009635363368427763,-0.00726704556597489,-0.01610137804117573,-0.00736490300233722,-0.015184044987177554,-0.007970739878665081,-0.023099886651935738,-0.007535848717859894,-0.00964587068495488,-0.0071825298083419056,-0.01433645277492016,-0.006571014930968264,-0.007929664086267748,-0.006052893597637015,-0.013742677028965245,-0.007150407569338291,-0.00884542949021934,-0.006299031415855983,-0.014774558922520033
2022-07-01,0.01073505233633957,0.01030831715324694,0.011870335251849787,0.003674509607027464,-0.022743101604300778,-0.02431018624709164,-0.022609293373470514,-0.014910920450717305,0.00515536001289951,0.0103066891352437,0.009084068785982323,0.00423654375456565,0.01028715800074831,0.009985127295803389,0.01136291528140604,0.003488965570248585,0.01144074222972528,0.010353602604041081,0.01258097087656522,0.003058186501030925
2022-07-02,,,,,0.010206534368909838,-0.0014870046117885748,0.009064217268704395,0.011988032137994445,,,,,,,,,,,,
2022-07-03,,,,,0.006203747849250053,0.00404920703880379,0.006290895673345308,0.003740676896046881,,,,,,,,,,,,
2022-07-04,,,,,0.034349280079586264,0.046404397477724804,0.035247493637029184,0.04474704462963176,,,,,,,,,,,,
2022-07-05,-0.006293927342713395,0.0012734368379320033,-0.005090219606055153,-0.0014618706121729622,-0.019035901264224744,-0.0010586137850189428,-0.017774928107067305,-0.017733715607950944,-0.008417589662965285,0.0012745924108060174,-0.006386735201537295,-0.0033618049292098544,-0.007710698608097591,0.0017637778994327921,-0.005774294962808014,-0.0001447055764620675,-0.005661390817146929,0.00010226991351295896,-0.004498765404704836,-0.0008148441568168411
2022-07-06,-0.0001359733330719324,0.0015369065786585143,0.0003515429309077872,-0.0012928557824784634,0.01714929107079264,0.01613857997956535,0.01714388173668002,0.021745955723351765,0.0027449040675721625,0.001535416898691304,0.0017662616440873118,-0.002358700990745766,-0.00036784253726745357,0.00024884578373251067,-4.885497032843639e-05,-0.002937641496472523,-0.00033544890494673985,0.00033845179526730115,0.0002567538185288997,-0.0005141163369892822
2022-07-07,0.01411019528266564,0.001374987692269044,0.010854640869812037,0.010522049267573943,0.03818408898870451,0.05077210161157104,0.038703123745342176,0.035448913935645865,0.018122510900338784,0.0013755354730559425,0.013008161060153369,0.008835304780799837,0.015102316460082057,0.0005451828275146437,0.011660439588621549,0.008199294312801163,0.013110940128570298,0.0008308516246014801,0.009811138214828714,0.012191325648229737
2022-07-08,-0.003327694098526209,-0.001518157285348667,-0.0030421529394468673,-0.0005010530817132524,-0.009716256354324614,0.004393589721766498,-0.008778141970533079,-0.015801697136450694,-0.00439245447449261,-0.0015184525741905478,-0.0035177477970858274,-0.0005719390261793396,-0.003004249957267899,-0.0002727451283062199,-0.0026283770458709246,0.0008680334800598596,-0.002830842139559129,-0.0010647316280304395,-0.0025616839118192897,-0.0007260427221154113
2022-07-09,,,,,0.014113331687002916,-0.005303608806232021,0.012885682441054766,0.012497609815778195,,,,,,,,,,,,
2022-07-10,,,,,-0.03991464143394159,-0.033734692382891625,-0.03946971531882919,-0.035135943472585585,,,,,,,,,,,,
2022-07-11,-0.007581620815643344,-0.0019429284733695597,-0.006065531614626711,-0.008802408334320121,-0.055941769132582544,-0.042697663429446774,-0.05509646225473134,-0.0586981254277458,-0.01564164553513321,-0.0019434328345038364,-0.0100427306934259,-0.012368201200265466,-0.006629767984166339,-0.0006450880634478243,-0.005026411847045295,-0.005136062710546066,-0.006937777025265616,-0.0018231749153665695,-0.005355847376188607,-0.008858794189668139
2022-07-12,-0.0038619318641055773,-0.006672061816449688,-0.004616125706167646,-0.008280877993452208,-0.023506154582261487,-0.03050546629320914,-0.024194209427466813,-0.04179860191664516,-0.007135968983798228,-0.006670108293191191,-0.006254480736638014,-0.01203818135963404,-0.005088721338858536,-0.006946716959524018,-0.005451991535923323,-0.00617170787375892,-0.0027924247214734755,-0.0065503434582272636,-0.0035811763874512323,-0.007040429581289687
2022-07-13,-0.0037269688378600164,-0.0014997823589421818,-0.003233293939124484,0.0003960143321811685,0.04427791375235156,0.04468803542433157,0.04460181045200687,0.055206982501261506,0.004273844927175245,-0.0014999736977564153,0.0007101776546245067,0.005099530997887208,-0.003189291722497151,-0.0011577884708093805,-0.002878711276925588,-0.0004681992763093826,-0.0030001698822154227,-0.0020936860998626043,-0.0026148213285492323,0.00042515955729838283
2022-07-14,-0.004163211008786747,-0.002758883820509532,-0.004049930511887737,-0.009640380166548682,0.023188826061356818,0.017221017270576865,0.023441577766387008,0.030569594029937426,0.00039546183623718,-0.002761297764602664,-0.0018176625222748397,-0.00757805298720526,-0.0041013831613294785,-0.0017332360087428695,-0.003686397216360836,-0.005308259109111237,-0.0029013793956251858,-0.0035505883645525187,-0.0029521873305220128,-0.007666650891812268
2022-07-15,0.018608815343360563,0.011450570228716421,0.01661737096409456,0.017250007862252274,0.013295712298953434,0.012343771084025058,0.013383442044118959,0.015026871623261278,0.01772329816929271,0.011450662833019067,0.0163084356346494,0.015093836161633949,0.017566765352025435,0.012815092903949667,0.016085572762033488,0.019556629803816825,0.017994569404389295,0.011883092021942501,0.016347832514140126,0.018298374513151708
2022-07-16,,,,,0.05154078995565464,0.017603199820219365,0.049865514402420597,0.05653061456096044,,,,,,,,,,,,
2022-07-17,,,,,-0.0009481346380628359,-0.01951088041428752,-0.002646226949244133,-0.017375426427550515,,,,,,,,,,,,
2022-07-18,-0.0032098002043968576,-0.012007459572227866,-0.005883333130185119,-0.006703731918346405,0.10792768941483927,0.07865922544420549,0.10560411130904085,0.12322714233897326,0.015313114732142499,-0.01200808759824995,0.003412963763204314,-0.0008515317540536051,-0.00426690617263081,-0.014404523295872357,-0.007328179907439437,-0.010940019950874947,-0.002804456637027524,-0.012253067690568314,-0.005670992866149533,-0.005035521893470816
2022-07-19,0.027385120685752967,0.012303892329316776,0.023887689465908246,0.014463471730584496,0.018286943077011588,0.037835855090281784,0.018596544979093153,0.01686063013152165,0.025868757750962736,0.012303896147727932,0.023281352544634582,0.013224966000155018,0.026803655674692593,0.010152773318631845,0.023538356516114464,0.011771263383862302,0.027519061056267478,0.011599128791237851,0.0239074792983806,0.015710611934604275
2022-07-20,0.002652137007976471,-0.006582524044602278,2.8361010614325304e-05,-0.005910096331381696,-0.036229629495596855,-0.007671712232565114,-0.03391571909036855,-0.03319515068048029,-0.003828157409285748,-0.006582983361758036,-0.003140857023735343,-0.013216127825374893,0.0009273545152395193,-0.008256059246429272,-0.0016312497020362809,-0.006064893831078605,0.0031014041870469447,-0.007961130660615651,0.00030797528586758963,-0.0037298743548635762
2022-07-21,0.005351057035176227,0.005566473235652562,0.004932839564581795,0.009708307561854833,0.02456125802960221,-0.00233613246053385,0.022747222588614623,0.024328404875276103,0.00855275720091389,0.005565836747600397,0.006341800646454079,0.004667459436964276,0.006539809626772421,0.004990523501208527,0.006051209613770862,0.011675063530430614,0.00546734192305152,0.00549480416016656,0.00453689743306105,0.014122458636896817
2022-07-22,-0.004943947923047726,-0.0018503153494601728,-0.003951285926709584,-0.011632441729938391,-0.007789360004250423,-0.019108917514309043,-0.009663854116552493,-0.027911149602295952,-0.005418183269914843,-0.0018508278387068754,-0.004168788297329626,-0.007741217608796498,-0.0052412657463140775,-0.0009226425050599923,-0.0040156128020698454,-0.00912496741695887,-0.005586246149475012,-0.0009345831323205268,-0.0041807774549537016,-0.01412138333374623
2022-07-23,,,,,0.0075367209362238955,-0.010409868147215354,0.006717312212143471,0.03970298881631143,,,,,,,,,,,,
2022-07-24,,,,,0.019692387162963055,0.005998616507068525,0.018766384392316572,0.0083928116369044,,,,,,,,,,,,
2022-07-25,0.0035859017301082836,-0.011104524905548377,0.0003291740535933691,-0.017120631877453194,-0.07276478282443086,-0.054633136855243486,-0.07168875727880387,-0.07930362984128546,-0.009139212362314906,-0.011105918460568617,-0.005600103104273807,-0.02360083262797601,0.00638723453585664,-0.006874089955086377,0.0036614901346927646,-0.0010959610990897142,0.004357025450410515,-0.009881465070647771,0.0021080633401487367,-0.010099310392734165
2022-07-26,-0.004859655657097752,-0.003625004583258849,-0.0036788094062983525,0.0029730726710012322,0.00427972286266034,-0.00397162031636842,0.0035518477858901476,-0.008498915374414537,-0.0033364259038047373,-0.003617122031395982,-0.0028361433309567205,0.0034251622842708866,-0.0048274471939980254,-0.005815013980500276,-0.0038823055175122006,0.0011794620392936604,-0.004105577583719482,0.0017202640750146269,-0.002962719009903551,0.0017730938169996336
2022-07-27,0.011691570468449708,0.00647900895453085,0.009702546180148746,0.013228864052450289,0.10911298957386757,0.07788297882547274,0.10623495452077311,0.10413556308571015,0.02792847365268602,0.0064767294393795775,0.01764336859703481,0.01676336691006644,0.011913911796179205,0.0070302714646349905,0.01003974373556104,0.011966826046422668,0.010972756093303272,0.0046165566571383055,0.008752457730477198,0.015263024097867641
2022-07-28,0.010345161395059147,0.00669731014318516,0.010312543382904289,0.004533085268719655,0.07791692582964407,0.03839399308820424,0.07380373664796659,0.024721249486370805,0.021607122134156633,0.00669301435101529,0.015882773131834834,0.004810697879458377,0.010557773193047383,0.004416655671725299,0.010467760550252427,0.0012321498706157395,0.010824659011493666,0.006258207714644557,0.010360952683995584,0.005443190578041725
2022-07-29,0.009706179215131488,-0.0022618415947557894,0.0068752261595377995,-0.012012519564191255,-0.005829183344439626,-0.0019483637917605886,-0.005590802987253821,0.010235047512135368,0.007116952121869635,-0.0022676311008226775,0.005816762762570283,-0.012718042640810508,0.009509489927848606,-0.007244193130506119,0.006211872793477349,-0.01748110607018205,0.008480690567269588,-0.005656739186029205,0.005339029102361486,-0.009568055227672043
2022-07-30,,,,,-0.00467567022165365,-0.005988325425812346,-0.004703338586319141,-0.004696427618554686,,,,,,,,,,,,
2022-07-31,,,,,-0.016465189612308164,-0.012861582470047726,-0.015989833378163534,-0.012154974022703794,,,,,,,,,,,,
2022-08-01,-0.0016167632894356567,-0.005775355958030581,-0.0024552784549126605,-0.008436197660419462,-0.012699082640371007,9.695756234283208e-05,-0.011419947757508628,-0.020005172608898267,-0.003463816514591548,-0.005777004357215823,-0.0032834690585052187,-0.010947595891254979,-0.0013468511210445724,-0.0037962913611670193,-0.0018848461745873766,-0.0036161148890701857,-0.0009292972398810173,-0.006433063768975827,-0.0018455387670839785,-0.008439470948221874
2022-08-02,-0.009763777204931856,-0.005161573598567005,-0.0091284914693813,-0.0047066651759962485,-0.018731547141342078,-0.014967656302090732,-0.01850505389570791,-0.008736629888773285,-0.011258405527666892,-0.005161248043173802,-0.009952218846456425,-0.0027626634791329307,-0.01003830861659298,-0.007076174729299045,-0.009620134927117267,-0.009347665303541806,-0.008473132603880947,-0.005811044309415744,-0.007990929553510166,-0.00460659044093301
2022-08-03,0.0063489694907891345,0.01006939746804142,0.007878512897680412,0.00888783804222654,-0.005898263614123967,-0.005886555177277185,-0.005847317561694123,-0.002620012057838423,0.004307763973303617,0.010070968268721961,0.00666667559442778,0.004904488331698397,0.004726651851638169,0.013066233355020438,0.0071603351075337895,0.005766819716057015,0.006222424274348965,0.009006792120146623,0.0075200703139253035,0.008864343964796736
2022-08-04,-0.0016205048618749829,-0.005593321180861365,-0.0012477943132697014,0.0020148833985078754,0.0014520885855312192,-0.007632508771390122,0.001288788889761847,-0.008460770972393051,-0.0011084059539739509,-0.005593209172849877,-0.0010946963024554188,-0.0034338916118467305,-0.001141137758951554,-0.004378018258662287,-0.0005045261480117664,0.011052837202587366,0.0009319093308030879,-0.004209803481252734,0.0011644348950617667,0.0020044563117916658
2022-08-05,0.0015885986438003053,-0.002679606546477883,0.00017120385570793093,-0.0006088710315231532,0.04574473649123466,0.027960396606426925,0.04433493349283736,0.06326647511657049,0.00894795495170603,-0.002682121974669281,0.003915493764783935,0.009130858383815077,0.0024448338903181855,-0.002320863422327668,0.0009897885038512486,0.004999893612311305,0.0006493907056641414,-0.0031136525793324247,-0.0007158533142912865,-0.000770973993282472
2022-08-06,,,,,-0.009351144158146453,-0.013460673101565427,-0.009738530157305138,-0.0172176264640793,,,,,,,,,,,,
2022-08-07,,,,,0.006392427307688353,0.008858167548807513,0.006650963825452055,0.01450745606697058,,,,,,,,,,,,
2022-08-08,-0.0001218551837614037,0.005810451364697657,0.0004816839480839226,-0.003191262285317362,0.0229447621169808,0.025914727137990656,0.02337497522770731,0.028872331558998876,0.0037225810330289637,0.005810762898191536,0.002444069880261758,0.00413423462958935,-0.0001238173187848864,0.003196244500484905,6.683954205680973e-05,-0.009638770895559175,-0.0007514807949382477,0.005864142866527669,0.00011087768489686676,-0.003186343552659378
2022-08-09,-0.0008059676403024047,0.0032042517766123074,-0.0004606323024550197,-0.00047754704542631856,-0.04364255068394754,-0.026835631349415037,-0.04237368194490915,-0.04141309429751085,-0.007945398147576593,0.003201384898170015,-0.003796078335142864,-0.0038552419248936735,0.0009816028390984533,0.002301506842936671,0.000884806470963681,0.0016915643312174914,-0.0005283022859095532,0.0026207639699834,9.609243690361733e-05,-0.0004961031394902205
2022-08-10,0.016739152484819587,0.009030117140838944,0.015335962226115184,0.019809623089882197,0.05001775589284965,0.0333414929970304,0.048932695742521674,0.06705426016245179,0.02228558638615793,0.009029372191621457,0.018035828180478934,0.021236437655954104,0.015645753552899787,0.00957124890808363,0.014630957284379258,0.02530408967811206,0.016348413565024346,0.008433402857017533,0.01462343657267269,0.019747093417595504
2022-08-11,0.005926270642628073,-0.0015539408091642317,0.0032376214548666257,0.002879799923245982,0.013045285139439913,0.00039305083851940456,0.011568739291257128,0.014851619283634557,0.007112773058763381,-0.001554797676566137,0.003991831155859703,0.01032423038667747,0.004399118416346574,-0.003707139467937627,0.0017044253800163492,0.0016698577670919803,0.00537631166725103,-0.0006976655997913809,0.003316305494699254,0.0028099893049389185
2022-08-12,0.014869254887947707,0.015588009582423538,0.015119330109945869,0.014388573900963588,0.014118240519318504,0.01741349508796811,0.014502029011523206,0.029717619389547287,0.014744085826509507,0.015587369383037689,0.014949090390708537,0.012850535149459238,0.01363283616686956,0.016294349118487247,0.01395342073165269,0.0160543422026095,0.01503980406008101,0.01471010713424004,0.015164544627642277,0.014503557810088344
2022-08-13,,,,,0.007878268833164915,0.0002707061877541911,0.00744020029721919,0.020221245515300926,,,,,,,,,,,,
2022-08-14,,,,,-0.012942023802462375,-0.0034970561766316972,-0.011836666734372845,-0.008673903951322136,,,,,,,,,,,,
2022-08-15,0.004334572828434533,0.007648312668811514,0.005877110798418576,0.003035717622509698,-0.016734843725832005,-0.008422683802525435,-0.01657235190510482,-0.02017911259085594,0.0008230034027234432,0.007648537062403117,0.004023419997255669,0.0007693695047938009,0.0029332985178435324,0.008297344183896157,0.00460888589413082,0.002172468671651816,0.0038061934375729963,0.004235821956633193,0.004620765810854612,0.0030024446513798714
2022-08-16,0.0029590749949569154,0.014691414857693767,0.004931928082069529,-0.0010895178933764396,0.00209126616210481,-0.00899335579898396,0.001278931176775435,-0.0077638749916544535,0.002814440189481565,0.014692800467556453,0.00457012932172691,-0.0038921576317024562,0.002238783068680666,0.015442774784575173,0.004118071490060163,-0.0004393898899253011,0.0010164270119113986,0.011827232401401065,0.0023097818813570966,-0.0011068261415794849
2022-08-17,-0.008142599544448667,-0.007747025026182741,-0.008089934353285928,-0.010699099514950967,-0.006078541612463406,-0.022815063297292482,-0.008086544325973222,-0.025491709936595115,-0.007798589889117789,-0.0077497528113081564,-0.007863895836536952,-0.009109442052909127,-0.00757637542669179,-0.007406224002830682,-0.007431391782228437,-0.013300925766728134,-0.008293355752473712,-0.00809826580959639,-0.008297547681744682,-0.010753145377516735
2022-08-18,0.00399189397737818,-0.004471397008831849,0.0018080860985586634,0.006250810140359255,-0.01733787946437029,-0.005705404832209513,-0.016431137319699973,-0.016778436744856354,0.0004369317370867688,-0.0044735469218096634,0.0002473599281313639,0.0013678344148383532,0.004474302400896492,-0.004060943302521188,0.002391364266398239,0.011142302487331564,0.004288373855551187,-0.0032918396055817293,0.0023397491410153204,0.006137571980443349
2022-08-19,-0.008808503379777,-0.006250401355670624,-0.00846694551854909,-0.013724179938332928,-0.10808945972908332,-0.09707141605948816,-0.10658350343065429,-0.12941740760819587,-0.02535532943799472,-0.0062522060713192575,-0.01646768837585631,-0.026027595300433956,-0.006877094420767968,-0.0065264667015690146,-0.006778001458450621,-0.02228243522294213,-0.009627796668070503,-0.005505127474023029,-0.008592226335573529,-0.013693091239236108
2022-08-20,,,,,0.014368971101450911,0.014709884958776717,0.013487101461595524,-0.010384591440038749,,,,,,,,,,,,
2022-08-21,,,,,0.031694698941254096,0.01638564707019572,0.029941435875084885,0.02661580238142247,,,,,,,,,,,,
2022-08-22,-0.019339684380979445,-0.013818218697614945,-0.01802297473098114,-0.01996505698149339,0.021473569506181945,-0.006288160925619671,0.018432794456617295,0.00040491144559819375,-0.012537475399785888,-0.013819049602997794,-0.01475241475838349,-0.014388821025451113,-0.018901691689160977,-0.014298260627260154,-0.017846445248681713,-0.02311463548270725,-0.018375089567602802,-0.013569816749343306,-0.01712908362327582,-0.019816499338987263
2022-08-23,0.001979343342586874,-0.004900659166171457,-0.0005772977776427382,-0.0014054626664665698,0.014107231905767195,0.0063571147359687925,0.013711970862873783,0.015968158131770327,0.004000658103116928,-0.004899261027684439,0.0005855733712227128,-0.0010199262286835072,0.002550092080699687,-0.00559392227889207,-0.00043349260153398186,0.005340828582621073,0.0008367966246212542,-0.004628108004200098,-0.0012920695298247972,-0.001396985592323444
2022-08-24,0.002355895547515559,-0.0007860886450043877,0.0015453447185603255,-0.0006405321191315814,-0.007648736420349412,-0.0072252363827814275,-0.007875037888279137,-0.003942578688469736,0.0006884568862047307,-0.0007857367633605086,0.0007521303575910855,-0.0007290497892940669,0.0017347605037164734,-0.0013122312459735762,0.0007838962462544175,0.0023193984922619156,0.002957833574537947,-0.0014482660084051346,0.0020845252052979395,-0.0006364203677316099
2022-08-25,0.01385520701878383,0.008666133886663232,0.0124931389403782,0.024306347316207427,0.01094257699168686,0.009649730337771376,0.010996673696220786,0.023860500696952235,0.013369768680934337,0.008665678660217061,0.012224542894696482,0.021822807526426832,0.012880665829898389,0.008585227408455109,0.011631967697599659,0.0323946781018462,0.014539575828943356,0.009282453200057442,0.012924702861413171,0.02410319059632622
2022-08-26,-0.027690347312465235,-0.025276459113561633,-0.026107260188854314,-0.03522533279428673,-0.0780335941700781,-0.061850411507170217,-0.07689845947380117,-0.0928689066447603,-0.03608088845540071,-0.025280660130730596,-0.030259639563324486,-0.037484478959175824,-0.02497232511406255,-0.01772243112969106,-0.02294793494273578,-0.03841733127468554,-0.02926358966825723,-0.02519443484141965,-0.028000009167491534,-0.03531945747633629
2022-08-27,,,,,0.002179284569379869,-0.008613882120339356,0.00193500342922689,0.009145290234637712,,,,,,,,,,,,
2022-08-28,,,,,-0.03357306115173309,-0.021307344042491756,-0.03227858784329931,-0.045002942427017356,,,,,,,,,,,,
2022-08-29,-0.0038147275975503716,-0.007370614463418207,-0.004540938449421742,-0.010747292962380717,0.04925487420357118,0.03444781523848039,0.04840073342687298,0.07072659926328839,0.0050302060359698865,-0.007372700456117362,1.8095614755363892e-06,0.002333232282685928,-0.002942282436856186,-0.00892582988277488,-0.004023307042467355,-0.011615648068750047,-0.004707406299891259,-0.008200446277687014,-0.005284522515835163,-0.010762492137748637
2022-08-30,-0.01336454234573552,-0.008343938731869444,-0.011930042125927612,-0.015838224614156852,-0.0268941958202499,-0.02151120069520458,-0.02567882933479256,-0.012376342649348096,-0.015619484591487915,-0.008342358095524765,-0.013129787363972939,-0.014367944858752011,-0.014681928080957633,-0.010220956682752545,-0.013211891742494056,-0.02307063036272576,-0.01330546110308765,-0.009138776104902727,-0.01198651489244491,-0.015743459719480227
2022-08-31,-0.007346647125874834,-0.003466757564344985,-0.006482896960642688,-0.012233910643459175,0.0032082975179153817,0.010504966378702808,0.003720696813648846,0.00466421761347237,-0.005587489685243132,-0.0034660245417896304,-0.005619608976134971,-0.009066589873950016,-0.007182594989954589,-0.002830098265880458,-0.00604402517611935,-0.014669432009229644,-0.007803095224178732,-0.005096711730285908,-0.007232477354192831,-0.012251697030120717
2022-09-01,-0.0006877551969647987,0.01336993184813673,0.0027851104952031063,-0.0024851419213537916,0.024370637988418112,0.003388770547991235,0.022828118042290062,0.021625965015694613,0.003488643667265686,0.013369623083065038,0.004716275925955577,0.0063284085450959985,-0.0006522936681153133,0.01082550383013387,0.0023034479688030262,-0.0005063100423166669,-0.0008579889165311476,0.013479654843414133,0.002651748218539792,-0.0024851419213537916
2022-09-02,-0.009523452905370697,-0.012526819585594538,-0.01037934695256674,-0.010423817827180028,0.004941360554689911,-0.008009503174608003,0.004037064893508201,-0.006842901815139146,-0.007112650662027261,-0.012527228953973086,-0.009139459399840925,-0.010034929322547346,-0.009556633832119984,-0.01108253519554171,-0.009960074950803307,-0.00884718677062794,-0.01003210816875686,-0.012667121400538182,-0.010739670829816882,-0.010423817827180028
2022-09-03,,,,,0.002144406622791495,-0.005766830434772502,0.0018278747192008314,0.016114648699816894,,,,,,,,,,,,
2022-09-04,,,,,0.00946666488626442,0.007697791130783629,0.009748926555158837,0.026302561956752336,,,,,,,,,,,,
2022-09-05,,,,,0.03152178450939198,-0.008735654341330602,0.026982765134395008,0.03344286712856782,,,,,,,,,,,,
2022-09-06,-0.003960837321840622,-0.0033556737614593326,-0.003112098434074866,0.00963194863327153,-0.07116981905963582,-0.04812657562841929,-0.06847482323680164,-0.05981676887037107,-0.01516233427813982,-0.0033555973829407218,-0.00864252336456951,-0.005199610852047462,-0.002886025732026007,-0.004054014580251069,-0.0020383078221772703,0.007831638243238848,-0.004233422432543473,-0.00269664944690163,-0.0034123049900336294,0.00963194863327153
2022-09-07,0.015912572907354684,0.018051076337167855,0.0169202590992276,0.009166067100215084,0.05776727663863668,0.02353295879084198,0.054162082533816304,0.04384307171258373,0.02288835686256835,0.01805117008791874,0.020136009214678417,0.014331754386783309,0.01619924065085048,0.018048806705881194,0.017126844868574843,0.007119997662004839,0.015440364881255147,0.017072423774378533,0.01649855418193038,0.009166067100215084
2022-09-08,0.006066542642071269,0.003288379648730034,0.004832674665742151,0.008618899559229102,0.005849298003899805,0.0011861026234413485,0.005589201446548274,0.001142219538330376,0.0060303352023760234,0.0032888692322538696,0.0047950073910888805,0.004589411214445178,0.00583996069388381,0.0028677754571519035,0.004759558090915715,0.0066401954519369494,0.0045200025822867956,0.0033893158144270054,0.0033419672614451485,0.008618899559229102
2022-09-09,0.01464305635253413,0.010425137381112918,0.013755434115740102,0.01288156155922899,0.05861627705926811,0.10089479321369448,0.06081105423231455,0.05113726772080773,0.021971926470323123,0.010424999059223899,0.017486700584722358,0.01759541125086098,0.01350146672773743,0.011836887693264343,0.0129817614282538,0.012704173017743622,0.014450280610387327,0.010504170114056017,0.01349280006751205,0.01288156155922899
2022-09-10,,,,,0.01834220726446272,0.014429826669928827,0.018295247228030748,0.023981812669536633,,,,,,,,,,,,
2022-09-11,,,,,-0.011384277713285618,0.00313241526431681,-0.010343263587143122,-0.00848540205822132,,,,,,,,,,,,
2022-09-12,0.008484821861791864,0.013862658130926055,0.008890170032420801,0.0013322573038851212,-0.007453641423881053,0.02524713458191525,-0.005702878588010815,-0.01999436131144859,0.00582841131417971,0.013862987166902895,0.007668154322698734,0.000860167205217429,0.007827869041777128,0.01011831159193268,0.007691237296047455,0.002394280752857806,0.007860982863764023,0.011299919105734116,0.007939051842040867,0.0013322573038851212
2022-09-13,-0.040049309985713,-0.027062008003070435,-0.03767214239071578,-0.04103096316193458,-0.07111080127953137,-0.0889889819141456,-0.07151605602601888,-0.07044992909085668,-0.045226225201349404,-0.027062319802524406,-0.04033072657256176,-0.03901370591188895,-0.03826724179521982,-0.024376744212512732,-0.035667832866153486,-0.03877921895793341,-0.039101963600196646,-0.02624804492956935,-0.03696943648888221,-0.04103096316193458
2022-09-14,0.0031318623014507806,0.0005784478580984687,0.002810886388373404,-0.020477104736984737,0.02134357991808681,-0.0019143738888634182,0.019782653146039945,0.037334155607383325,0.006167148570890119,0.0005787733035679417,0.0042695685030408985,-0.005443143211330187,0.0032067159903745412,-0.0013335904868579233,0.0023993157175703182,-0.01808318198325334,0.002434536356599489,0.00033241435584125843,0.002901517425940014,-0.020477104736984737
2022-09-15,-0.0161715370948445,-0.007570769814851789,-0.015705110516613833,-0.015149016827353017,-0.04826521767813676,-0.025119581944912185,-0.04686264296763905,-0.07196598994567488,-0.021520483858726548,-0.007569548649610579,-0.018257175670053673,-0.02439582197178444,-0.016077867382304604,-0.008251932450191197,-0.015611063244976011,-0.01742215800021983,-0.014778463371639896,-0.006021480511582088,-0.014189471794959314,-0.015149016827353017
2022-09-16,-0.007247144972022487,0.0024361954739483714,-0.005379962869547283,0.0004087543081052012,0.013050713012939598,0.003401021565955661,0.012174443026896279,-0.01033088839043729,-0.0038641686411954733,0.0024371815423778133,-0.003790109674805675,-0.006592242107938652,-0.00750345307548614,0.002024661852381624,-0.005687659264198211,-0.005297418050721415,-0.005220655875158381,0.003232175360498144,-0.0032331357216375074,0.0004087543081052012
2022-09-17,,,,,0.031041752444428392,0.017827239986933748,0.030261463010306612,0.024953029687724053,,,,,,,,,,,,
2022-09-18,,,,,-0.07844006705083154,-0.034250074914111875,-0.07476879782102477,-0.09337107184411025,,,,,,,,,,,,
2022-09-19,0.0062365945726796865,0.002834655922690356,0.005823143619782697,0.0039058111528206462,0.022050621841714125,0.005280875881911798,0.020884309589557996,0.024309108573328315,0.008872265784185426,0.002834480352812014,0.007072278517754577,0.005335484044047213,0.006466496083971995,0.002998715323083665,0.006154759968878188,0.005297340520498861,0.005568776809709604,0.0016709956021521684,0.005123747467086002,0.0039058111528206462
2022-09-20,-0.015572445225681552,-0.013227040796740827,-0.01584194500493086,-0.01988618224865404,0.00012092982397091546,-0.031668936890172125,-0.002207003296018647,-0.0336144820610184,-0.012956882717406139,-0.013226489173964327,-0.014525404268027384,-0.0212788080902835,-0.015613787803019485,-0.012248966892872868,-0.015892846163582303,-0.019996464742734837,-0.014805570353953553,-0.011946601468278575,-0.015002704902824359,-0.01988618224865404
2022-09-21,-0.01695516019963178,-0.0109575615878122,-0.016446905266643157,-0.013539601800967055,-0.03912727626748656,-0.017516245633197498,-0.03709870971712898,-0.0315997552034767,-0.02065051287760758,-0.01095787931482687,-0.018253584504487705,-0.017477710690645187,-0.016060165474443784,-0.009393826914120409,-0.015385111653893394,-0.014040671587779378,-0.01619794817832684,-0.01104063110483194,-0.016032072871605244,-0.013539601800967055
2022-09-22,-0.009265739650809662,0.0018932006872214551,-0.00715309215602698,-0.011815942024375529,0.06731721632356923,0.044568647931694,0.06592798610950107,0.04813558508367875,0.0034980863449201502,0.0018939729489018825,-0.0007608783049855224,-0.0020314062073383543,-0.009521561312546308,0.0014731616499385298,-0.007385909798026183,-0.013358105683848473,-0.010077227736151877,0.00370183207318542,-0.007332544595754458,-0.011815942024375529
2022-09-23,-0.022218416288988616,-0.01572709288401382,-0.019907424751112623,-0.013824224436810448,0.011085161822327872,-0.0052968319398451974,0.010169264104254252,0.0038668694862266937,-0.016667819937102528,-0.015726564875951834,-0.017276535758872398,-0.010571194655743157,-0.021986209101603954,-0.016981191107439376,-0.019949693211205044,-0.016060380897583344,-0.020797739689227903,-0.014161306901677292,-0.018478962535201496,-0.013824224436810448
2022-09-24,,,,,-0.021096523709983696,-0.018007480094644288,-0.02080214990819145,-0.01346424902005354,,,,,,,,,,,,
2022-09-25,,,,,-0.013323073667573295,-0.006773901277718217,-0.012726524051750003,-0.015115260645888383,,,,,,,,,,,,
2022-09-26,-0.016062688619373502,-0.006318623255632824,-0.014750824327782982,-0.016234175884396122,0.0026776526631443363,0.02048477626385978,0.003807924820248474,0.016259169640693356,-0.012939298405620529,-0.0063184695322624,-0.013294915041246361,-0.012255114547698877,-0.01535466223442287,-0.004940697817909097,-0.014033269521000438,-0.015965398129535346,-0.01626286933385809,-0.007230812338165716,-0.015358634951236303,-0.016234175884396122
2022-09-27,-0.00366578905075212,-0.0026574399451673014,-0.004381643589027213,0.005685168411285481,-0.01530393045398919,-0.005571890563449716,-0.014492735466750058,-0.007484026555815981,-0.005605479284624965,-0.0026581133042855114,-0.0053686719865057774,0.0028025995346170358,-0.0034031845150040234,-0.0034711256195584113,-0.004096366581335307,0.007059051865268043,-0.003984837255928873,-0.0036667681467078797,-0.004998094677884134,0.005685168411285481
2022-09-28,0.021300718433708198,0.02155669543781763,0.020718922101886392,0.020227140944661742,-0.0012962799289126916,0.015547086256112494,-5.4959339545509155e-05,-0.0034992136289047535,0.017534552039938048,0.02155728504867314,0.01886605659620496,0.015667945349569563,0.020304817066545695,0.0219099990153557,0.020034149482683228,0.020410326371516123,0.021463333778055434,0.02102849423947618,0.020845285916626557,0.020227140944661742
2022-09-29,-0.01986572482765666,-0.012366924592596935,-0.019618924399719045,-0.015886056468849608,0.026085138651090946,0.008763712122627174,0.024682038792588363,0.0007484546259522487,-0.012207247581198729,-0.012365771288226612,-0.015819387982890058,-0.010285689446197739,-0.020172482666027496,-0.010900240166369262,-0.019672331565245584,-0.013875293268847629,-0.02012902230494389,-0.012149882138232097,-0.019644564956010795,-0.015886056468849608
2022-09-30,-0.01486629063304761,-0.01699501538046933,-0.015121753368424595,-0.0097434235575357,-0.004491731472247418,-0.006703092677991763,-0.004640639397329694,-0.006576914416858114,-0.013137197439580911,-0.01699517472057401,-0.014252274620561313,-0.01171749543119699,-0.013570650134118917,-0.01427991500062184,-0.013345638929961753,-0.011260958325131326,-0.014904466497452643,-0.01882618347589189,-0.01565153414399527,-0.0097434235575357
2022-10-01,,,,,0.0008534505682332933,-0.006384616673779447,-1.5194272223368905e-05,-0.010381937206054636,,,,,,,,,,,,
2022-10-02,,,,,-0.025340823712240203,-0.012147594712149087,-0.02412759135560668,-0.025086345959790333,,,,,,,,,,,,
2022-10-03,0.0321847780436476,0.023344433820698094,0.030370908173608928,0.03247571461695535,0.021773819619997272,0.02858009802034569,0.022321523564487022,0.027192934792990668,0.03044961830637255,0.0233420662692465,0.029557603855133424,0.02665525140480237,0.031450327893304236,0.020867114357557965,0.029138515242285883,0.02484879542126861,0.032218746846913116,0.024221302375435145,0.030486168962183674,0.03247571461695535
2022-10-04,0.02965210942898404,0.02171195645140901,0.027520892656909712,0.02970226825257396,0.024596952998144017,0.03455868263322071,0.02519362892442682,0.022816089001668306,0.028809583357177367,0.021705357536642298,0.027207935530185287,0.025653670555729334,0.029993071212812198,0.022160419703158747,0.027887816638793278,0.025437645643304987,0.029728363107825423,0.020986067090054055,0.02748394411866143,0.02970226825257396
2022-10-05,-0.0032365855896064853,-0.004094279995840082,-0.004505722946961006,0.0017331304892091982,-0.004256612742547317,-0.007788966096764841,-0.004335067954267777,-0.00871490432894757,-0.0034065901150966238,-0.004091801921849349,-0.004569137210740965,0.0018199423882275443,-0.0016633224713050935,-0.004490060665792974,-0.0031223789813528136,0.001018767171883957,-0.003516379729692676,-0.0036317266650481785,-0.004439473714599945,0.0017331304892091982
2022-10-06,-0.01145048446669094,-0.008592749997376718,-0.01193742854997035,-0.012798454959874136,-0.006072386991168044,-0.008843064808364333,-0.006043579101525481,-0.002280022117747205,-0.010554134887437125,-0.008586033598265774,-0.011636954577357535,-0.01047456603723245,-0.011885296789619498,-0.009813060754274386,-0.012706515316754579,-0.014333419554221745,-0.011443582425649003,-0.010478140654853158,-0.012457653248164887,-0.012798454959874136
2022-10-07,-0.02349631739433913,-0.018577602648567,-0.022647324809615434,-0.0215682942734085,-0.0041997237012902245,-0.019134893356383926,-0.004888029397465429,-0.012021408430522965,-0.020280218445497645,-0.018576536049141053,-0.020904823934209785,-0.015315534151756089,-0.022581119006929076,-0.018386846234864154,-0.02194576290896215,-0.020300764020298293,-0.025146094727463167,-0.018695393642513013,-0.02420587316075068,-0.0215682942734085
2022-10-08,,,,,-0.0031627007461755173,-0.006679126411073804,-0.0033535010732000424,-0.010329734529720858,,,,,,,,,,,,
2022-10-09,,,,,0.010305532644744564,0.001889436663872807,0.009873474274637835,0.0038962450924531437,,,,,,,,,,,,
2022-10-10,-0.0056979257390414656,0.0032768228437192225,-0.003939233844524355,-0.0023166647767369013,-0.04378364997925047,-0.013816444136192332,-0.04064510047077595,-0.04327774069347387,-0.012045546445742966,0.0032709907727641392,-0.00704642070865228,-0.01195129291487606,-0.006572520863772981,0.0043289323659274955,-0.004271265592004051,-0.0030445241170814446,-0.0064128483592414695,0.0017488854833961937,-0.004833282358048036,-0.0023166647767369013
2022-10-11,-0.003330502897853405,0.008596683517296304,-0.0010776018897503308,0.010337214839047943,-0.01811325390537241,-0.005922639437945221,-0.017560338866701775,-0.018934424786643866,-0.005794294732439904,0.008596406087356465,-0.0023693246622046803,0.006757768819921053,-0.003733540385992799,0.011349876607084758,-0.0007059316909487036,0.00938364850103011,-0.004253839925997493,0.008689314476602553,-0.0023552769181447502,0.010337214839047943
2022-10-12,-0.005622661763774912,-0.004945679156339388,-0.006681012553010514,-0.008668961440865946,0.001758861079176266,0.005300577872150501,0.0020222846245320407,-0.005036736151421661,-0.0043924079566163825,-0.004935699740280332,-0.006029214391198596,-0.004493053779809063,-0.006094514533328696,-0.0058869088778198755,-0.0072669926298504425,-0.010133136071231865,-0.006086568087932176,-0.004678728557940594,-0.007049924786629106,-0.008668961440865946
2022-10-13,0.02967841986663329,0.018325116464578312,0.027074880355029474,0.027888256308143056,-0.016872170705753243,0.00973451803424885,-0.014997898969260084,-0.010294633596146829,0.02191998810456887,0.018314561516807607,0.02352044598854458,0.0190944836286825,0.02922363078913325,0.016630025111702258,0.02618890006581133,0.02337856058264763,0.029208736414705706,0.019598203115623918,0.0268275871056474,0.027888256308143056
2022-10-14,-0.01841214369489535,-0.009805624681557726,-0.016790324836560927,-0.018592426381638445,0.002402632020752704,-0.005278117001042189,0.002471456106215897,-0.008317011535576818,-0.014943014408954002,-0.009808036223172526,-0.015020009506919155,-0.006655331381149963,-0.01750255257202782,-0.010663621724818426,-0.016224120119018647,-0.017823604577520396,-0.01938034443134963,-0.009557974754828964,-0.017600445911872892,-0.018592426381638445
2022-10-15,,,,,-0.007131151020167648,-0.008420292807718078,-0.007978996635188215,-0.013523681926890926,,,,,,,,,,,,
2022-10-16,,,,,0.011621146466186618,0.009626049878443598,0.01161395925374999,0.020344348335218664,,,,,,,,,,,,
2022-10-17,0.020060602583880396,0.01076619347701864,0.0190149645078579,0.022749589075060212,0.01184697635550842,0.014584456412080594,0.011953155879853385,0.014349328689700527,0.018691664879151734,0.010765809120601688,0.018390753490755026,0.01912014371919752,0.019818853960468803,0.011461615029778022,0.01902935966380275,0.024263539118108,0.020981483892273556,0.01085931127354254,0.020073563557126056,0.022749589075060212
2022-10-18,0.011945856181977306,0.013321975159853484,0.012224714476195223,0.00872434214807896,-0.015818455509828577,-0.010799307874270818,-0.015413596814797998,-0.021641230767243808,0.007318470900009658,0.013321730803942639,0.009903848517867079,0.0027914508664855084,0.012135482130219474,0.013659983159017869,0.0123673113876485,0.009585181010126186,0.011559823588121394,0.012705589759837835,0.011630421386885872,0.00872434214807896
2022-10-19,-0.00776157460082436,-0.010191397005350752,-0.009198770572344056,-0.009696996476222443,-0.02432465924149701,-0.00975525668804715,-0.02297795778650636,-0.02756555014549415,-0.010522088707603133,-0.010190582810819991,-0.010485751756568643,-0.013883499410914615,-0.008083257774328036,-0.010424504514128062,-0.009923961238790127,-0.010135660214820038,-0.008245558504738466,-0.010430313630449153,-0.009740106644167332,-0.009696996476222443
2022-10-20,-0.004160841489002483,0.0008785002130805504,-0.004031540285489561,0.005342572227594918,-0.0026196105162688108,-0.0035201519951361202,-0.0027529763100627978,-0.016428907087871432,-0.0039039696602135372,0.0008815941622512854,-0.003989282837173951,-0.0012340530111202893,-0.003568802098622527,0.001944492914690936,-0.0029861871513248497,0.0039969219527260765,-0.0023636023516684255,0.0012308653302849503,-0.002111935704374536,0.005342572227594918
2022-10-21,0.023757129279621488,0.02243922071778058,0.022136182598225203,0.029263896155004392,0.013255302797449076,0.004962163725979365,0.012483213591228157,0.018935947672394628,0.022006824865926082,0.022437124819796705,0.021276431739481245,0.024113776054148578,0.022710967295385992,0.021135160846188765,0.02098844215951677,0.018887933485662204,0.023183159326961182,0.0225402442227755,0.021930767344823257,0.029263896155004392
2022-10-22,,,,,0.01085435584045934,0.0016764059874582098,0.010010805035230151,0.013347975008169359,,,,,,,,,,,,
2022-10-23,,,,,0.019051152137463646,0.01743672318787352,0.01916260141671299,0.030681225300534333,,,,,,,,,,,,
2022-10-24,0.008125459137320448,0.012973128199042925,0.008911597621556373,0.013263406533968278,-0.020039312732326498,-0.011064928801277832,-0.019220333714533404,-0.014530040175269338,0.0034313304923792886,0.012978241686933113,0.006559133944888123,0.007262085320386434,0.009729866170195849,0.013500269610717916,0.01072215499888043,0.01187095966617758,0.007565553001191,0.014230363036560556,0.00857890790004914,0.013263406533968278
2022-10-25,0.01680246788305665,0.008276079982154724,0.01587542763098824,0.009974559008409989,0.053188844301937294,0.03695625783500959,0.05249694945519871,0.10271686005252777,0.022866863952870083,0.008279526657372424,0.01883013494808071,0.016086802476108976,0.01634900765113723,0.00913780688822175,0.015578803053008546,0.013180965315886922,0.017544459692484964,0.008046109843046507,0.016708736928684704,0.009974559008409989
2022-10-26,0.004962875049564561,0.011840951368941633,0.0064109502553694655,0.005767334088899923,0.02339555418738111,0.03211944866079143,0.024193696386811535,0.03611853207735445,0.008034988239200652,0.01183966412512426,0.008012684743974664,0.014831108378208571,0.004868384429506693,0.01133564700042871,0.006426783615477799,0.0037818488595616866,0.006702140158028811,0.012798145817888058,0.008229203307666473,0.005767334088899923
2022-10-27,-0.00014844107300958462,-0.0011553621184243552,-0.000582759337128862,0.003109560821870537,-0.021055507328959756,-0.021969720803427968,-0.021309777183131557,-0.03380940075053675,-0.0036329521156679458,-0.0011565141026478659,-0.0022580420064060693,-0.0030171133790638837,-0.0013428945320663002,-0.001854174202150728,-0.0018058953625654463,0.0035391661216007207,0.0004346261061231725,-0.0006532874618175778,-0.00010862591036395387,0.003109560821870537
2022-10-28,0.02428404944569426,0.021639397152697186,0.024853463358047945,-7.535458158470718e-05,0.020022714690651533,0.014752991224390477,0.01968008366935502,0.03309340370767554,0.023573826986520472,0.02163795256396594,0.0244092735075063,-0.005821474537510056,0.026963945581590557,0.031180499695108534,0.029318865344867495,0.010324438813326921,0.024245055944776855,0.015395661512799814,0.024731513789441807,-7.535458158470718e-05
2022-10-29,,,,,0.01645220704709567,0.010740313821312028,0.01658404849255231,0.03645234186353456,,,,,,,,,,,,
2022-10-30,,,,,-0.02340182217984157,-0.009413554809463102,-0.022313103021528356,-0.028002241304988667,,,,,,,,,,,,
2022-10-31,-0.0075744002645192834,-0.0083096188040598,-0.008083939956985477,-0.009166552307358052,0.0012976892075733612,-0.0059770467590616145,0.0005868451708372193,-0.005625323737020054,-0.006095718685837175,-0.00831057712775414,-0.007222028156137274,-0.006950313120597229,-0.00671952584941112,-0.007131558929536562,-0.007123099237163168,-0.007259688883799598,-0.00788858253103541,-0.009025774086407508,-0.008129649647769192,-0.009166552307358052
2022-11-01,0.0023824155053552665,-0.003535198230734777,0.001202759716578795,0.00642789712374539,-0.004912792959008128,-0.0011445595870600437,-0.004576463373713913,-0.0024293011895647164,0.0011665474279613666,-0.0035355472820398737,0.0007259521328868904,0.004227840740854144,0.0014493222541221058,-0.002880538791914867,0.00043455124625466437,0.005635260120394241,0.0023279592414074263,-0.004306754125210661,0.0009736519238980228,0.006390276516810134
2022-11-02,-0.01718405492843421,-0.01774691885733856,-0.017654512861082022,-0.033140449327094826,-0.014486227815160459,-0.016255540716595695,-0.014155800637331298,-0.0379220489450643,-0.01673441707622192,-0.01774679084068434,-0.01728371858586531,-0.03479400882213882,-0.016291832775667755,-0.017877217946736714,-0.017111115607774792,-0.030260786721774978,-0.018005378901699745,-0.017315652617199428,-0.018221842087402122,-0.033130069752568256
2022-11-03,-0.0024372190071154636,-0.0069611538549805285,-0.004286055614591681,-0.0030416191922951388,0.015883857574179074,0.002608483302625761,0.014606577690504757,0.009267986592223314,0.0006162937564336249,-0.0069609152907091475,-0.002491117841119001,0.0004444455978131637,-0.0014541440296287488,-0.004119431110757264,-0.0030270003660752922,-0.0024657634278237714,-0.002194604746558077,-0.0084050548412231,-0.004409790330174334,-0.0031436971351400675
2022-11-04,0.01858260290394176,0.015101132633171019,0.017375913317356162,0.016661656405085733,0.0685059505372958,0.045107238760655956,0.06723399586888723,0.07627797072692696,0.026903160842834097,0.015099650547052075,0.02149436540083913,0.02169887837234593,0.01740989108455726,0.012671526290717274,0.015538976785789891,0.016967906462768308,0.02098022928312486,0.015353001748263897,0.020337327942938188,0.016636747469745434
2022-11-05,,,,,-0.00020999726714571176,0.005628071480566585,0.00014680858973604386,-0.0005848536523439815,,,,,,,,,,,,
2022-11-06,,,,,-0.03910438366190773,-0.0164275519322282,-0.037240893635328925,-0.04256313923695346,,,,,,,,,,,,
2022-11-07,0.007644605369874351,0.009439844289974332,0.006685494535177739,0.009783288454385784,0.00012663336940262851,-0.014777855430929566,-0.0010590910017476644,-8.611446258948363e-05,0.006391610036462399,0.009439841463115824,0.005921430258054892,0.008609774421722787,0.0064615679519857035,0.008372623099872013,0.005508520357485103,0.010066951342285873,0.00748213851378408,0.009099125745131302,0.00649250495073007,0.009809902115738777
2022-11-08,0.006914344387095319,0.005640492516549693,0.006668277712145584,0.010341399585806816,-0.1167796687963813,-0.09627292004221773,-0.115123581346323,-0.12146655760263775,-0.013701324476817447,0.005638566038811659,-0.00375373209740721,-0.011513416154901306,0.004701071625636892,0.0002611010792317207,0.0026718522857288787,0.010606717663398655,0.008766458730504113,0.006742948727806607,0.009376010802295075,0.01030953535522292
2022-11-09,-0.021407365719258106,-0.010788533355977846,-0.018455500183079235,-0.018547359826605207,-0.14533737478270542,-0.13874730133586835,-0.1445547799159006,-0.1613040503623944,-0.04206236722983267,-0.010789028062123025,-0.029196191670559694,-0.03889956151423313,-0.020338837660754613,-0.009095812481537012,-0.017748680349480857,-0.016230071585421516,-0.022983490689447564,-0.010684225915324475,-0.01982474255446729,-0.018582495244772
2022-11-10,0.0495644501631361,0.029307205872168243,0.04662997035746432,0.044481828222638534,0.15718182435819014,0.10488391424105767,0.15378177923772657,0.17184139504778995,0.06750067919564509,0.029308889702941092,0.05561589787326113,0.058090380683667585,0.04657989050751635,0.028767307158877715,0.04397297678423878,0.04490489345799352,0.049568513519302526,0.03000145342415162,0.04661816520413525,0.0445344946316366
2022-11-11,0.011668351522039638,-0.0006580152149851084,0.008541231699257351,-0.0011217101678112683,-0.017450224027057117,-0.03147561134116691,-0.018317946389122645,-0.02123838564120351,0.0068152555971901785,-0.0006559247721067613,0.0060629927728380025,-0.004714177918586661,0.013049268939838238,0.003439104367992122,0.010680185299757618,-0.001118840914270843,0.010942370844809816,-0.001077700476204254,0.007883600612367926,-0.0010614665275641814
2022-11-12,,,,,-0.031724200843263994,-0.01403515503648628,-0.030378403504783748,-0.03235938350085574,,,,,,,,,,,,
2022-11-13,,,,,-0.03424062873727751,-0.03065003741646566,-0.03467493737835792,-0.027636688918302052,,,,,,,,,,,,
2022-11-14,-0.008784826109372682,-0.005643000936934165,-0.008629484376027813,0.0050319658542306005,0.023508344251123928,0.013460107155393655,0.022208967883528163,0.01159041986329977,-0.003402631049289913,-0.005642504719420439,-0.005950444953268931,0.0057147389592153725,-0.008701377918550936,-0.004978230028521195,-0.008510748783646166,0.0058665371988347115,-0.006535110398894693,-0.0044711479499639295,-0.006197325263926584,0.005021911502096214
2022-11-15,0.009768660956136386,0.011448075500992066,0.009407471924513567,0.0073045612273261885,0.01477058664012685,0.015604154192937515,0.014864968233516296,0.010965803582558194,0.010602315236801461,0.011448296604853987,0.009795104166179633,0.007097262303759936,0.009056009341432752,0.008827475168889275,0.008747099710379796,0.0077071966355064985,0.008749865583701576,0.008341193546388301,0.007729635707720871,0.00733743631362299
2022-11-16,-0.010351341361087306,-0.0009544665361181006,-0.0075974267609726365,-0.010937286323615819,-0.018455154464827005,-0.01243035659043074,-0.018004801199828894,-0.022848168578639583,-0.011701976878377252,-0.000955636708043269,-0.008390386302937446,-0.011245802517899129,-0.010970418268836523,-0.003343959636852871,-0.008371427118051493,-0.01120041853592477,-0.010375104412633306,-0.0013760832969778925,-0.007829782485723464,-0.010967449701573298
2022-11-17,-0.0023031547499413737,0.00011711641570194835,-0.0023910250002109707,0.001244169672558458,0.005198850055400295,0.0007098401871058676,0.005196953094777203,-0.01591412309597819,-0.0010528206157177627,0.00011721659992739689,-0.001728871250671627,-0.0011721459931816943,-0.0024738100400450605,0.0007412839879440797,-0.0025455046676081242,0.001163852061929148,-0.0019955159717982983,0.0006990364793147603,-0.002032846340699359,0.001210019308552209
2022-11-18,0.005043184604821627,0.010551084870832289,0.006222861357345296,0.008268816937980867,0.002262774809897816,0.0016380602811529078,0.0024689866732413458,0.0071686726853775065,0.004579782972334325,0.010551014736603963,0.00597765594772705,0.0099808900911282,0.004483611276531528,0.007721721107500589,0.005258321140761059,0.008596915873837676,0.0048111070959429535,0.01135297575796657,0.006223887635797105,0.008358991363627007
2022-11-19,,,,,0.007957564572855102,0.0033190870338011434,0.008051999093879344,0.006095393225999309,,,,,,,,,,,,
2022-11-20,,,,,-0.04097185663900473,-0.026474718935998162,-0.0403530200985721,-0.05722460844829245,,,,,,,,,,,,
2022-11-21,0.0008225379434163568,0.005365502066221684,0.001888056535542837,0.01629704739978834,-0.013766519939743083,-0.025894808994158795,-0.014159582436919787,-0.026017335192245604,-0.0016089717037768825,0.005366284497276028,0.0006626114221745059,0.012730235823785118,0.0012778465609495993,0.0057438604815896604,0.0021543747345332312,0.016036389539542666,0.0016083337769862839,0.006077194433776352,0.0026813436241078263,0.01632144034480717
2022-11-22,0.014802864627182204,0.011608429216986564,0.013671667412849907,0.019358963531530507,0.038187652041588735,0.02195488873126004,0.037165926599268755,0.023265176346351692,0.01870032919624996,0.011608348132687706,0.015601079281121862,0.016590900653342462,0.015163390873597374,0.011789056673382583,0.014352027909977038,0.019352523720445214,0.014982586057640603,0.011727372307197122,0.013746415448793074,0.019391198219147587
2022-11-23,0.0033861557980510854,0.002614032168832818,0.003953001440497111,-0.0042927418478936425,0.046008196482222014,0.025649556789006947,0.04447804596396873,0.035770526545740956,0.010489829245412904,0.002614519099588925,0.007393473977294849,0.004774639986800094,0.003970262905761699,0.002550115342022274,0.004643198030608998,-0.0019737158145143744,0.0034788549873102904,0.0021251970602200955,0.0038179686178807324,-0.004315766490675934
2022-11-24,,,,,0.01047953732323903,0.0015903330182691132,0.010295257819314226,0.008191916161636805,,,,,,,,,,,,
2022-11-25,0.0007421905149644114,0.0016024635216122709,0.0010730105883882616,-0.0004418170979134531,-0.006553732974283944,-0.004433397057899675,-0.006773081470153022,-0.004302869252224576,-0.0004737967332436477,0.001602345470586125,0.0005036830666778591,-0.0002241229480903516,0.0006635102507467142,0.002794757289957671,0.0011365135565869777,-0.00036522918597852393,0.0008155912144666701,0.0011778927494904194,0.0010514198524889436,-0.0004826422665106339
2022-11-26,,,,,-0.003913906244352328,-0.003455203256222424,-0.003557590256848614,0.0015124460140353935,,,,,,,,,,,,
2022-11-27,,,,,-0.0016151355296764704,-0.000350788991272748,-0.0015671478086992608,-0.006599018623647717,,,,,,,,,,,,
2022-11-28,-0.018420829031751164,-0.010546079482341686,-0.016906105013737727,-0.01529165951740303,-0.017932822384435165,-0.012957428461135416,-0.017426727948982722,-0.01975529057458081,-0.018339494590531833,-0.010544966217587413,-0.016940721884347493,-0.015557307658062793,-0.018759595436360438,-0.012859568249249628,-0.017383904202838966,-0.014347119628735633,-0.01929591963644646,-0.010051437332303584,-0.017796999063532944,-0.015268708172496946
2022-11-29,0.004199710872548122,0.00471176199880551,0.00380039865168678,-0.0017415556584307536,0.016379010998877487,0.013280199135021898,0.016466621705453342,0.02664874390995882,0.006229594226936348,0.004712911853686234,0.0049042141900912314,0.0035967926810436647,0.004003203892024364,0.005087194082579022,0.003571541026706291,-0.0026719171526769048,0.0037205302944026287,0.004283892089623147,0.0036442809796081777,-0.001780023940093398
2022-11-30,0.023794226081712402,0.01704604401608574,0.023449551727995045,0.025984145769892036,0.034122282916634196,0.042315056648605846,0.03486266762181864,0.050415653598232926,0.0255155688875327,0.017047523093311485,0.02422853610904717,0.025930829612320565,0.02355395908359492,0.01667556246696794,0.023223319173154035,0.02825012995535462,0.024572106366649638,0.01729261642699162,0.02420252043866409,0.02595835811652228
2022-12-01,-0.0002670937734517387,0.00402148293853496,0.0006369424420198219,0.0016141997476547983,-0.020102116542736657,-0.011433595530966768,-0.01936127833662226,-0.014753166775587221,-0.0035729309016658923,0.004020000375219146,-0.001138347242974684,-0.0018110625956049647,-0.0008961436185936214,0.0031074295191141042,0.00015020377008968517,0.0007555645704837877,-0.0002625668825850489,0.003678798788714863,0.0005399965815968819,0.001689644597551615
2022-12-02,0.0015015822510261341,0.005732163155289795,0.0018124733793740246,0.012362166723810776,0.00869650707204106,0.00694785899550042,0.008592282948813892,0.014002568629786716,0.0027007363878619557,0.0057309312555838526,0.002365649836072339,0.012474938952415134,0.0018596486467755858,0.006680247665776602,0.0024697619278757636,0.013691891165260007,0.0013265877300905318,0.005721636184029067,0.0015784243691539994,0.012350975874538232
2022-12-03,,,,,-0.019275456071140586,-0.01092639077446975,-0.018789226793961503,-0.022786045880177762,,,,,,,,,,,,
2022-12-04,,,,,0.011134860482354781,0.011084405461593486,0.01108785545396651,0.01987053941988568,,,,,,,,,,,,
2022-12-05,-0.017223212605578297,-0.011420985392625779,-0.01623382935394898,-0.00912196684918903,-0.00187915914782929,-0.008012235220237302,-0.0021536383392744976,-0.012501180694522433,-0.014665870362620126,-0.011421244144256411,-0.014981490980947643,-0.008092667225631981,-0.017692983432243625,-0.011747948514798675,-0.016519900150593472,-0.008602961150272188,-0.016532060929707076,-0.010618889426256335,-0.015540276313673638,-0.00861119013413065
2022-12-06,-0.012347909290148163,-0.008812037836537464,-0.01100302856842669,-0.003867683735564788,0.0064333272466877145,0.006750129600436478,0.00621124746850804,0.004392614087341557,-0.009217703200675515,-0.00881065644076082,-0.009342110790065049,-0.0014175779767802692,-0.012463176235971745,-0.01114365994698745,-0.01198653175274369,-0.0012293292860824662,-0.011753162922373168,-0.007937636775844633,-0.010072169514537838,-0.003909842571213261
2022-12-07,-0.0011825738283450572,0.003347040422761712,-0.0002645449829907232,0.0009594068007446263,-0.01939734123673914,-0.013757015515747173,-0.01939852329461832,-0.028436445538588755,-0.004218368396410738,0.0033479006544055072,-0.0017790470376563437,-0.0027327412752995656,-0.0011182230651424735,0.0015866565067989057,-0.0004844060220030189,0.0010117828085999272,0.00022288012722390698,0.004773631867391752,0.0012784751746147298,0.0014206105631417816
2022-12-08,0.007090693516795499,0.005490305786776943,0.006832727308292985,0.010822916183493712,0.021648162393384764,0.02317658135305521,0.022033141720314293,0.028904846173970128,0.009516938329560375,0.005490988876299459,0.008088894523323852,0.013306768502165039,0.005795485161974329,0.006875725945422877,0.0059753696400842065,0.003943996036539917,0.006690027431487457,0.004406003922879783,0.006085829494169458,0.01023404906772553
2022-12-09,-0.010230167262818928,-0.01481328195550782,-0.01018244581253492,-0.018008523320545266,-0.005385923408072269,-0.004977419162142439,-0.005770151622243749,-0.010807754236551581,-0.00942279328702782,-0.014812233272501184,-0.009772256546868745,-0.01577980413123203,-0.008624816090728293,-0.013678696968347896,-0.00886460884237216,-0.018322069331780128,-0.010019274947703136,-0.014154869219472998,-0.010035362887085317,-0.01804205287645966
2022-12-10,,,,,-0.00041431654895387473,7.484246487360211e-06,-0.0003157487088325913,0.0021131570748952576,,,,,,,,,,,,
2022-12-11,,,,,-0.012363960479477368,-0.0027670341605679676,-0.011547485389797805,-0.008119965228798164,,,,,,,,,,,,
2022-12-12,0.01662403157485824,0.009833469983383752,0.01525964100397309,0.013478923043491915,-0.0025423718663757037,0.004607895580112577,-0.0018264265475839067,0.002517071841965162,0.013429631001319248,0.00983447454473722,0.013767921418257369,0.009971704059879901,0.015320175591273928,0.009568764204248069,0.014160132022324998,0.011266405983703208,0.016454602132968957,0.009672689949079764,0.015207774338922689,0.013758075200650319
2022-12-13,0.008769632273229216,0.004236330294183972,0.007787508682481825,0.004049405011643105,0.022912054945997573,0.031865743366943346,0.023329032294265674,0.028960706439196203,0.01112670271869061,0.004236167974363407,0.009054410742509815,0.007054073931018635,0.007877756186331441,0.00420268633201463,0.0071315209698501365,0.00041961156226433087,0.007856513701895334,0.004544293308592312,0.006982514047817411,0.003838445401769584
2022-12-14,-0.008793645194072684,-0.0009058460152139109,-0.007488660028737428,-0.003820954480017849,-0.010998918446365035,0.003923431451971192,-0.009694896472138673,-0.010257878566019058,-0.00916119073612141,-0.0009062041036655424,-0.007657692267758946,-0.0030477712633894213,-0.008004877832852059,-0.0011685131056234158,-0.006768377324654809,-0.0005649207461318761,-0.007741065133534866,-0.0006449786302507325,-0.006395472972963472,-0.003968184236446231
2022-12-15,-0.02158506981452662,-0.01775451340986798,-0.020821104570431653,-0.03422491895332368,-0.023407715499227398,-0.02268293147110696,-0.02321739908729184,-0.02868642673793244,-0.02188884409531009,-0.017754570613761456,-0.02085092758700079,-0.029361998273219985,-0.019413252824324677,-0.0180263772502193,-0.018912746453075294,-0.029688702816666374,-0.022736362253135956,-0.01755925852742847,-0.02169143562941992,-0.033849988032933445
2022-12-16,-0.009499489174056306,-0.007966859867952154,-0.00901005820328249,-0.01070206678578568,-0.08042107349128047,-0.042199911190307415,-0.0777652492556298,-0.09426859218644112,-0.021319753226927002,-0.007968906981272597,-0.014945662729572125,-0.023177916396581268,-0.009772471676933653,-0.008292666724231047,-0.009332695219591618,-0.00830336339470548,-0.00976175815447919,-0.008206073214710818,-0.009067694764310947,-0.011388283024968714
2022-12-17,,,,,0.014197022017520213,0.01149341269836002,0.014041379046893659,0.015461116917961423,,,,,,,,,,,,
2022-12-18,,,,,-0.006549228491721327,-0.0038954133262616934,-0.006420415666209176,-0.0037663237289329446,,,,,,,,,,,,
2022-12-19,-0.006694591923182897,-0.0023648733710092225,-0.006658674104077791,-0.0036235956433955077,-0.030900155037951894,-0.017446114830806048,-0.029432288388209812,-0.02890707983033857,-0.010728852442311063,-0.002366034674089857,-0.008508853673487296,-0.005069904138794608,-0.005659945709009403,-0.0032285950047219267,-0.005856770789218219,-0.0020100648125393836,-0.007274243803368856,-0.002090594973338347,-0.007255689684715464,-0.003237315788133919
2022-12-20,0.0031792629903663813,0.0012334358690316133,0.0026844179933921664,-0.002604269306970556,0.03630442386762825,0.0280805187895917,0.035535209147279506,0.03531982049558959,0.008700123136576692,0.001232092361031183,0.005423888060845449,0.003091502162726601,0.0008439144579395469,-0.0024859916790470056,0.0001441963685854936,-0.0037601346508512592,0.004218237293715413,0.0022166589813224563,0.004140084202702093,-0.0020952833466326565
2022-12-21,0.017830127277777864,0.010112279312312775,0.01614272827850571,0.015350471767406962,-0.003591498772828527,-0.004987101696817297,-0.004038782474580109,-0.008821674388535523,0.014259856269343469,0.010112766808680184,0.014388340571193623,0.01467153862814994,0.016820715024856936,0.011350495874572387,0.015467564874500699,0.013000315891553616,0.01681157743612613,0.010699870836143308,0.015233009975546635,0.015511312589741139
2022-12-22,-0.011582264695177421,-0.004353884935591577,-0.00924222932664855,-0.00869922941490477,0.006183164973579569,0.001924381494307498,0.006187580374788907,0.007320286760717708,-0.00862135975038459,-0.004354322995425326,-0.007784834462860206,-0.002829365339419387,-0.009088326742270562,-0.004981944406088545,-0.007502085029771131,-0.002919057313667663,-0.012278802092180161,-0.003733660406519019,-0.009755118432383227,-0.008456503796214902
2022-12-23,0.007750029854520148,0.0015557630042151082,0.006648190017879757,-0.0021619806647343136,-0.001084282471670295,-0.004071177363427662,-0.001426265728133321,0.0038972090320224012,0.00627764446682174,0.0015563973852857978,0.005983833816747547,-0.0028628597959857844,0.0071288971647255695,0.0013425424386338883,0.006018989574860439,-0.0013161339454964651,0.007804294643804734,0.0022782621251823303,0.006953878629743516,-0.0019663049250237337
2022-12-24,,,,,-0.0009345266149806465,0.003630856619712538,-0.000546405511322451,0.0009093923313147429,,,,,,,,,,,,
2022-12-25,,,,,0.0003434715730120663,-0.00018303848696537103,0.0006901559087095373,-0.0016923188956207385,,,,,,,,,,,,
2022-12-26,,,,,0.01605461149027626,0.003716512907314174,0.015208415262390976,0.012294313889063511,,,,,,,,,,,,
2022-12-27,0.0002655482786428595,0.0021019326460190698,0.0009690052997748038,-0.0075211647566071245,-0.011762568229070092,-0.011610500518869032,-0.011841787263184265,-0.014606040648069644,-0.0017391378059759652,0.002101745563024024,1.2787421659929302e-05,-0.005699638437561892,0.0009693605114594859,0.0005188044260984235,0.0011375791153904185,-0.0006219416585138402,-0.00011819382136897414,0.002384505804671886,0.000934639432808293,-0.007662713054717734
2022-12-28,-0.012808033008290868,-0.012324859133225912,-0.012476392551173311,-0.009447276014585955,-0.02708049532085132,-0.008830067278511372,-0.0256340962105615,-0.029335075641189336,-0.015186776727050943,-0.012324582386890666,-0.013582032108468834,-0.01128038532691491,-0.011656350018672363,-0.010815381787176009,-0.011374712485941189,-0.00958541705334491,-0.013012654755860302,-0.01210443357697975,-0.01277465992675627,-0.009427864114169553
2022-12-29,0.013599359712046974,0.007874033069805358,0.012797878830258713,0.007146920519524832,-0.0006051108231715065,0.004669097639263798,-0.0004942437320255661,0.0003033120422393388,0.011231947956177223,0.007874530505147016,0.011567265804580874,0.007317755387389299,0.012996582999031493,0.010051933659731581,0.012586974917378735,0.004320940228506655,0.013491805454660367,0.007234645463102889,0.012438782389394379,0.006915268645167063
2022-12-30,-0.0018817762241893552,-0.0009089330329200862,-0.0021594880021222015,-0.0046877533947636135,0.000411947255461742,-0.00151818121333915,0.0006145144821167802,0.0009440911814210435,-0.001499488977580839,-0.0009091877995288372,-0.001982377111157459,-0.004859473552776926,-0.0018068384104521294,0.0002729376117945236,-0.0016894547786449774,-0.004166565186903166,-0.0018653605398890123,-0.0016547490146588651,-0.002233543333460862,-0.005170523286848748
2022-12-31,,,,,0.0012423581931927945,-0.002776212742249299,0.001064029831899033,0.0007845475966603216,,,,,,,,,,,,
2023-01-01,,,,,0.007755602914296445,0.0048035873983814465,0.007525029948799576,0.006636128310046441,,,,,,,,,,,,
2023-01-02,,,,,0.019004349613625026,0.004039918120677936,0.018187165273010217,0.012335023988918586,,,,,,,,,,,,
2023-01-03,0.002250905749167053,0.007417631452404692,0.0036871370931168203,-0.0015322418834790266,-0.0027050635667062563,-0.001037067397862933,-0.002505698193418842,-0.0016801845678353945,0.0014249108631881687,0.00741569991802012,0.0031299708922448936,-0.001461915851974685,0.0029441846500781596,0.005719511008609933,0.004282886567952786,-0.0005467337670044142,0.002506994703861205,0.0071994912581826815,0.004344326424286446,-0.0017626589485110677
2023-01-04,0.018428178719494946,0.011617981483065708,0.017471317040584806,0.018089946124884897,0.037039870961805214,0.009746128885329792,0.03374927924285298,0.03819781234835974,0.021530127426546655,0.011622907618962874,0.01876804143996005,0.023192469599351544,0.018449591529490238,0.010735099656720263,0.01732912270468742,0.016919293776393268,0.019277505239895142,0.012085509633731312,0.018463577726994015,0.018430356786291225
2023-01-05,-0.00679763801193668,-0.002980801249254623,-0.006951155675890535,-0.002926141811368651,-0.014915270707060859,-0.0033213315385247034,-0.013897729257004358,-0.0032264395803508353,-0.008150576794457378,-0.00298433150659561,-0.0076044345511922865,-0.005821400476079397,-0.009303002437984719,-0.003639231477403305,-0.009137090832758786,-0.004864203948530309,-0.005791918846760374,-0.00302716833750186,-0.005770958306137299,-0.0030528984160217237
2023-01-06,0.023249459158050573,0.017921604642558184,0.02225171140645934,0.028858523679050348,0.023992249899001263,0.004064207027636926,0.02177158767289908,0.01769224683618187,0.023373257614875687,0.017922662485685935,0.02219447542859039,0.026856555625104774,0.02332674782453399,0.01910076066482039,0.022325280260516864,0.02721441777429133,0.023136040092981567,0.01729950713944262,0.02225598736430525,0.028770421381082843
2023-01-07,,,,,-0.003315049378442148,-0.0007141891565484028,-0.003067460249914486,-0.0049410781493201585,,,,,,,,,,,,
2023-01-08,,,,,0.02215294241808401,0.01060170920754994,0.02176823825573138,0.03362201695130335,,,,,,,,,,,,
2023-01-09,0.00017208903132034806,-0.015447895410972624,-0.0020434686512463725,-0.015545807976973242,0.027339779788495798,0.007033107841086339,0.02653412929834173,0.039466930299770484,0.004700037490849589,-0.015440120067979967,0.0002364931815300917,-0.015941627349327303,0.0011863967699417932,-0.016761383128039403,-0.001590357583384099,-0.016712584603834776,1.4767961914421897e-05,-0.01575377885987613,-0.00236979110289593,-0.015563878453514556
2023-01-10,0.0076166049742021616,0.0036483031908999207,0.006986243157675252,0.012464263521541825,0.006023627086972294,0.013388244980974505,0.006400555362221876,0.01224531803511927,0.00735110865966385,0.0036521788540032586,0.006864874050428358,0.008320433828893779,0.007464604999601874,0.0017602730050733247,0.006728604905141085,0.007814522337100567,0.009287891179112402,0.001964112438280477,0.008182920039831485,0.0116719659062084
2023-01-11,0.009853849638699681,0.003203143416706811,0.008830041994335893,-0.0026156164571516007,0.029362723562493698,0.02830745441922994,0.029502608626184146,0.026674082947490695,0.013105328625998683,0.0032049579304256385,0.010627107254081867,0.0010857389668227752,0.010302632352366399,0.0013212882691778995,0.009138047034880657,-0.004676600137524169,0.008769140087841937,0.0019594175908119052,0.007409486842492137,-0.0028192080105439595
2023-01-12,0.007037757028810943,-0.00459719073000069,0.00456728615517063,-0.006271082228013208,0.025749110740923696,0.0481245025652305,0.026736857211143723,0.020665322667977402,0.010156315980829736,-0.004598038820203653,0.006297624508733911,-0.006709270748817045,0.007269797562136976,-0.006487504925729939,0.004735803723418308,-0.00881614234683989,0.008212540655722952,-0.004123078414701196,0.006071741477146713,-0.006621186443264499
2023-01-13,0.0034311464254617023,0.003703923864983274,0.0031443569524585665,0.010252093926158692,0.03391595944645198,0.05469282936035731,0.03515410049707056,0.033558639322602925,0.00851194859562675,0.0036995010750303973,0.005809908272655231,0.013959616370157158,0.0034955308423261404,0.004219119038919135,0.0032118055554071255,0.010761161378974291,0.003741393823875936,0.003972349962048198,0.00350774566497883,0.010308821819184286
2023-01-14,,,,,0.03433883214203748,0.05138915797195091,0.03543522534969931,0.050499555244611985,,,,,,,,,,,,
2023-01-15,,,,,-0.0026764894860901167,-0.0033542870501760058,-0.002655893593577608,-0.00039670993267847056,,,,,,,,,,,,
2023-01-16,,,,,-0.004590647914346924,0.012603004059579937,-0.003075612064243184,0.00945115662743175,,,,,,,,,,,,
2023-01-17,-0.004052224805721267,-0.011078931509537022,-0.00540073754070612,-0.002398395993271775,-0.004905501990651051,-0.001442388335450803,-0.0046932516046630105,-0.008136638847583571,-0.0041944376698762305,-0.0110770747116985,-0.005353571738508997,-0.005037230924509159,-0.0012956703442297075,-0.009225298864324008,-0.0031129509984910574,-0.000864029282911012,-0.0024617231484123773,-0.010670687953416684,-0.00429476264800336,-0.0019735114742782823
2023-01-18,-0.015965505018307232,-0.019641774831040244,-0.016587809466341107,-0.020558905887302043,-0.04283574448150235,-0.024456631779695814,-0.041500946404583086,-0.04065870291906288,-0.020443878262173087,-0.01964424604427583,-0.01880984408190261,-0.025350712995509738,-0.01640638044699238,-0.02100804063676922,-0.017011126200956014,-0.021625619139423517,-0.016417253723370485,-0.020155071947227515,-0.016988120222727936,-0.02077132578183879
2023-01-19,-0.007476202030265404,-0.0032946296589564375,-0.0066034649435060926,-0.007397911098165672,0.02374091325805703,0.01926259590961807,0.023545828841308847,0.027829423650069088,-0.002273349482211665,-0.0033037736591161257,-0.0039595155726477845,-0.0014188219134334875,-0.008203353528736555,-0.0015630889577081572,-0.006766887870855581,-0.007531591387241514,-0.007385534996614117,-0.0024913293476034716,-0.006170077857140838,-0.007820923807739988
2023-01-20,0.015312907836691318,0.009592166289757342,0.014184174764664263,0.01420197977047884,0.06451981663484795,0.07238970269959058,0.06472004947248615,0.06856056652434891,0.023514059303050755,0.009596173747078994,0.018287871907945268,0.018651948262038465,0.01610445924584505,0.008026327103192734,0.014579922339382954,0.014481766051378254,0.015801834290951916,0.00994101819948572,0.014349688661868355,0.014727806793651741
2023-01-21,,,,,-0.009632871913905805,0.0023231349926671977,-0.008974294756626403,-0.010101368975696376,,,,,,,,,,,,
2023-01-22,,,,,0.00994362955139263,-0.0023509114351323245,0.008528400103469534,0.006424482796022235,,,,,,,,,,,,
2023-01-23,0.011435710954858267,0.006915904145383648,0.009891903581294211,0.005949066119108523,0.020945304673450772,0.010307031070080732,0.02017511639623929,0.0008262516609760919,0.01302064324129035,0.0069173358436637,0.01058084813918329,0.002784871295900119,0.012663990866101468,0.0038778267569951853,0.010423946199950181,0.0059309403142236445,0.01200130523993942,0.005646318085500598,0.01006581643814847,0.005544810366152859
2023-01-24,-0.0028834216294746054,-0.0044190117808003,-0.0023618698165241868,-0.001364301423720395,-0.041702126622754424,-0.0157820397620927,-0.03994751022217752,-0.043539550378420305,-0.009353205795021241,-0.004429060517205942,-0.005635109058705384,-0.010129987064011371,-0.0020468304566452745,-0.0023400017141674448,-0.0016519152955997898,-0.0022908240646383896,-0.0033547479911781937,-0.00564962458402892,-0.0032104431708338227,-0.0017753029301699082
2023-01-25,0.0018486905394841727,0.0018976193320776368,0.0016212305212381826,0.005364800906967855,0.03070596164236805,0.021843813234839998,0.03005663918314018,0.03577899345231607,0.006658235723298152,0.0018997286652539433,0.00406964610658279,0.007894917097179363,0.0007784647274433794,0.004042732290979476,0.0008586916717863816,0.004031731288938895,0.002064593061046234,0.003486829497084623,0.002362803384000335,0.005186659713840885
2023-01-26,0.008422064284225664,-0.0021727843845473125,0.005875645353688305,0.018404835846286185,-0.0017370736202734994,-0.0034970388093067645,-0.001998240499334471,0.0017942422981449672,0.006728874633475802,-0.002171070946212477,0.0051206858467664675,0.012968397228279758,0.006475234378221129,-0.002836432286783933,0.004064533619742306,0.014658282159342765,0.009781591238926336,-0.00309337980801292,0.006663598947013103,0.019621780173541103
2023-01-27,-0.001206481854240276,-0.0007503445642333901,-0.0011926579160601437,-0.004838920843366013,0.01066397815581024,0.004716424885218428,0.010463584978606708,0.007797297531436049,0.0007719281474348104,-0.0007443465956903891,-0.00019004405310049993,-0.002789163021802488,-0.0009567525131292757,-0.0025030025609761477,-0.0012003710865842636,-0.00403520046229181,-0.0011858842430038743,-0.002167690319824101,-0.001801437910242139,-0.005243744820118603
2023-01-28,,,,,-0.008871756409081721,-0.002612780624983893,-0.008427407962713164,-0.015591500455812299,,,,,,,,,,,,
2023-01-29,,,,,0.03185076197963703,0.030224605391595247,0.031795736043890854,0.04050766593641305,,,,,,,,,,,,
2023-01-30,-0.01014423915496513,-0.004694915042022556,-0.008615013060397886,-0.010781529036698243,-0.04704284596112843,-0.03784003670471146,-0.04609789073645144,-0.049264595850027626,-0.016294006955992348,-0.004695120362817881,-0.011732767380515773,-0.013558195416081921,-0.010234524756275988,-0.003587984524286582,-0.00848496933790243,-0.011209554898323358,-0.011443721754340417,-0.003625997561281744,-0.009384414207843507,-0.010629778469966353
2023-01-31,0.011922802217140906,0.010469300913202676,0.01143523862273314,0.014602476936162633,0.01970616656237656,0.011781724358481717,0.019176468647974943,0.022003302371449138,0.013220029608013516,0.010470712130846355,0.01209015720436073,0.013479584966081879,0.01190530871232939,0.0112899664290554,0.011446436272774196,0.014700280551528656,0.011332476300041215,0.011004710507178071,0.010932644030462964,0.015058217965401565
2023-02-01,0.006518284067217186,-0.007917721528261801,0.004016710968966621,0.022011987290282344,0.025797610005811867,0.024294721694719815,0.025905144205302526,0.027294446138170662,0.009731505056982967,-0.007943565624539519,0.0056627031085499544,0.018663231308008,0.006803274804695411,-0.005178525801377668,0.00502603207765894,0.026746974354235925,0.008821448012360511,-0.007482936385618371,0.0064351017141938156,0.021327330023561485
2023-02-02,0.00015704536703527497,-0.010772979199966717,-0.0008641951936258567,0.0011225788601213144,-0.004085517910096637,-0.008652001468979575,-0.004208818972555463,0.001237433900192769,-0.0005500485124867103,-0.010847062459143351,-0.001268319865584741,0.00034560240716811387,-0.0002603363581340757,-0.009412169523219324,-0.0007352906036267614,0.005130367938718364,0.0018738533451878232,-0.010565833996239761,0.00022606686139344033,-7.646327285779683e-05
2023-02-03,-0.012768350780830775,-0.009289624944550837,-0.012928045389868633,-0.005678654952739861,0.013795338410564273,-0.0002966335512106314,0.012662713836190848,0.014151283856468265,-0.008341069248931602,-0.009245508881853956,-0.010597522794628549,0.0008546893197148727,-0.013621518064799354,-0.011259130489483914,-0.014208625790464283,-0.007510676411948009,-0.01307463786149661,-0.011686175960032035,-0.013537473361785225,-0.008587532028211563
2023-02-04,,,,,0.0008217074966740401,-0.004973392486529868,5.8771854371364235e-05,-0.003419941482096544,,,,,,,,,,,,
2023-02-05,,,,,-0.021485676165057387,-0.014096342859864627,-0.02062770878002087,-0.018958744481523186,,,,,,,,,,,,
2023-02-06,-0.004594982931553284,-0.0048977274031685985,-0.004814866126820089,-0.013443496034792803,-0.017506770629490034,-0.00905880259439747,-0.016723425343470648,-0.015400991636512484,-0.006746947547876075,-0.004891506557424736,-0.005635098667584258,-0.012249110349813267,-0.004802132321179236,-0.008182336735376983,-0.005342613913336498,-0.016500972839519498,-0.004918286610708018,-0.005320252217283921,-0.005189909788392366,-0.014330454464793654
2023-02-07,0.010953461048114673,0.007507708639814795,0.009384098533295464,0.005944523327784015,0.03869117832630642,0.024024543657700348,0.03777463271467715,0.03814161516177324,0.015576413927813292,0.0075076859043432965,0.01161955395955082,0.009276784187267458,0.009907998621842808,0.007620286848968432,0.008512610587237067,0.0052619609531514245,0.010172033425557673,0.007351486876977184,0.008693371612633892,0.0076462083512671315
2023-02-08,-0.009564990182089908,-0.005477098704809037,-0.009646082374320828,-0.0028520781156823223,-0.015035624875278052,-0.010888014887828633,-0.014232082819794158,-0.011432140967207346,-0.010476762630954598,-0.005458414944784088,-0.010036855845119362,-0.0036467058134756415,-0.00949294558916695,-0.006015686646425548,-0.009916222017200698,-0.0030879401516632965,-0.008347241167771037,-0.004821345060342212,-0.008297427734212418,-0.00292830977496102
2023-02-09,-0.00969477310696571,0.0008164637087435479,-0.008757656257885767,0.004728168020988943,-0.057711348654223275,-0.05033019790984455,-0.05760124457677669,-0.06915776174768128,-0.017697535698175303,0.0008312156965203689,-0.012912267445027839,-0.005183384251111235,-0.010610699334792178,-0.000385951241412628,-0.010132285820102352,0.0013024303787974065,-0.009354959738339186,0.0012629320742059459,-0.008557095914417698,0.005530999144985782
2023-02-10,0.0076019262954780615,0.011232402024751361,0.008135128597541386,0.0018260526577552894,-0.0009264932442613171,-0.0057862563858539495,-0.0013104542108346101,-0.015468958314273156,0.006180523038854831,0.011213076216301866,0.0075281208059861035,0.004948743901361548,0.007422699815675092,0.010891908562990436,0.00788765757435184,-0.0009483745856613407,0.007302100172413886,0.011032771350106496,0.008000888237034206,0.002269012139366526
2023-02-11,,,,,0.011119083825479525,0.009892655921165217,0.011098478746486022,0.02070905197417451,,,,,,,,,,,,
2023-02-12,,,,,-0.014240155531741518,-0.0033506793174116196,-0.013463188563983531,-0.01435980800391154,,,,,,,,,,,,
2023-02-13,0.00875099441629904,0.011210317244895358,0.008841652317534228,0.01630759739427534,-0.0031842224978953066,0.0035909362151263662,-0.0024371677599623756,-0.006356565989131166,0.006761791597266649,0.011221123123803219,0.007805299277873515,0.013474574493005455,0.007627365117627441,0.010080311707189073,0.007495101295413104,0.017059358352013304,0.009025063483212206,0.011319524032910911,0.009212559636438621,0.01576800911153476
2023-02-14,-0.0006439293321590836,-0.009956108789704607,-0.0029135911752403696,0.010968593562130289,0.029872183904632733,0.018778421923307406,0.02949918651455733,0.047001594248949424,0.004442089540639552,-0.009978838503582181,-0.00031431550905218323,0.010509490929210517,-0.0010436498213785839,-0.010959882445397633,-0.003414491979179383,0.014091349446330934,5.395549064555116e-05,-0.009725226091195947,-0.002495681963785292,0.009364013827926659
2023-02-15,0.0002892134172157812,-0.0004453985525441136,0.0009946652451599414,-0.00833358947270946,0.06536374685986238,0.09062668579556288,0.0670927328774491,0.0768430105414601,0.011134968990990212,-0.000466449827229896,0.0064933708743396485,0.0028047080575765585,0.00013382520527947453,-0.0016713212313129047,0.0006743074636193676,-0.00819650715908733,0.00023182677686910954,-0.0011045704459251332,0.0006369084440141247,-0.00873464035184418
2023-02-16,-0.013939445741509309,-0.012721092524447763,-0.013313538955050322,-0.011991978096215914,-0.0437863949888458,-0.030908149765938753,-0.04291930274136069,-0.04031716135144364,-0.01891393728273206,-0.012727253783939784,-0.01575584749161077,-0.01652145960940124,-0.013383394680402737,-0.012252862460193067,-0.012728257299415256,-0.011630945766476991,-0.013276448922674766,-0.01139798819031932,-0.012410398422130604,-0.012075389598343032
2023-02-17,-0.0027721399648127053,0.011043474307179918,0.0003283114174113819,-0.0026323177251718795,0.048827886165622655,0.04124179522138376,0.0474463497408733,0.0371558658101293,0.005827864390259854,0.011037527465013677,0.00455200428366726,0.006505471113651671,-0.004167215513467273,0.007521565413148303,-0.0014597625007306543,-0.005861365117943134,-0.003944939637788068,0.011465989212486642,-0.000779051402022609,-0.0027137942635341054
2023-02-18,,,,,0.007887810379065564,0.002317677131041918,0.007021325318993033,0.0008454165653256536,,,,,,,,,,,,
2023-02-19,,,,,-0.01070811501788358,-0.011098630335910312,-0.010671199424753725,-0.008940053974181806,,,,,,,,,,,,
2023-02-20,,,,,0.02505276381512769,0.02076285989517328,0.02422695351793802,0.012061497067564722,,,,,,,,,,,,
2023-02-21,-0.0175027760743078,-0.002491112256685208,-0.015652229572370915,-0.013238229363507043,-0.01918195592707385,-0.01768055649790552,-0.019310460933795133,-0.02746961092852273,-0.017782639383102143,-0.0024600381549795295,-0.015899782511165483,-0.013330296726402603,-0.01718840061344028,-0.0025249842214407434,-0.015739020377319897,-0.015853973170230254,-0.017500671932238542,-0.003112421203193394,-0.015942595948354878,-0.012217302157222033
2023-02-22,-0.005551258644505817,-0.009866048913401052,-0.006097488667869601,-0.004880627705577919,-0.007432613906955422,-0.00916075005641715,-0.007266887238518695,-0.008525804970412493,-0.005864817854914084,-0.009879330786224364,-0.006196666518052998,-0.006252021242010218,-0.006685764461177064,-0.011707426658154718,-0.0073902063221518485,-0.004610888778983933,-0.004429804534432934,-0.007908524057168475,-0.0048471094310256575,-0.005577785391820208
2023-02-23,0.005478965095513965,-0.0020489736901683716,0.0031958022458462437,0.02707747207821902,-0.011735816425103697,-0.008746242686846234,-0.011076390026672387,-0.002431707462597431,0.0026098348420776885,-0.0020491485525052306,0.0018930305898824725,0.018252898156117168,0.006953164401914029,-0.0008093557852327019,0.004426324730392566,0.030055401228725055,0.007793365350711494,0.00029417403533060337,0.005276955567678288,0.027695021318256612
2023-02-24,-0.00947722361510689,-0.006244436899585099,-0.009328985646536565,-0.005011442131343174,-0.03497155614609791,-0.03066420321157161,-0.034315111094202974,-0.032596914473143335,-0.013726279036938727,-0.006248385880186912,-0.011393897505329388,-0.008754113441353439,-0.009951778654555318,-0.007328616935008142,-0.010014632678376219,-0.005703739382437396,-0.00840902960447898,-0.005098992602232242,-0.008491109777736604,-0.004770706231867757
2023-02-25,,,,,-0.00247534121806664,-0.0009090244778660979,-0.0022971717335530497,-0.008365563837609615,,,,,,,,,,,,
2023-02-26,,,,,0.017734774694643064,0.017461125128218635,0.01791019080642739,0.024843916265027716,,,,,,,,,,,,
2023-02-27,0.001776110056490015,0.0012198837203534253,0.001405908363751166,0.008332978123008731,-0.004616748672202598,-0.0016314780475377658,-0.00449074535600303,-0.006362832004432937,0.0007106336017079127,0.001225121245798184,0.0008745083583808144,0.0069481608023374206,0.0015023734050657578,0.002462910238177816,0.0010667018513752999,0.008678681074690648,0.001372015125055057,0.0011250240453196158,0.0009700826088875006,0.007909297545597861
2023-02-28,-0.004292925502667183,-0.0032121910281320385,-0.00432439815045493,0.0021929441042788933,-0.012715198199124325,-0.01492092765502836,-0.012921912657434446,-0.022773176162511122,-0.0056966376187433726,-0.0031920354057834357,-0.005081628230778307,7.732989334889844e-05,-0.0035637132841236444,-0.0008457569029571281,-0.003133208952716625,0.004480250764231292,-0.004489812238479745,-0.004535556458072181,-0.004725907260575623,0.0017212198348588574
2023-03-01,-0.0010580319937396516,-0.002510343900455054,-0.002121598353975078,0.003386766557444569,0.02613632945537423,0.020654360149401127,0.025664123130432332,0.029565036619143913,0.003474361581112661,-0.0025106718142670834,0.0002309740189420954,0.007529309128998493,-0.0021368262242941107,0.002088204651198656,-0.0025987819268905076,0.00013729089472257726,-0.0013012619720588153,-0.0013212463234512067,-0.0021781216281590516,0.003630871142186746
2023-03-02,0.011963634596800688,0.005863247459520278,0.011413610148994866,0.012507018353342428,-0.01007078787286344,-0.006831340678088492,-0.010169549881079,-0.015051945588414013,0.008291230851856665,0.005862342900891644,0.009500982382423964,0.00781538418084818,0.013709653324615604,0.004465051434876635,0.012726077009580412,0.009685031177650516,0.011410999988397716,0.005958760777772885,0.010729666055851012,0.012434539185931449
2023-03-03,0.013041698662887867,0.00751075288997392,0.01235075039272697,0.015509433585637108,-0.022607444872867956,-0.04622502875236692,-0.024976033906482946,-0.03809822547638698,0.007100174740261896,0.007510018985044071,0.009254324747170504,0.006537256981998513,0.013191494849333076,0.009700654628748622,0.012817686481281787,0.015851981387442916,0.012787407528010993,0.006305430876043525,0.01223499729948855,0.015422479894203
2023-03-04,,,,,-0.01880899563048919,-0.0010912010950349896,-0.017052852504322695,-0.0072734529155915,,,,,,,,,,,,
2023-03-05,,,,,-0.001995698481330155,0.004172118482236016,-0.0014519747802016368,0.000368715294601863,,,,,,,,,,,,
2023-03-06,-0.001808663736776781,0.0036421942933752833,-0.0009688828936380849,-0.009922776461942428,-0.00392180502006011,-1.2251182580426135e-05,-0.003669400513256374,-0.0046623402167676395,-0.0021608539506573353,0.0036440808491013817,-0.0011230100348431835,-0.008003359962710878,-0.003533897813484907,-8.21950694812959e-05,-0.002726893691878593,-0.009191830645780063,-0.00030150255727178117,0.005672017311764839,0.0005767264134627133,-0.009987933468735648
2023-03-07,-0.01716608729068231,-0.011544107883693058,-0.016466907894620776,-0.01656984416258222,-0.008894546655637115,-0.010123772640078221,-0.008727955073401036,-0.003835709806696331,-0.015787497184841445,-0.011543265256545789,-0.01584904139254289,-0.01633590157102741,-0.017077730846048876,-0.016003971302056903,-0.01699925979270498,-0.01507580122369865,-0.016560924994513386,-0.010922292335515053,-0.015952905202773177,-0.016627988068890587
2023-03-08,0.0031917270516937163,-0.007853206174790538,0.0016935822833647738,0.0029909441093369854,-0.02721030306671051,-0.021824895956462163,-0.02634290284453028,-0.024388127417522283,-0.0018752779680403214,-0.00785478138531169,-0.000745738273061482,-0.003849242995601308,0.004369393368658529,-0.0070602210808783615,0.0026217219203037525,0.0021449554869805276,0.0030585306375549327,-0.009184134904924372,0.0012478835178787848,0.0027444294418158552
2023-03-09,-0.017318717825019155,-0.012298831403778795,-0.016084754754712823,-0.023417851806444998,-0.06062363391736244,-0.0666312958260616,-0.061393394228648916,-0.05383171523246421,-0.024536203840409703,-0.012298824525794595,-0.019920911837480466,-0.03198497923144511,-0.016570796200310524,-0.012994787523239223,-0.01549457099630649,-0.02224863423092701,-0.016681910593242533,-0.012051333480089164,-0.015756932682545875,-0.023411375631490206
2023-03-10,-0.013042274760361034,-0.00245079686596443,-0.01144669165307596,-0.013105495082462662,-0.004351473976778364,-0.009559651571884027,-0.005224389747026704,0.00040872128856117053,-0.011593807963097256,-0.002446836195972338,-0.010873034586837938,-0.009203251090971294,-0.011657841893005907,0.00031398300103735975,-0.009878554453017975,-0.005453566590270612,-0.014550101694565255,-0.0022498193250234605,-0.01231769923131052,-0.01299812277800393
2023-03-11,,,,,0.0018321938898936073,0.023090403893322103,0.0038361921536886282,0.01687722873110318,,,,,,,,,,,,
2023-03-12,,,,,0.06743628773776661,0.07600364369835669,0.0683199765271527,0.07621838653079568,,,,,,,,,,,,
2023-03-13,-0.003516018063804469,0.009055408990164382,0.0004739382953790636,0.0011862281106361657,0.04387682758864089,0.08638842336749644,0.0465147998910144,0.04957202681365774,0.004382789544936424,0.009054969335615635,0.004331657640798065,0.008634621221806983,0.0016094059221829096,0.017875156841849364,0.0058628441027532095,0.00521342579053358,-0.0026880487655069935,0.008672810208760496,0.001078677383743842,0.0013622494392353875
2023-03-14,0.01454549521775727,0.008281499449611828,0.012935229818744556,0.019009045910155065,0.020163527323838592,0.020242571296405037,0.01970732385185779,0.007850653187473447,0.01548183390210416,0.008282360749835061,0.013415248786680815,0.0167082964966794,0.013912160425727448,0.006451003328239107,0.012040437760387433,0.022523901393169263,0.01367309919558644,0.008242428187326704,0.012259285715175705,0.01900525468321178
2023-03-15,-0.00968814247115212,0.005455340872771825,-0.005057105356289598,-0.017671320805583514,-0.051929907197880154,-0.016187246362581665,-0.049238589814376954,-0.037113348348766194,-0.01672843659227346,0.005455094903451984,-0.008870761750254478,-0.021182327294735306,-0.005121385911273509,0.007370071663302281,-0.0011521000568447946,-0.007075966787080286,-0.009246439904913408,0.00552440973316793,-0.004731727445752326,-0.01763728326253068
2023-03-16,0.01420064899894593,0.0047773129713746185,0.011598252975707157,0.018414849573346603,0.018210966972107202,0.02503813450833812,0.018209908933971248,0.008365207157471872,0.014869035327806143,0.0047761011144095275,0.012005979845599327,0.015077440145605879,0.014348504716583471,0.004785988951233422,0.01153704298972993,0.022080458853132402,0.012884723738867884,0.004883862529697958,0.010498283479551406,0.018480553977747147
2023-03-17,-0.012241012240181464,-0.0035246249107658196,-0.010522844741272576,-0.004439720267577196,0.06565744021574993,0.08882274508821626,0.06662459035068576,0.06877723830891758,0.0007420631691404367,-0.003525171331355238,-0.004212962645947872,0.004485778664065724,-0.008554900311181828,0.0037767955840133207,-0.006428181858503614,-0.0029998415678006993,-0.011004242442624344,-0.0036847774991094068,-0.009522187832914392,-0.004144830485355801
2023-03-18,,,,,-0.02269572836874778,-0.017876142325956808,-0.022660058484420254,-0.024330671588894487,,,,,,,,,,,,
2023-03-19,,,,,0.028497063352154364,0.037125924117475506,0.028460670171515982,0.017091285854103095,,,,,,,,,,,,
2023-03-20,0.011381656021337803,0.010728639611354807,0.011040501064392487,0.015014679722392621,-0.03439950547262127,-0.011215193293117728,-0.03299948795273434,-0.0312627247632129,0.00375146243901129,0.010729906247853568,0.007323200890076776,0.006932884348874873,0.010184552175418773,0.00777154376955805,0.009555407298079143,0.012616331467656122,0.011679880059646802,0.010335184220444455,0.011341391160074866,0.014830901740495495
2023-03-21,0.008352348230895295,-0.0023332694207028187,0.005217313385133092,0.012070612393963927,0.07619108897481006,0.016446968546493374,0.07261379533732934,0.06436952560703542,0.019658805021547758,-0.002332244499973552,0.01098266582979719,0.016903851884424302,0.004305289068550484,-0.0039829017392556815,0.0016526374283257876,0.009518511349594392,0.008786247156334909,-0.0024102085073121286,0.005462546667472246,0.012167788725568124
2023-03-22,-0.019948754862968057,-0.013757566525178901,-0.01912168348759135,-0.015238995008511195,-0.049332456400027216,-0.038714554278531585,-0.04857070503451011,-0.04113371256295047,-0.024846038452477917,-0.01375581007373696,-0.02178018538375446,-0.02515573031608845,-0.018064219410681513,-0.01340464158222136,-0.017608826678585744,-0.011737764654950893,-0.0178954236998613,-0.013412579647332059,-0.01741048736278094,-0.01527421704798043
2023-03-23,0.0017877909140547076,0.008926592381359871,0.0025921263972983385,0.012329417457899729,0.04653891872498437,0.042897751457277616,0.04690330112958663,0.04473322779380285,0.009246312215876316,0.008929484691160332,0.006236017213299928,0.02018263546740049,0.0032262094012982445,0.01165831152351324,0.004008200374641621,0.014677892618025937,0.0021234348368727924,0.007396609028163124,0.002581517775363409,0.012310410077185563
2023-03-24,0.007631212702629167,0.012824559032587562,0.009950285937709337,0.0058511945560037965,-0.02724834724255758,-0.029490053296762662,-0.02753961831213011,-0.03374281435731969,0.0018179527117647087,0.0128244902605032,0.0069247638257328645,0.001463345908412678,0.00883595387392552,0.013444569485399755,0.011154822294476344,0.0054197805249387885,0.006361016104364653,0.012458514791586425,0.00856475808445563,0.005872206524000914
2023-03-25,,,,,-0.002046375695889047,0.0004934142827595378,-0.001666735337913395,-0.009622455554816485,,,,,,,,,,,,
2023-03-26,,,,,0.013712003864556756,0.01711489262711301,0.013862705609703777,0.015411183477745819,,,,,,,,,,,,
2023-03-27,0.004297343942389522,0.004542500918255548,0.0034021183826637704,-0.0025537162933288245,-0.019250616939979114,-0.0284340362129695,-0.019540077028479534,-0.030665131594573018,0.00037268379532808286,0.004542729510318108,0.001544466261231743,-0.005517515199091007,0.002146708690621361,0.0013559238690217976,0.0014084099674494023,-0.003993861510648866,0.004028530736843704,0.0055574411177539956,0.003432675103549475,-0.0025274699621399533
2023-03-28,0.0015994860897350026,-0.0007824496340440826,0.0008454418589749433,-0.0009193770898913696,0.029880537619454882,0.005258113238355478,0.02844953568271951,0.04188779378406836,0.00631299467802165,-0.000781498261031693,0.003302314957384138,0.003102024124314408,0.00090502357362113,0.0009500035224147456,0.0005924310772813569,6.885345625050657e-05,0.0007131241067962447,-0.0021713961872736184,0.0001884924074532382,-0.0010731377408040286
2023-03-29,0.01557046620206545,0.004841100869427137,0.01413035200839716,0.00831434005493887,0.02862273797752435,0.035804760625997904,0.028612197307931322,0.018447677587790565,0.017745844831308595,0.0048381419860773645,0.015334535424679083,0.0072997170525094576,0.014598365539152065,0.003257195824871756,0.012992985363055824,0.007838642339424788,0.014245953930510483,0.004518603977936317,0.01295560447759947,0.008248707923185822
2023-03-30,0.004909293457587829,0.004684824517733284,0.004782096102871006,0.007268198799527652,-0.00176075907499288,-0.009228727781291501,-0.0022787601792696433,-0.003756268974150773,0.0037976180354910437,0.004684683325831261,0.004162271597469218,0.005131910999433975,0.0052505890175363265,0.00406732835079413,0.0049818447477277435,0.006311394080561845,0.005359245414399887,0.0045638884629064505,0.005264133157729134,0.007238838229040917
2023-03-31,0.012455541654871609,0.01190509471774063,0.012420916712529772,0.014059979178129666,0.022496855014818285,0.015507400581335968,0.022093394915304845,0.029853547305225984,0.01412909388152939,0.011903599035705125,0.013188562634821948,0.01394149571603797,0.012617074034185246,0.010846853518541248,0.012338013148693311,0.01262272823622015,0.012262919296304985,0.010641447051247232,0.012063558672112128,0.013947507763326851
2023-04-01,,,,,-0.004093416876705502,-0.00018904405286266843,-0.0038093765656486834,-0.012952234078875115,,,,,,,,,,,,
2023-04-02,,,,,-0.00716207947121098,-0.009050347515018934,-0.00746860840359365,-0.01025890039761471,,,,,,,,,,,,
2023-04-03,0.006940014431519135,0.008328871453177629,0.006023898281562888,0.0053151286936121995,-0.0018588488543411661,-0.012293594263080885,-0.00211150282239487,0.009962028060691026,0.005473537217209083,0.008327678264467637,0.005352130403570931,0.004023112422659035,0.005433667650524798,0.008252231917404387,0.004987549320571805,0.005393197254879427,0.006238454770170707,0.009080283211231612,0.0055383658263391325,0.005278815481670738
2023-04-04,-0.0050640905631622185,0.0019001603339542758,-0.002408278354272339,-0.021365459628499117,0.008769344303898263,0.012224259211027162,0.00895078068810094,0.023952403938690556,-0.0027585180853188043,0.001892371029034826,-0.001465880999414893,-0.01518847303257417,-0.0038418389463579132,0.0015979214385173613,-0.0017078482295905945,-0.020797668567624245,-0.0065344066831817095,0.0025440614638783917,-0.0034673079389711267,-0.022140479114404723
2023-04-05,0.0037000673038339784,0.01214881882817993,0.005990273555262399,-0.0028409060379447973,0.004589962586101926,0.000827914292989212,0.004646989361391319,0.015614725738961627,0.0038483831842119685,0.012148112921372911,0.006007738971737618,-0.0005571799773553638,0.003026378717587326,0.010441979851340454,0.005029699197092216,-0.002011227716772241,0.0041283850408459725,0.012036787703644398,0.0062155364810137555,-0.0031317374000427367
2023-04-06,-0.0001610198291767476,0.00095328722959933,0.0001790567826507789,0.00678350276676256,-0.008989619099706548,-0.004275461523320648,-0.008969074568667327,-0.0197005192380366,-0.001632453040931714,0.0009541493620374512,-0.0005370755113245088,0.003955485499795628,0.0007497505505971813,0.0017389179816747723,0.0009929793471370534,0.0069933322469323475,-0.0006007729094481433,0.001326107261019502,-0.00012429735503174282,0.007006645713133988
2023-04-07,,,,,-0.0007157523707202242,-0.003757568861586692,-0.0007844169163890307,-0.0021755088962213,,,,,,,,,,,,
2023-04-08,,,,,-0.007581287504680156,0.000766802115648988,-0.006960156547008985,-0.003991960177170763,,,,,,,,,,,,
2023-04-09,,,,,0.008575166111636202,0.013138704510407054,0.008723738971661052,0.007046485841704,,,,,,,,,,,,
2023-04-10,0.0035142478174856424,-0.001207966588758481,0.002216781746898873,0.006319092395836044,0.023579695263970038,0.042825985650110615,0.02459862210741006,0.024405802429178034,0.006858489058566375,-0.0012065533807503422,0.004020240649676628,0.008621092854746673,0.002641295197151697,-0.00026151576168867056,0.001742369797183571,0.00564259301366436,0.00412744531859079,-0.0007321779353643834,0.002728463318926352,0.006642910027994504
2023-04-11,0.0025692064817885215,-0.0010439777223987077,0.0018296691811317614,-0.0014911660950239713,0.0038228605318978985,0.016207844714887072,0.004055624223695722,-0.003407627672776551,0.0027781488234734177,-0.0010425073527712226,0.0020547994993613166,-0.0005114264785925728,0.00238667887939522,0.00015844201196698248,0.0020594168746333715,-0.0006271859417215217,0.0022134551524145905,-0.0008123769006179371,0.0014950221090564253,-0.0011757548503990066
2023-04-12,-0.002221933994919998,0.00030859418136850044,-0.002131395815717345,-0.005939113668691734,-0.0047451783135010975,-0.00503754326166147,-0.004829815362877264,0.013109129322784033,-0.0026424747146835143,0.00030776964017257646,-0.002328503185916023,-0.004352323799769042,-0.0027673320946742454,0.0005449593801142087,-0.0025046193343782703,-0.0043237840529411885,-0.002666642408476474,0.001595977490655123,-0.0023200893804080987,-0.005830502842185014
2023-04-13,0.00697289572006567,0.010134060746304862,0.007616745563154586,0.0041267839806762635,0.023349721921274248,0.008184591023625305,0.022481875477002828,0.04620802110157432,0.009702366753600433,0.010132385870951801,0.008813216238151253,0.007218594767176222,0.006822801417911702,0.008519450173321163,0.0070655234574115424,0.0044132385825644115,0.007034234644127453,0.010372141652271863,0.007970812882193045,0.0038311954967984348
2023-04-14,-0.005796901834398557,-0.008020679599478522,-0.0063180086283620655,-0.0017952756728483459,0.015352888933841125,0.004059060761314847,0.01538821630258232,0.03860977397614212,-0.0022719367063586088,-0.008018468377002881,-0.004525526623637926,0.001384205999304357,-0.005902610384344137,-0.008732452340806496,-0.006437229646060869,-0.002692172720493773,-0.004406066416819954,-0.007873489521309614,-0.005440169190060859,-0.0016296789783641278
2023-04-15,,,,,-0.0004410469546381689,-0.005318403752760883,-0.0005410166559426544,0.007736367939064879,,,,,,,,,,,,
2023-04-16,,,,,0.007813593645352735,0.0007713527667689893,0.00765589381225707,0.0078091862579142525,,,,,,,,,,,,
2023-04-17,0.00501314190495388,0.0020999106173501523,0.004670196087519389,0.0034809446569061845,-0.023954347127940978,-0.02693127358493332,-0.023937835818212183,-0.02608213093860321,0.00018522706613807,0.002102666925476747,0.0022847532253915124,-0.00038440879133190054,0.005323083740615199,0.0020361206326807687,0.004870291798626816,0.002873017045320847,0.003931505103981971,0.0012603538316327794,0.003468120120370429,0.003616763514190563
2023-04-18,0.0003185701739072889,-0.00011944665401068832,-0.000232094199245189,0.007466169274784192,0.020489265638337553,0.030538955441777822,0.021148176170307762,0.016323011689018417,0.0036803527513123322,-0.00011955260238460897,0.0015074356442451576,0.00806489338905698,0.00047095766007973993,-0.000986943676339263,-0.00014906295266082316,0.005641888254301497,0.00113786273549062,-0.0007476130569966477,0.000524950678864291,0.007446735052338188
2023-04-19,0.002150186139879559,-0.0011063581035578923,0.002088584489700184,0.0022259635348652078,-0.07030638123951993,-0.04786162479038632,-0.06856901158204273,-0.07236688202802403,-0.009925908423353688,-0.0011038183423371854,-0.0038688221853928114,-0.006006395201435519,0.002561032079389721,-0.0009847787165346328,0.0024678174173986154,0.0023815910133897326,0.0008103613568051422,-0.0013531191640539684,0.000592587763774944,0.00221398450739952
2023-04-20,-0.006963271769652835,-0.000327258927203846,-0.006577312717439419,0.0049144425956489934,-0.016593825169400268,-0.018622433611719034,-0.016380936134181203,-0.009344573302077388,-0.008568364002944074,-0.0003166650465690616,-0.007500448388842668,0.002686126948180053,-0.009539630948871983,-0.004805301370053749,-0.010042814794976984,0.006419892304914211,-0.007013306522613818,-0.0031383434561210225,-0.0073019514144749675,0.0053954433868797155
2023-04-21,-0.0010172047667623984,0.005881064957437607,0.0006786578315304408,-0.0006223569630175837,-0.036250648570689395,-0.03140892840806586,-0.03593985684147072,-0.045412903849882294,-0.006889445400750231,0.005876992942036935,-0.0023515433250573528,-0.005223195210007116,-0.00017794042681858397,0.0050396442742406,0.0011700476379541162,-0.0009083221118631065,-0.00029250103067043366,0.005408040852528988,0.0013922282989671146,-0.000924397349827599
2023-04-22,,,,,0.027746816801226506,0.019477402385460963,0.026873377015289055,0.019936216224148394,,,,,,,,,,,,
2023-04-23,,,,,-0.011357535930528784,-0.006343915353652866,-0.01063166091556269,-0.009600565941392724,,,,,,,,,,,,
2023-04-24,0.0017570893495593106,0.004404513308849454,0.0018521289478604119,0.006278935763928361,-0.006202409007347476,-0.002979595665806055,-0.005944149685276616,-0.011138413597603893,0.0004305062900748464,0.004407890849814416,0.0011564193208293994,0.004376356756935969,-8.147264530045269e-05,0.00304815580588788,-8.439733430274775e-05,0.007047965953796354,0.0013544028088829725,0.003501805931027372,0.0012263101391936154,0.006404766038553795
2023-04-25,-0.014954209205319133,-0.002874406298546189,-0.012348478644188206,-0.016084785937249876,0.01686722061882369,0.025044021427373615,0.017185518198337968,0.01735643106850166,-0.009650637567961994,-0.0028784725920057482,-0.009792255478812255,-0.010361203184039113,-0.015869541733708917,-0.0028687798899279726,-0.013839501917166225,-0.014215782755393123,-0.015464818902974367,-0.0009616286197769354,-0.012514115064010019,-0.016276812366643325
2023-04-26,-0.012476823412631972,-0.017668099101846677,-0.014111013770680896,-0.006816563281473893,-0.01275986088343928,0.0025764619004269174,-0.011537392837426962,0.004819940400071638,-0.01252399632443319,-0.017663035681760968,-0.014032721869571305,-0.008253782940627612,-0.01387950102331978,-0.01603101494379896,-0.015126465342508716,-0.008744855278520583,-0.012134944883592496,-0.017422931062223975,-0.013581604940442096,-0.006794313291845533
2023-04-27,0.014661913021796057,-0.00039828951265347525,0.013483061019343986,-0.02743433038769258,0.01493264831109805,0.03412265925683994,0.016073020821075527,0.021599447428246984,0.014707035570013058,-0.0004016887356190781,0.013552082035045945,-0.025196759480632436,0.016555896362853685,-0.0012200309391543068,0.01549981612423713,-0.0332418702705933,0.015090589382319705,-0.001504403502658601,0.014093504676877417,-0.028381192329821614
2023-04-28,0.009482238561268223,0.0008187541492852411,0.007252544630098178,0.011511089418695601,0.0037363224626084436,-0.002620106785972223,0.0033180794796759715,-0.008858544134491083,0.008524585878158259,0.0008213210334132471,0.006934169867806851,0.011010936010928406,0.01081054976292076,0.003356310868532169,0.009181644658599636,0.012169866880824368,0.010744614979381444,0.0027592143823923117,0.008523486540087447,0.012043830665500226
2023-04-29,,,,,0.005886241885930078,-0.000796105668572313,0.005745654240628707,0.0046391741864602026,,,,,,,,,,,,
2023-04-30,,,,,-0.013803832708956975,-0.00038344317281631564,-0.013073490716846015,-0.015493767299244895,,,,,,,,,,,,
2023-05-01,-0.003422566579296094,0.0014890751841672137,-0.0029053081206356418,0.015365497931582074,-0.017095930932513506,-0.034013841384767984,-0.017820867775760953,-0.023215169346038775,-0.005701460638165661,0.0014883957611267235,-0.004142327023252131,0.010554430217611805,-0.0032965438807475165,0.0021771366615918565,-0.0027616695659615897,0.012555219777738488,-0.0022134685282260754,0.0028417563355702556,-0.0018798940273836349,0.0161715886910467
2023-05-02,-0.016682054474223173,-0.005557017695983466,-0.014720930061828676,-0.01704727954460408,0.01303856664680343,0.019871173009549985,0.01354397569010822,0.018149975235374375,-0.01172861762071874,-0.005553999283445284,-0.012397632483264996,-0.011690402127808315,-0.016843517408274902,-0.0028961174295003903,-0.014444081010917958,-0.015135638819184892,-0.016662911521665852,-0.005849661048449424,-0.014534684487200532,-0.01726309924148962
2023-05-03,-0.012217496177713009,-0.00687639461299365,-0.010900205480498887,-0.012375789529751833,0.007033688642077717,0.010129962108039124,0.007158624669792379,0.01348773128930887,-0.009008965374414554,-0.006875854678510994,-0.009271117494372772,-0.008971311305921591,-0.013590612335260006,-0.007088722838362843,-0.012258401766426112,-0.01138077700763459,-0.011541132817082245,-0.00686989173709179,-0.010519214947861195,-0.012423211274621222
2023-05-04,-0.005351289952589209,-0.0005888088871975356,-0.003885720278477546,-0.016020057769974103,-0.010527365221955642,-0.004550937384336759,-0.009916839452694927,-0.014250488750090952,-0.006213969164150282,-0.0005859651694675169,-0.004369374497830963,-0.01588046274634143,-0.006693672867759158,-0.0005811484408378227,-0.00448745136879004,-0.01953118146079563,-0.005678351388156594,-0.0007905318398233747,-0.004274407018981141,-0.01647021057780236
2023-05-05,0.017515249613176284,0.008260778306482624,0.015585754763766033,0.019204073959213794,0.0206916461158581,0.023641260674905178,0.02130743943330556,0.04725611852523042,0.01804464903028992,0.008259552305146061,0.01596707105933854,0.021216181553551764,0.01690473462401354,0.006060543791913218,0.014545829324044648,0.01610138846283253,0.018092634557428246,0.007479224248646979,0.015840723753712694,0.019046342071813306
2023-05-06,,,,,-0.029721123498456306,-0.020047964182104094,-0.029283232753219278,-0.04279796149789509,,,,,,,,,,,,
2023-05-07,,,,,-0.011481109989431838,-0.015388673783439777,-0.0116657393925874,-0.012443057530081045,,,,,,,,,,,,
2023-05-08,-0.0006943661313251724,-0.0008720276792233712,-0.0009499286552473868,0.001709686616371824,-0.03585792627868483,-0.025252377514126133,-0.03477316466299844,-0.01803980341594648,-0.006554959489218448,-0.000871061827120416,-0.003986920355245218,-0.002413172842171988,-0.00032927293035202526,-0.0010495242859739696,-0.0007409089098093873,-0.0003776654567052059,-0.0004922604060229761,-0.0005766228129748981,-0.0005968313797763893,0.0020320910898991586
2023-05-09,-0.004258718762879401,-0.0031712055469023835,-0.004367637582019973,-0.00942630539433098,0.016064871833109975,-0.0001298898081293035,0.014687280248960686,-0.0015451741327174877,-0.0008714536635478385,-0.0031707542481254477,-0.0026328489573823177,-0.006424224222014257,-0.003406795373828702,-0.0037141290077503776,-0.003676003873070651,-0.008596361223063401,-0.005624105287563725,-0.0041205343485237605,-0.00568510544115991,-0.00965927073972232
2023-05-10,-0.0017783329876314966,-0.0021970322826901853,-0.0011259899713351369,-0.002631370053157203,-0.0016382682780426996,-0.0006824621221097748,-0.001349998820751016,0.0032897715913737177,-0.0017549888693666976,-0.0021969147321837124,-0.0011594812935568992,-0.0024898195059221287,-0.002110307244080243,-0.0022346674756900326,-0.0014857474638318153,-0.005300530612435401,-0.0020769509405563647,-0.00148879757628698,-0.0011528954117480685,-0.002517840073592722
2023-05-11,-0.008972948417903201,-0.0019174669447711117,-0.00833142644048357,-0.003588381351485055,-0.020885552323124414,-0.02270308636660866,-0.020755899451611118,-0.025481905386312592,-0.010958382402106736,-0.0019203753461244527,-0.009346379577552435,-0.0064230333524148905,-0.009276124853534209,-0.0031922206319176622,-0.00885006165373286,-0.0026769719411356917,-0.010128408428606654,-0.002488951617952784,-0.009887283762406834,-0.003570257862748326
2023-05-12,-0.0008388740546909411,-0.00034653596799344205,-0.00036892829936566103,0.0011840476199302466,0.006633145413243957,-0.004248644984526382,0.006292623168628888,0.01401550437071268,0.0004064625232982084,-0.0003465404691283952,0.0002425546427549714,0.0020701175161754043,-0.0009491311083581701,-0.00016860526150789724,-0.00041589113643305175,0.0033592784171817807,4.78398880077567e-05,0.000528917454005225,0.00036346542655396174,0.0015357678342739732
2023-05-13,,,,,-0.006690148368844429,-0.00025183308448351055,-0.006242331950056147,-0.008728279317800796,,,,,,,,,,,,
2023-05-14,,,,,0.009488724033330365,0.004913483895835935,0.009279611675788186,0.0065266732961584166,,,,,,,,,,,,
2023-05-15,0.0045668756813419045,-0.0015294662217325693,0.002777479982468292,0.007216941883032216,0.008324650956111013,0.009988627605228931,0.008590904446153428,0.0038145062794918915,0.005193171560470089,-0.0015282417024748182,0.0031340210312679824,0.006675686631318848,0.005932676084773365,-0.0009472608138206565,0.004144107734268309,0.0058504803689717975,0.004722981707394342,-0.0016747346431625187,0.0031460922769531996,0.006956342109935319
2023-05-16,-0.015969316778035862,-0.013403881001854438,-0.016209442233391776,-0.012783761202106973,0.008422101567971952,-0.004630928155281296,0.007734944692224638,0.0028104299366070924,-0.011904080387034558,-0.013406771299254482,-0.014217395157368678,-0.010913907117460708,-0.01614735060252393,-0.012846704047511304,-0.016464094743196947,-0.017076956660555823,-0.016365756262049246,-0.014940250344947087,-0.01688252938091093,-0.013324638165815725
2023-05-17,0.012319075380388223,-8.856535262435255e-05,0.009398317910767305,0.0144134190645735,0.014914573072979954,0.012702609049765633,0.014680634011301583,0.005937665596064094,0.012751658329153509,-9.094550467603885e-05,0.009818862707924116,0.01292598976671577,0.013935330206691694,-0.001695368465370532,0.010443642581905721,0.012907487682237366,0.012082190886339914,-0.00021901867619959574,0.009222663343027251,0.014394443527633128
2023-05-18,0.005885373981134902,0.002633403538583091,0.005041558561850248,0.014004488635992157,-0.01162563308424376,-0.019625330163494402,-0.012019606813521436,-0.010374607695109376,0.0029668728035717896,0.002635864685490405,0.0033601058278554313,0.009846033619587568,0.0026572848426712485,-0.00250966726877915,0.0010929793293522434,0.009766049443256375,0.0054851845477087826,0.0019875684154849445,0.00417858797648837,0.014429662283382008
2023-05-19,-0.0024750102388178584,0.000996428727391102,-0.002039559172066226,-0.0005907606412982038,0.003288349523594647,0.00253876813800753,0.003411759720970876,0.000860817613058334,-0.0015144502784157742,0.000996465418264171,-0.0015043285544752423,0.0010023117553767359,-0.002017816872396136,0.003260458380393339,-0.001294714644919658,-9.775181191415492e-05,-0.0025992784881912474,0.001540237368570467,-0.002057935333223559,-0.0005959017170146567
2023-05-20,,,,,0.0049119396708774635,0.010961942060492896,0.0055350912593612345,0.002268393142659995,,,,,,,,,,,,
2023-05-21,,,,,-0.01066502158510212,-0.008675312919727911,-0.009805465221236258,-0.009571726598027262,,,,,,,,,,,,
2023-05-22,0.0006733174629292172,-0.004371850287423161,-0.00017638395046724582,0.00016386787264253554,0.00852947908232017,0.007626453878573861,0.008742597949609927,0.012822292165839803,0.0019826777328277086,-0.004371130179041652,0.0005826935052738412,0.0019724828689523027,0.0014160819423151077,-0.0049259747227162675,0.0003764145254839379,0.0012573236918126205,0.0004507933255011422,-0.00494346750301313,-0.00042938308358072,0.0002910160357938287
2023-05-23,-0.007158860298573353,-0.00617054080896309,-0.007407048701802614,-0.014063693467300645,0.008546689643816751,0.012871345258610124,0.008850566585189994,0.015429072892153005,-0.004541268641508335,-0.006172683445540763,-0.0059728467923992785,-0.010117347959735732,-0.006206113882148715,-0.007138133066125047,-0.006531822405502489,-0.015654995608944736,-0.008463075119289443,-0.0075044358837891255,-0.009019195295099243,-0.014528748213060992
2023-05-24,-0.009243029757406197,-0.006424956471684852,-0.008933047028373456,-0.009458346996663411,-0.029311627575694967,-0.031366942908007366,-0.02942047483637234,-0.02504136996193591,-0.012587796060454327,-0.006424976426350822,-0.010692061206370531,-0.012270739452708304,-0.009153882196981836,-0.005623826796873526,-0.008806623921473281,-0.012115784462697203,-0.00940994279743031,-0.007464799535690632,-0.009190772066782791,-0.009952627280212352
2023-05-25,9.278741905413993e-05,-0.011057494912909527,-0.0036537404437846613,0.060883713640842586,0.000613792324064466,0.004669450011912643,0.0008289210699629035,-0.00294692220936897,0.00017962156988919397,-0.011061390243179436,-0.0036091912744147265,0.04648268959083786,0.0011144709303116732,-0.012031219748617282,-0.002884030360927297,0.0375067144792562,0.0029735809888201117,-0.01179590877864956,-0.002219584616947769,0.06106924364090194
2023-05-26,0.00866367468365841,-2.4705434505326983e-05,0.0069678493206844026,0.005599081379385988,0.01386226051645506,0.00632722389777774,0.012863610146288729,0.011453147010470961,0.009530105655791186,-2.4017912397399018e-05,0.007295189206099586,0.005012718832117178,0.008727528991305966,-0.00092992400244563,0.006844521166791869,0.00396515729790362,0.008024194314400518,1.222720809921702e-05,0.006526099390624679,0.005636190566928774
2023-05-27,,,,,0.008685536718812826,0.0074090196257210325,0.0087407859855558,0.005057684436014339,,,,,,,,,,,,
2023-05-28,,,,,0.027256993493929828,0.04077380439453678,0.02800832783456629,0.04230470513325089,,,,,,,,,,,,
2023-05-29,,,,,-0.0063216406445530515,-0.012587081255534665,-0.0066877842350898924,-0.009836982537125184,,,,,,,,,,,,
2023-05-30,-0.0018190711166541518,-0.0062110318005817,-0.0025797924952889496,1.3507079841820063e-05,0.009550061586042524,-0.0010562759042951784,0.008950738216870363,0.0018449217109185304,7.578433379529423e-05,-0.0062105369706178465,-0.0015970696262597298,-0.0003232971555477866,-0.002630242523070852,-0.007107573400274056,-0.0032672962370648515,-0.005304928681098564,-0.0027480369901808233,-0.006252325153627744,-0.003455068218398411,-1.9097509716639594e-05
2023-05-31,-0.004663092855496196,0.003845104867569878,-0.0019524935582201893,-0.013248977360191053,-0.010968334133005766,-0.017125505464703237,-0.011287588606280811,-0.012657710359259479,-0.00571396640174779,0.0038479408699482356,-0.002672062922784623,-0.01200752720672061,-0.004808422381325464,0.006394998316034516,-0.0016771639766976383,-0.007753953538517091,-0.005648578979990406,0.0035962453619716897,-0.0026167947930258286,-0.013264987768599091
2023-06-01,0.005148317863618267,0.0012896292029164517,0.003761612722622018,0.012845910688901955,-0.0070050480359822205,-0.013803486354655201,-0.00722056637447134,-0.011824616017020267,0.003122756880351518,0.0012890399213700647,0.002669398683168896,0.007688224520895301,0.004657101115282729,-0.0024909868587545793,0.002316576277055904,0.005740170821227375,0.006426574924451547,0.0005130446486025127,0.0048932370951143556,0.012738836759298792
2023-06-02,0.019500197664424103,0.016052002791583777,0.01755079879082839,0.015497915379932465,0.03047013415412552,0.02609775578842471,0.031063623840773796,0.035413250768866145,0.021328520412707663,0.016050971617107994,0.01886523621077272,0.02050917907213745,0.020246149943599516,0.01918414441831671,0.01885811615058097,0.016742907418535482,0.018908575083881968,0.016367736987639513,0.01660481954459738,0.015507329016293415
2023-06-03,,,,,-0.0032645391579624768,-0.006926184168693881,-0.0036500507837987674,-0.007597918118122893,,,,,,,,,,,,
2023-06-04,,,,,0.0019090477931811849,0.0009591569672672052,0.0016786655074640215,0.00020031141273311732,,,,,,,,,,,,
2023-06-05,-0.005896949385171215,-0.0036787403201502446,-0.004707002987305827,-0.0026928363759745337,-0.055567419705904994,-0.04881308519927383,-0.054692664521831566,-0.04866479833716253,-0.014175361105293511,-0.0036770229203730302,-0.00895346108000059,-0.00921064519724452,-0.004767995109389407,-0.003738049813311016,-0.0036493136929337338,-0.002439128354449082,-0.0049388465900968345,-0.004020204161040452,-0.0038231235846528325,-0.0026814368929877347
2023-06-06,0.004403184679716094,-0.0075332018461669705,0.002016955298070753,-0.006301496606616233,0.03446928333226702,0.05086426744870766,0.03474965842102756,0.02646863089464877,0.009414201121807915,-0.00753368145649339,0.004751754660903891,-0.001408546509019837,0.0025181759816290364,-0.009298694069044627,-2.5347196220281613e-05,-0.007431132427561157,0.004855456085577728,-0.00716774500537241,0.002329018064971605,-0.006239167671618447
2023-06-07,0.008253330916676533,0.0023941131717401714,0.00741207078387793,-0.00385992504606024,-0.03397566127408609,-0.031254947415014174,-0.033664691778811005,-0.04389897734219768,0.0012151655515494277,0.0023933827600412048,0.004137154484765984,-0.008377760992035022,0.00806286365652726,0.004175544229359701,0.007398499387549352,-0.002090960557739557,0.008564321290168514,0.0032613027086516606,0.007894293598738762,-0.0037846800658462914
2023-06-08,0.004105881849056212,0.010111744330942033,0.0048315439194358215,0.013614259256520366,0.007310911144695709,0.006564776781684192,0.007071778692044208,0.006441639362855625,0.004640053398329461,0.010112438642970378,0.004951968650211559,0.013276185493231958,0.004930201466045428,0.012784416813009852,0.006076228318675538,0.01316826338649684,0.003020136853252705,0.008084748517841786,0.0040871105991502725,0.013503156578447886
2023-06-09,-0.0028027315168983645,-0.001421677125915262,-0.002954679529544371,0.002246327967698427,-0.011508540340358876,-0.008834759571260025,-0.012142799479702055,-0.03251473107589528,-0.004253699654141783,-0.0014204959586083447,-0.003796242060474716,-0.0004664522291671693,-0.00293374357944882,-0.0010776141852964403,-0.0031037107635274773,0.0024231138026493356,-0.002276750109939606,-0.0011918977453758868,-0.002404888222852994,0.0022814629158376823
2023-06-10,,,,,-0.08270980281888682,-0.024796923149460907,-0.07764547043936734,-0.05119914316861562,,,,,,,,,,,,
2023-06-11,,,,,0.0016502033140609275,0.003977251685257456,0.00201429480621058,-0.002459816172415947,,,,,,,,,,,,
2023-06-12,0.005228664642244207,0.0017086710554347815,0.00446100033994622,0.009942874937718763,0.00048789843885728185,6.446197604168978e-05,0.0005996976118151306,-0.0003201382080662619,0.00443853694167972,0.0017094060702094894,0.003949496547066807,0.00841275710821427,0.004831044678351858,0.0008333847006108838,0.0037986478547236188,0.00782498504650928,0.004371751695953932,0.0011517620287194207,0.003790355097555913,0.00992751531476835
2023-06-13,0.007318719029048489,0.006529422428053767,0.006765354736668817,0.0249921245742647,0.0022993820597000175,0.001942734513976355,0.002245236066724161,-0.00017746672402420134,0.006482162867490409,0.006529286742656352,0.006341398434014129,0.020512261613791802,0.007292634434480968,0.0063675444645480625,0.006799231056693192,0.021542768154428668,0.0075798558345576686,0.005813737427535556,0.0066043357587419246,0.024992182700490355
2023-06-14,0.00012724349296770358,-0.00012574067799667776,0.0002948321691280735,0.011410405701822987,-0.04317234608044321,-0.028706216378186912,-0.042208440568591674,-0.045176103065102176,-0.0070893547692674475,-0.0001260913192158442,-0.003416829950144082,0.0024451338129773664,0.0004652846126857246,0.00019295576176549852,0.0005981873600844255,0.007685364043554204,-0.0016319494065106693,-0.00145549485696922,-0.0014608478329774528,0.011304090256408593
2023-06-15,0.0100035122001367,0.00881578590256046,0.010587654821097754,-0.0031170644191781567,0.005789103691559106,0.015959604348615024,0.006150128688410728,0.004363588784874343,0.00930111078204043,0.008814447080420305,0.010230684437094652,-0.002060013900635859,0.010636994710598029,0.009130400098266229,0.011209170369425345,-0.002762248992700016,0.009407789576300354,0.00838845530213744,0.009819025062331854,-0.0031782253779177967
2023-06-16,0.0005502064556709696,0.0024845483662320894,0.0012234179379915617,0.007081686966212782,0.011168012818247086,0.0254202632511678,0.012130636198091413,0.020079548239413453,0.0023198408494336555,0.002484000624745971,0.00214041655880228,0.008898052306953988,0.0012417063002019698,0.0017394733871053867,0.0017110324583545903,0.00895049592813796,0.000946162469515742,0.004766447218779425,0.001747717382939252,0.0071848194649045995
2023-06-17,,,,,0.00953205851289305,0.007882773312772961,0.009570538137313327,0.009227146646104079,,,,,,,,,,,,
2023-06-18,,,,,-0.005460914609440515,-0.008132568650727505,-0.005684743825986761,-0.010524498331173963,,,,,,,,,,,,
2023-06-19,,,,,0.006550246328475961,0.01713515095158145,0.00709318910884593,0.008276335883540934,,,,,,,,,,,,
2023-06-20,-0.012622406708579165,-0.008878086222685195,-0.011738962949370818,0.0061831232327860365,0.027151896154307277,0.04986541204706819,0.028339831732709028,0.028257737983229895,-0.005993356231431425,-0.008876892355952576,-0.008361659707546511,0.008862703896261188,-0.011547468429599557,-0.00957977107389001,-0.010792592322068011,0.004328644625207711,-0.012036307682859196,-0.008198389688272772,-0.011446664214293394,0.0062097386762028734
2023-06-21,-0.003164890673324904,-0.0019248306112901697,-0.002617801263625417,-0.006672179051004755,0.06914386829461867,0.05616074576421887,0.06743246985968696,0.05424687985045608,0.00888656915466569,-0.0019238227719000536,0.0035108577564424573,0.0004156131045149258,-0.002613132561000886,-0.001223080738238349,-0.002105745904754954,-0.006773216916166306,-0.0026440745411648496,-0.001972529443633563,-0.002226438527807609,-0.006684222258407864
2023-06-22,-0.005592422870120342,0.004720320239402822,-0.003623445922295851,0.0022114697558434193,-0.0036441032838237077,-0.0040924533615392614,-0.0036013355227578784,-0.003372406837530199,-0.005267702939070903,0.004720866593703892,-0.003652835455604519,0.00045280663877969563,-0.004576926635106813,0.004343106017567147,-0.002549222268204301,0.002371253649704112,-0.004659515546371779,0.00454949493703535,-0.0029985348163320486,0.002224834064263478
2023-06-23,-0.007259581439822719,-0.003666987431469157,-0.007049998897095512,-0.01173319863185043,0.0747016117794201,0.02515187966742506,0.06927381339559927,0.014165513915270357,0.006400617430051084,-0.0036664113032605222,-0.00039339922080967567,-0.006705709273950465,-0.006871833437431642,-0.004803242504478699,-0.00692085637857915,-0.011548917823557252,-0.00806455895341471,-0.004116048634695933,-0.00776371259645172,-0.011748046904239253
2023-06-24,,,,,0.011652634564868593,-0.0056248743668324795,0.009732510091229121,-0.012800837452889468,,,,,,,,,,,,
2023-06-25,,,,,-0.010868836642279278,-0.0005195283352146403,-0.009302598615512164,0.011643692596884657,,,,,,,,,,,,
2023-06-26,0.006682503230795585,0.0007852480468333987,0.006472535967079027,-0.015933078209218528,0.005978334015964881,-0.005235291625425867,0.004621641556814769,-0.024291792153063534,0.006565141694990466,0.0007848400547995483,0.006406269182891307,-0.015917275681488905,0.005527778027424761,-0.0019793043453285157,0.004660522669502247,-0.014684879772602088,0.006795238678184022,0.001032761929135439,0.006621064359159823,-0.01591619198648097
2023-06-27,0.00722289618202543,-0.00032269232579700143,0.00578203595316114,0.013306824798424127,0.02263140143154352,0.013209821759896774,0.02214788306290614,0.017170459773306942,0.009790980390278444,-0.00032399608264623535,0.007010208241913549,0.01181082908092874,0.005570482035273639,-0.003998597226373384,0.0035125707502179247,0.008323427623889153,0.0067858354704177625,-0.0012353714840271574,0.005225534890839794,0.013266701447346286
2023-06-28,-0.0017040372863230948,-0.003504773043571229,-0.00252850490660054,-0.0074352585731411154,-0.03996466241134235,-0.01843367482192934,-0.038107125528174746,-0.04019476140930138,-0.00808080814049297,-0.0035041817037259823,-0.005580367055469821,-0.011279938926862663,-0.002329544444352508,-0.0014896650969620628,-0.0029377792040783998,-0.006429105033208513,-0.0016313782311853104,-0.004472346186245877,-0.0024814741120278315,-0.007444289387655051
2023-06-29,0.006333876012833469,0.0013545805407398186,0.0054526740030670165,0.0019538624551199207,0.029699728716752083,0.011668894711404866,0.028164582992226326,0.017977632587669504,0.010228184796819905,0.0013546499478115457,0.007451503188906775,0.003917392354899443,0.00533636035799224,6.733474423610241e-05,0.004619902445808006,0.0021903662250175844,0.00640201772219737,0.0020646653639345295,0.005571418447982529,0.001977779643920952
2023-06-30,0.008314033679412115,0.011299369801202485,0.008654263550101635,0.020690855309584096,0.09404904955033086,0.003555024011623107,0.08748303356015527,0.04120305728137731,0.022603202991231905,0.011301286994263832,0.01553120382844364,0.024128291327194754,0.009327735077399407,0.01224686734062166,0.009701815112483378,0.019348480983354115,0.009203738824742421,0.01041708215024188,0.009398609322653616,0.02067839936336953
2023-07-01,,,,,-0.0018449409424392102,0.0047970113630943735,-0.0014934602185855586,0.0016764688115700475,,,,,,,,,,,,
2023-07-02,,,,,0.005238620849933817,-0.0009388426031094046,0.005221278995467845,0.002672876959759348,,,,,,,,,,,,
2023-07-03,0.005677130992006776,0.0035741569928056174,0.005489312874329577,0.00432878800639216,-0.005122109370999129,0.017531088204002475,-0.0034652259890419084,0.011204107350002244,0.003877257598172459,0.0035762120435118487,0.004688398810901243,0.00495571787974711,0.004687311758960634,0.0025070645530981587,0.004368595682056245,0.0034693153195687523,0.006076681369292583,0.003748955835470625,0.005680789180410474,0.004380515956562024
2023-07-04,,,,,-0.01944257981250476,-0.011163297659357915,-0.018450605371334923,-0.009367056311462514,,,,,,,,,,,,
2023-07-05,-0.004240653464778886,-0.002080140836679702,-0.0035862734433580626,-0.003936696113431103,-0.015160100684215774,-0.00757181320764956,-0.014645286729733316,-0.014345425911557713,-0.006060561334685034,-0.002094429310810292,-0.0043943742465192065,-0.0038024763438315092,-0.0013261602688923427,0.001262391416308465,-0.000325527568790413,0.002499296605379538,-0.004813184496776568,-0.0011924988969686421,-0.00373767312923874,-0.00383636857661098
2023-07-06,-0.012084138933912188,-0.008585634139515637,-0.01147514047654876,-0.003961173953298216,-0.025132335253464935,-0.017359140570462485,-0.024743748732287088,-0.025661445728130502,-0.014258838320504313,-0.008589615278448058,-0.01262519035732372,-0.006462844295356035,-0.010765016411112667,-0.007390542377608422,-0.010074533439463722,-0.00386938091585367,-0.012091903892215768,-0.008697595656312278,-0.01165598518633903,-0.0038829281600946215
2023-07-07,0.0006819149565187499,-0.01274967664923438,-0.0019449887896656878,0.0030969593152935376,0.01796298117539279,0.015187433217288118,0.017655508052304134,0.013860160780600577,0.003562092659664423,-0.012727723595268754,-0.0003383258297312672,0.004903043037111871,-0.001821634628083964,-0.015191432799243287,-0.00464749397778309,-0.0011144138782524494,0.0014631281369638749,-0.01150740458100931,-0.0010495984836784785,0.0031793476006494355
2023-07-08,,,,,0.0015316509312837676,0.0003894449529435605,0.0018790203285809293,0.003728197313912671,,,,,,,,,,,,
2023-07-09,,,,,-0.013726282828247383,-0.007160129141007677,-0.013507313026944441,-0.008320663369089888,,,,,,,,,,,,
2023-07-10,0.004779669698334351,0.005394795188588124,0.0048449853663873,-0.0012067510580829487,0.01268697689227245,0.00721367000647648,0.01221622852873221,0.008819236153053682,0.006097554230657368,0.005399203991211796,0.005423940921984774,-7.085937475631967e-05,0.0044490568514829205,0.0061375162799344385,0.004608448443589988,-0.0029677106899686635,0.003899345912680698,0.0025716639042145883,0.003433775669953211,-0.0013820640011899489
2023-07-11,0.014211688018259463,0.011868731849594185,0.013658046536649107,0.01154837910021733,0.0002996987373478535,0.005655808849217237,0.0005674191818333984,0.0017117316832670174,0.011893023138107528,0.01187295584230781,0.012461083194694817,0.009455698226789598,0.012773010996058941,0.012067665245057434,0.012477368206704947,0.010040231061961398,0.013025742383135492,0.010879311835820292,0.012263090450841365,0.011576648780393096
2023-07-12,0.00823735096035434,0.0015091368491369662,0.007367499433012514,0.015831829738700662,-0.004325411937046787,-0.005881539997421734,-0.004384332094818889,-0.003980407711475687,0.006143557144120818,0.001536180948367839,0.006318954413696306,0.012570197431722137,0.007421808093228462,-0.0004945880764207185,0.006206268657934864,0.01172954083852488,0.00823006063102969,0.0011089529236080176,0.0074136762835382165,0.01578404455552449
2023-07-13,0.00561328999863137,0.0011791367690707952,0.004772784199870619,0.01931559565328172,0.1954993284896968,0.03717855977124621,0.18649295294720603,0.09802414704822121,0.03726096308047561,0.0011786883806400386,0.02065902206056963,0.029957395936139736,0.005917070366629963,0.0021636275350343476,0.005254745411479688,0.01618045615501335,0.005265203625627849,0.001444293300849702,0.004515762250189074,0.01929835045292155
2023-07-14,-0.0066096874337457714,0.0043618425929280915,-0.004791085842109553,-0.003644289431388203,-0.06154752460039317,-0.0345981835714119,-0.05980459473119161,-0.040267853073017695,-0.015765993628187,0.004347286408868051,-0.009519266929972108,-0.008285082848196271,-0.005142291784417354,0.006738592792532823,-0.0030248037500385213,0.0017561683017985222,-0.007099021305659028,0.00416812374166617,-0.0055314798178970875,-0.003559085922565235
2023-07-15,,,,,-0.01001040605553859,0.0002753801837737757,-0.009255581727186175,-0.0027222597410932,,,,,,,,,,,,
2023-07-16,,,,,-0.005380767728361047,-0.002819623196486363,-0.005076602979312172,-0.010467987355458406,,,,,,,,,,,,
2023-07-17,-0.0035596088175880564,-0.004326615906881187,-0.004647769514705742,0.007787727372086885,-0.004097995284557188,-0.002819131015528083,-0.004324463761591188,-0.005538699156969339,-0.0036493398954162443,-0.00433488110107729,-0.004779991781327239,0.006120293877794699,-0.00511968487223931,-0.003050760934114767,-0.005859368895905665,0.0043466759579551964,-0.004647825400518014,-0.007029586064352779,-0.00615433847255871,0.007709107674636421
2023-07-18,0.00593620275282303,0.003136070718001628,0.004814608349927817,0.019160436363201867,0.0006437713452430386,-0.008753002694976506,0.0003129665569532973,-0.008295201812990457,0.005054130851559698,0.0031407901562780396,0.004401389404884228,0.0153453772064755,0.003441085532847629,0.0031479373747210788,0.0025998264615193683,0.017280914192500073,0.004580832534541747,0.0028627764821542315,0.0035477193003609206,0.019189496654861606
2023-07-19,0.006037952272526241,0.0043618595327664985,0.006140316963128814,-0.007857612991888002,0.029475186809692955,0.0024122082582163857,0.027996719274224445,0.006639612037879339,0.009944158028720692,0.004367806790724241,0.008203954949733541,-0.005769193385650606,0.0053405288692169985,0.003938634219362992,0.005512587305936359,-0.003435235252152641,0.007367507246245545,0.007220135845556477,0.007965304703279006,-0.007861921656745475
2023-07-20,0.0017480758015509061,0.007996967989582398,0.002570988025116077,-0.006180811259625279,-0.00025280173185267046,-0.0030182239968537094,-0.00037809132941245055,-0.002641147638137816,0.0014145962126503103,0.007944840001915185,0.002547550615641195,-0.004300735019375681,0.003642063799654691,0.011584271424071356,0.005323461718826557,0.0023013061354985234,0.0019238952275364015,0.008881716400596495,0.0030823144354181166,-0.006038171560992546
2023-07-21,0.004489892359851596,0.007385594647037029,0.005650258901593548,-0.011428800516725065,-0.0015039225025845096,0.0032938741459224226,-0.001484838771736407,-0.001303490795805907,0.003490923216112245,0.0073932461294264834,0.005094383489650311,-0.009194589563899576,0.005806568662840333,0.007254823867338792,0.00681980704351243,-0.006212288754367025,0.005378380490188356,0.00759592428811375,0.006551387991044549,-0.011418788386387074
2023-07-22,,,,,-0.012805089144875936,0.000591023889429762,-0.01148178118590664,-0.007307178766058529,,,,,,,,,,,,
2023-07-23,,,,,0.013126348690180534,0.008675552494167718,0.012613924245662513,0.012711831870262827,,,,,,,,,,,,
2023-07-24,0.005464941830862187,-0.0033208647966684007,0.003877880062106037,0.006209292417211041,-0.039110888204281935,-0.029294807638324122,-0.03823595253160735,-0.023849488366121604,-0.0019643631749951674,-0.0033232976965258385,0.00023066513921515472,0.0006972976719471819,0.005055997648628364,-0.006138335343365343,0.0030877010954097643,0.0030574928249699094,0.004960245708304924,-0.0015853777955999768,0.003478570502203143,0.006438408845945804
2023-07-25,0.0034160131953540488,0.0005592835600593039,0.002437229115200507,0.01697368023508706,0.0004515707248740951,0.0021052956677704137,0.0007168312967431221,0.0028182729863291374,0.002921939450274057,0.0005524622399276213,0.0021864179202925747,0.014138815638128875,0.002182281023514433,-0.0014543716732825967,0.0008607381755301544,0.009624502486987692,0.003580591706328516,1.943097223199323e-05,0.0020622695531641692,0.01693859783762621
2023-07-26,0.002190463077594868,0.002402157028679081,0.0018067543781656499,-0.0077791565633875065,0.015362130043130941,0.004504888027049159,0.014706781155570062,0.007652956606290102,0.004385740905184215,0.002389210966437786,0.003021344507489538,-0.005059315004983687,0.002969115591750848,0.002144451762235211,0.0025987029553972514,-0.004784553014171003,-0.0004815316374967725,0.0033322217628162032,0.00011530269200985715,-0.007759310777871347
2023-07-27,-0.004634011643839129,-0.005113177954736488,-0.005287452936448734,0.0168924578360894,0.0022443134630713455,-0.004061105009152069,0.0018080482245047098,-0.0036600541679751263,-0.0034876241260207164,-0.005131238014332548,-0.004739887779185146,0.015237515246632895,-0.0036569431620634718,-0.0014785614635242756,-0.004115101575000946,0.024145454940144424,-0.0033032190077360427,-0.0034848114619199836,-0.003753992323176806,0.01732362016366324
2023-07-28,0.004241321399844555,0.004573371899383125,0.0037112833272836153,0.012235765262577497,0.007462819176447866,0.006991877235770329,0.007751144326385755,0.010811763023411117,0.004778237695945108,0.004575954955326593,0.003931659421440954,0.012848251159129163,0.0020083814944314013,0.003490166179459452,0.0014810238809955423,0.012620421824941544,0.003550387391011354,0.00466247754725449,0.0031699089809828895,0.012297459290532591
2023-07-29,,,,,0.0033636404367188956,-0.00146656042872709,0.0028655853259189714,0.0011294294206064194,,,,,,,,,,,,
2023-07-30,,,,,-0.0018887354070578296,-0.006954756218114111,-0.0029054847520826686,-0.010360052178444403,,,,,,,,,,,,
2023-07-31,0.00431474159010003,-0.0024479161216135422,0.0027677474212056104,0.002639448143645645,-0.01723273511035757,-0.004309804928200538,-0.016540678309758954,-0.009609580791804842,0.0007234954733570981,-0.0024351926716362302,0.0010224425648270123,-0.0003179657552019428,0.0027147263398133274,-0.004529198028109161,0.000871003669107106,-0.0006715506658796372,0.005781352110127789,-0.002357064188672816,0.004157347349660353,0.0026385780110915035
2023-08-01,-0.003631701024004782,-0.008328339939776908,-0.004526544158458519,-0.003343000831028489,0.008097901202082248,0.014400815103453627,0.00858883669057759,0.008351065006356663,-0.0016767673196569442,-0.008331118804424935,-0.003501066886334908,-0.001809099467758214,-0.004005164333240026,-0.007675941848442006,-0.004747254055552832,-0.00187083470689587,-0.003403379906029052,-0.008722096461423143,-0.004166570196657966,-0.003343000831028489
2023-08-02,-0.013699281238668084,-0.009997503613387977,-0.012553213976441378,-0.021087455807208364,-0.03714694707929564,-0.018751537865263544,-0.03593953044865794,-0.022411266798935285,-0.017607225545439344,-0.010001958636706998,-0.014334633290201796,-0.021279040815077182,-0.015613762614671102,-0.01466128285952833,-0.015004286546740114,-0.02944945995293408,-0.013164647579026998,-0.0081766848222909,-0.011469921837776882,-0.021087455807208364
2023-08-03,-0.004931584621457255,-0.0034773356241666825,-0.005926953235302367,0.0042253755688003,-0.01737553628357058,0.0017765779822110465,-0.01598877967351954,-0.005623712245060861,-0.00700557656514281,-0.003493495401125263,-0.006873724709517174,0.0017253078605528492,-0.0029186936416845067,-0.002664028914830374,-0.0039688031227948254,0.00658867869807583,-0.005323738506680905,-0.0037500231578177358,-0.006589235769036108,0.0042253755688003
2023-08-04,-0.0021970232173001113,-0.004098309417788075,-0.002323197060687908,-0.007204535069200301,-0.007302872222976842,-0.003757155536265987,-0.007046466586150959,-0.0035481885559805904,-0.0030479980515795663,-0.004065552793897842,-0.00275789826711615,-0.008365656807964906,-0.002182324905108447,-0.006841769025523061,-0.0027285065180968275,-0.007315748606927181,-0.001974982345897763,-0.007575444263585561,-0.0026877331936616886,-0.007204535069200301
2023-08-05,,,,,0.004349784985149952,4.662722633002757e-05,0.004175719649211382,0.0036485858751095727,,,,,,,,,,,,
2023-08-06,,,,,-0.005434122335717784,-0.0008044664918614311,-0.005200922815519856,-0.004788390238921993,,,,,,,,,,,,
2023-08-07,0.00802041392341124,0.011151354845000067,0.00823711907065961,0.01522370638489914,0.00701631019083232,0.00406919832630738,0.006680794981766017,-0.001657332144257759,0.007853063301314753,0.011137505945832056,0.008154711480428432,0.013260582906783577,0.008694082398618248,0.012009537262894967,0.00909279074949341,0.014231233824118353,0.00756469703128714,0.009982644903830242,0.007520133852591853,0.01522370638489914
2023-08-08,-0.003440940743932581,-0.004480341140869393,-0.003056133203689745,-0.007441375562094325,0.014720931908673896,0.01780976388419247,0.014827845231883676,0.016239996403637786,-0.00041396196849816775,-0.004497665184939053,-0.0014465271376536246,-0.004309835242592997,-0.0037934169959403133,-0.004981025242885769,-0.0033770931870226086,-0.007857303861371644,-0.002945275424163131,-0.003857894010391758,-0.002610214796417476,-0.007441375562094325
2023-08-09,-0.001925595822674384,0.0013683957098988941,-0.0009123640597701126,-0.01623825150168048,-0.002395454912777484,-0.006184216281073276,-0.0024666094125857393,0.0017223883252263687,-0.0020039056710249013,0.0013576043395568194,-0.0009389006105515483,-0.013510902238336219,-0.001832741679277575,0.00236039059844832,-0.000704426947634129,-0.02325596274137709,-0.0019225663602172446,0.0017706237200312536,-0.000850241438309161,-0.01623825150168048
2023-08-10,0.0009644399956669527,-0.0010044479420310399,0.000892401898750509,-0.003954814576684747,-0.010313452290058634,-0.003132926627666731,-0.009603329666697167,-0.004083656914422463,-0.0009152087186206453,-0.0009983833494103032,-2.3875748340135408e-05,-0.003768655379446044,0.0001558628856982249,-0.0009083761676117135,0.00021842683443248185,-0.0071613626635106415,0.0008220180913430671,-0.0011517573387214586,0.000679339917815461,-0.003954814576684747
2023-08-11,0.0016758150228857096,0.00629593983592302,0.002334276550452782,-0.011927336659566315,-0.0025053540918613675,-0.0011060029202859764,-0.0023630838554317803,-0.003338245595540392,0.0009789535037611965,0.006274201945341248,0.0020184482065808934,-0.01000760493468357,0.0015447893694626065,0.005158401608046396,0.0019927283667808405,-0.01669289374334572,0.001857352694787537,0.007255395315139341,0.0026935312316746732,-0.011927336659566315
2023-08-12,,,,,-3.937036608947508e-06,0.0009866386954197235,-1.445959206130415e-05,-0.00017200727740332704,,,,,,,,,,,,
2023-08-13,,,,,-0.006202337709924489,-0.004509237216536923,-0.006100507974493734,-0.005585299404209036,,,,,,,,,,,,
2023-08-14,0.0017062775996715214,-0.0023892272308105693,0.0005443044904601517,0.03543212137144333,0.0019515992508783108,0.004281479736586068,0.0021671879699523347,0.0032942760160783752,0.0017471645415393204,-0.002396665482560492,0.0005120896091844998,0.029690349679699992,0.0027445505043668544,-0.004473090681956201,0.001055787333295466,0.04630722132135939,0.0023442892965571827,-0.002071723152879226,0.001292468410307416,0.03543212137144333
2023-08-15,-0.01322545628250715,-0.008413263098431021,-0.012117213424601373,-0.0023460332356312306,-0.028483106955607816,-0.008885992439135406,-0.026705629802490624,-0.014969622300123182,-0.015768398061357262,-0.008419734698581484,-0.013382212034163026,-0.005928301934575277,-0.013151122490583152,-0.009419676497733127,-0.012189282172619548,-0.0033146906709658353,-0.013212915628050667,-0.008365879649938512,-0.012033736377893633,-0.0023460332356312306
2023-08-16,-0.008186117279367163,-0.00393021041578178,-0.007290405030156226,-0.006504662492900061,-0.038900734619718665,-0.01674371764826224,-0.036941330371460065,-0.01635516085402152,-0.013305220169425744,-0.003944531060575839,-0.009861906591356766,-0.009142586609706106,-0.00826412368546681,-0.004028115176802481,-0.00733572407075712,-0.007296289575114264,-0.008928135929779344,-0.0026940987117334407,-0.007908368619701272,-0.006504662492900061
2023-08-17,-0.004655788275770239,-0.009630660296386316,-0.0052093635719942365,-0.005888900693926955,-0.08842940887497386,-0.06567475918912599,-0.08606991544284916,-0.06308706441683988,-0.01861805837563751,-0.009599516464691062,-0.012080217390647217,-0.016621503099136882,-0.006211186804035716,-0.012587123483780764,-0.006985740602193439,-0.004462786917992859,-0.004626009911390623,-0.007190860618940429,-0.0048431173461594024,-0.005888900693926955
2023-08-18,0.001733029370723882,0.0016032183608642627,0.0012480195234197057,0.00044898573943464665,0.006166164594595425,-0.020001094244483198,0.004145417027706366,-0.0023981393430032123,0.002471885241369139,0.0015913508524087313,0.001562574202920058,0.0013282847119345071,0.0021367223546454334,0.0020929422694065634,0.0016442739156622588,0.00041618369889759787,0.0024305448466133196,0.001889004813187183,0.0019786063689718547,0.00044898573943464665
2023-08-19,,,,,0.01446029421699644,0.00328359872595433,0.013649321442345697,0.009238597863681603,,,,,,,,,,,,
2023-08-20,,,,,0.01688367261580164,0.006004994602187039,0.016359619266571403,0.01165424498508516,,,,,,,,,,,,
2023-08-21,-0.0005131283529655395,-0.00045745046153424217,-0.00105535555309782,0.03230122486677862,-0.009879608817271868,-0.0033930103743436495,-0.009514998022028681,-0.014344038213637904,-0.0020742084303499277,-0.00047616880170847544,-0.0019249784493502768,0.025105045855834236,0.00038488863890633545,-0.0006366037888711813,-0.00035336359661053255,0.04100847790742671,-0.0003294839701573978,-0.0006820435276687643,-0.0009858245415229573,0.03230122486677862
2023-08-22,-0.004904403466574166,-0.003050200846394207,-0.003928032261215484,-0.014719091446844426,-0.014368192690346893,-0.0026603260317812328,-0.013640830633248063,-0.016321533611285265,-0.006481701670536287,-0.0030507830026717275,-0.004749552207250637,-0.014269694221917094,-0.004237885206055551,0.00023617857002538803,-0.0028479274113264947,-0.01457735226793216,-0.004509124086047572,-0.004518526292184049,-0.003860774760795007,-0.014719091446844426
2023-08-23,0.007321780440630267,0.010935780129986746,0.0077675459650971435,0.007525053055769984,0.03150211746919023,0.016904228668446836,0.03041018803439556,0.029620592638571266,0.011351836612056927,0.01093552984003243,0.00962761765111506,0.010403288363833162,0.007025771677730384,0.008240674265708054,0.006981254519020659,0.011736323975755004,0.006783530238110458,0.010519424469946309,0.00739907719323013,0.007525053055769984
2023-08-24,-0.012228581664713429,-0.008750723830302695,-0.011354288326386906,-0.003459635424826203,-0.012132670149970028,-0.010582808264258068,-0.01205064199682655,-0.011210475992560824,-0.012212596412256194,-0.00874578786097014,-0.011264783760839801,-0.005107736302956758,-0.013168216681364558,-0.007754098405641454,-0.011986517869472545,-0.003914950979569845,-0.012712535131137133,-0.008139660737169391,-0.011607118656817801,-0.003459635424826203
2023-08-25,0.004912513294952161,0.0026775564311888453,0.00451554833834238,-0.008828126236463398,-0.001097954023416292,-0.0028848971006194646,-0.001167545683557506,-0.005051617801348401,0.003910768741890752,0.002673178054029753,0.004063818325339103,-0.006582896955772519,0.005194412295041945,0.0021843599901691544,0.004729152302929357,-0.011301386697965115,0.004712398994654013,0.0022477510654129495,0.004290862360551915,-0.008828126236463398
2023-08-26,,,,,-0.00558602193954032,-0.0009886991741996374,-0.005114902621032659,-0.0024164541929116105,,,,,,,,,,,,
2023-08-27,,,,,0.009236659750104226,0.002886994129808795,0.008646715267139386,0.0065199534084210125,,,,,,,,,,,,
2023-08-28,0.008364884527056863,0.006070941611141584,0.007373755923833969,0.010976748896266816,-0.005905699793415331,-0.0011236536268270305,-0.005553342239193475,-0.0007361233156876041,0.005986453806978164,0.006064277075482567,0.006184358000428046,0.00825545300838491,0.008747723999263383,0.007042705980406112,0.007898994886084667,0.01277866500278478,0.008194078370122811,0.005966609721822176,0.007204804915461315,0.010976748896266816
2023-08-29,0.011982477817999243,0.008533916281267016,0.011513686770386066,0.02313237835450624,0.055070350603778455,0.05638238593318158,0.05422738618231199,0.036311924633001605,0.019163789948962444,0.008527436502776205,0.01510856115731865,0.02390252515908564,0.012844927331399452,0.00864078745777496,0.012338774287418655,0.030284620592108312,0.012131195633717035,0.008197451075359038,0.011705007922557385,0.02313237835450624
2023-08-30,0.001584965920883681,0.001500926249517102,0.0013770815094813578,0.0038423622659302685,-0.022248078588893397,-0.016266772888267857,-0.021782440739132908,-0.017592329039975402,-0.0023872081640791652,0.001495802150224118,-0.000636788569412203,-0.0003509453576076001,0.0021602515995789422,0.0020065354017783634,0.001888673653931982,0.003014115168840085,0.0017327426516074115,0.0016788164341692263,0.0015875791901150545,0.0038423622659302685
2023-08-31,-0.003055568691088684,-0.004275522154987053,-0.003743573006092688,-0.00037299931562557044,-0.03801269052597048,-0.042616703420258174,-0.03752629433502161,-0.029341803476675678,-0.008881755663568981,-0.004303348234963722,-0.006677731652195659,-0.0037574643272033532,-0.0021052201363513023,-0.0038921464412063744,-0.0028226795610243162,0.002830622734561393,-0.0032489479945337837,-0.004569372847317442,-0.0037477787938306555,-0.00037299931562557044
2023-09-01,0.004049068438607958,-8.095737158496402e-05,0.0026373395865581517,-0.0029187009829249183,-0.01292870110631118,-0.005402940543988696,-0.01235296528004445,-0.008322464109678664,0.0012194401811214364,-7.786763561407327e-05,0.0012970003293288435,-0.003957696572578241,0.004164299262538523,-0.0004929842365240002,0.0027113474954950753,0.000704750332188123,0.0037379968789289226,-6.786032992677545e-05,0.0024426374529479358,-0.0029187009829249183
2023-09-02,,,,,0.0021511719438193524,0.003785276789331133,0.002615224212406804,0.006092680818676526,,,,,,,,,,,,
2023-09-03,,,,,0.006164628955449203,0.003448683751678721,0.005755100684260038,-0.0006624216998808372,,,,,,,,,,,,
2023-09-04,,,,,0.0031609911132003286,-0.004739145095758818,0.0026096164402940147,-0.0016435604247915878,,,,,,,,,,,,
2023-09-05,-0.008724813019335219,-0.010619406932515405,-0.009787911244441765,-0.007865219181928194,-0.0016046155696309739,-0.0011263055772842093,-0.0016019605763955328,0.00264690996864143,-0.007538113444384513,-0.010616797180343087,-0.009180181936881585,-0.007183230557363358,-0.008871658243219178,-0.009923057757640096,-0.009962622223452046,-0.010118984536427345,-0.008313555833903839,-0.01054541998775731,-0.009601552026072609,-0.007865219181928194
2023-09-06,-0.00417614715166231,-0.0024268433482158907,-0.003915446550038249,-0.015504665547810353,0.0014576500461318865,0.00128692776952972,0.001678855277720466,0.002251412798064352,-0.003237180952029943,-0.002424338512121935,-0.0034311057306080426,-0.012495524547230338,-0.00480782136926198,-0.0014716834044420817,-0.004402253524235192,-0.011641813805849895,-0.004188831193973549,-0.002022763006726082,-0.0036031668810106725,-0.015504665547810353
2023-09-07,-0.0001734081651079624,0.006365714887749214,0.0017819536836887837,0.0016256363080039736,0.007585107840102845,0.016944802207798242,0.008095010857526144,0.006678805106026799,0.0011196778357605056,0.006371857526670457,0.00239031366989867,0.0028093930891711135,0.001066705486766368,0.0074359736151550105,0.0029708500987272934,0.00768426009350012,3.95324063792897e-05,0.006715719021315757,0.0022460530420907138,0.0016256363080039736
2023-09-08,0.002637923536046846,0.0059923189518169,0.003697511288003475,-0.0105735454906266,-0.005058567600027019,-0.011116491519355624,-0.005450655759917477,-0.006851984299962365,0.001355175013367869,0.005994543188632414,0.0030186247363672997,-0.009443878340797584,0.0031609002506227768,0.004020810968773674,0.003938543734723642,-0.008357934018798478,0.0016170367696768187,0.003990719467879527,0.0024459664241516833,-0.0105735454906266
2023-09-09,,,,,0.0036530195165871754,-0.0003037359640191067,0.0033656270410744446,-0.000978258729514644,,,,,,,,,,,,
2023-09-10,,,,,-0.01358203824648161,-0.0033867776466951294,-0.012883772958464233,-0.01222644447449722,,,,,,,,,,,,
2023-09-11,0.002865687446399157,0.0057628620459706185,0.0038696033077583536,-0.005953290016933072,-0.03317390146200887,-0.024098099256348055,-0.03242172122511583,-0.033794031712792445,-0.0031409107050021793,0.005762232837282746,0.000741582554520265,-0.008489919804675401,0.0020726550873864046,0.005866192825788078,0.0033683675622587558,-0.004549800915699618,0.002564470159553711,0.005407137285965914,0.003483298045946298,-0.005953290016933072
2023-09-12,0.002308243851204291,-0.0030147862261167835,0.0007034883773479037,-0.002025790709423625,0.02023627737002509,0.028504449869972845,0.02110381079253026,0.026913907781936874,0.005296249437674424,-0.003008074998114134,0.002484028770734212,0.001628613688489071,0.0022787923522059796,-0.0029529271409918624,0.000783652429658447,-0.000997566516800223,0.0037441724176467462,-0.0030646557272238587,0.0020155895316852604,-0.002025790709423625
2023-09-13,-0.000967227096617391,0.0001749385814777347,-0.00012667198663490005,0.007422712349332363,0.0109101377122229,0.014066052213278668,0.011115657481048424,0.00949960420585741,0.0010123337048559904,0.0001715297632756776,0.0007724272143296999,0.007905255829994347,-0.00028888043205501214,0.0011975450556168299,0.0002791240266580898,0.007540604234769007,-0.000958571226701743,0.0004605239080783625,-1.4492582573304331e-05,0.007422712349332363
2023-09-14,0.012360870706178879,0.010203562504229437,0.012214740803912088,0.01312360603740969,0.015075647116377933,0.014123717617642832,0.015158945847340293,0.014194211936719913,0.012813333441212053,0.010201252898925726,0.0125722433755417,0.013688180698560839,0.012250786933922626,0.01095516586145981,0.012258861281428172,0.015115514839007024,0.013016057886851496,0.011229921679601976,0.012921901759570453,0.01312360603740969
2023-09-15,-0.010489077213557504,-0.007397416350824151,-0.00944281129716151,-0.0321656568582183,0.017594204754288655,0.002783294845566967,0.016457016273438346,0.006270937954004071,-0.005808530218916478,-0.007396004263146916,-0.007124258146978146,-0.0255622815919776,-0.011383574523816251,-0.007240627676458375,-0.010230369223549052,-0.0279889344930349,-0.0108105944484118,-0.006428964092635421,-0.009616621224270337,-0.0321656568582183
2023-09-16,,,,,-0.0038962074747921236,-0.002073451207130753,-0.003892722115518714,-0.0036956859441689546,,,,,,,,,,,,
2023-09-17,,,,,-0.01639326751851299,-0.0013282896030183153,-0.015136397524802572,-0.0075506691174698996,,,,,,,,,,,,
2023-09-18,-0.00024995003851792526,-0.0003908377471248481,-0.0004697259150222979,0.003988595522603099,0.01968908084512331,0.00825699493967452,0.018755294860998986,0.01039196288353492,0.0030732217754222803,-0.0003904946288554753,0.0012013469586827992,0.005378204257720334,-0.0001662804432227272,0.00042091225548188387,-0.00020967761590080807,0.00560435141786631,-0.000863885188445263,0.0009563516494079847,-0.0007651019944093589,0.003988595522603099
2023-09-19,-0.0042135020148569065,-0.0004236354377845474,-0.003329236749635936,-9.458266722484673e-05,0.011995626949226113,0.01582053222602168,0.01210332899148995,0.0060258584984657915,-0.0015119805208430712,-0.0004232436831578841,-0.002031439977530328,0.0008064534007471511,-0.004676975711990031,-0.0009688382470537264,-0.004073007620629907,0.00081315942834758,-0.004468867256310566,-0.0008101769035752331,-0.0035605397640359063,-9.458266722484673e-05
2023-09-20,-0.005264643861468342,0.0014156903577998941,-0.0033264195626416465,-0.015542342322806347,-0.010665434056974475,-0.002673981639640073,-0.010285987388298654,-0.011130202590275293,-0.006164775560719363,0.0014155041622732091,-0.003803951339043111,-0.013414316646759725,-0.0051596663238425294,0.002191413801428259,-0.003041760197005109,-0.01104347633101519,-0.005861489170931407,0.002165290446387914,-0.0038191279711519907,-0.015542342322806347
2023-09-21,-0.018588068789013295,-0.011654597159396238,-0.01738080543019193,-0.01770195616924073,-0.019800399291338335,-0.020352245776917452,-0.019787510694827672,-0.02290286403619977,-0.018790123872734134,-0.011653839667949192,-0.01753242002041292,-0.01768682667859581,-0.019121123295570898,-0.01137569304759014,-0.017796821557766372,-0.013502352634140992,-0.0176422234659391,-0.011386967015401627,-0.01645247096099596,-0.01770195616924073
2023-09-22,-0.003334126405642404,-0.00010013652451276013,-0.00293426596091916,0.0065061380601940996,0.0012225372952483825,0.00082446230566843,0.001261459065265427,0.003937756275474857,-0.0025746824554939395,-9.731119263628735e-05,-0.002620552448961419,0.005906958563811455,-0.003218871323263499,-0.0004515196637426534,-0.0029131155001859894,0.0036628184809468383,-0.0038959813630683286,-0.0006343520624368876,-0.0037053913560752463,0.0065061380601940996
2023-09-23,,,,,0.0025781426251764274,0.00036557280090728097,0.0024413490904382543,0.0016106813806136128,,,,,,,,,,,,
2023-09-24,,,,,-0.013020335411775552,-0.010733832565635645,-0.0126800144286351,-0.007789887893936146,,,,,,,,,,,,
2023-09-25,0.002086940375641444,-0.0004482377534729756,0.0011622064087490878,0.013670496014621208,0.008710390048507412,0.0028070072238624384,0.008425730345410673,0.007066976406166625,0.003190848654452439,-0.000446593515340039,0.0017408482734717974,0.01299358815867576,0.0018917074136618585,0.0005463772145654451,0.0012503970528585549,0.013355505983833752,0.0023981457126389023,-0.0007279053329797315,0.0014803775241135008,0.013670496014621208
2023-09-26,-0.012038678588931189,-0.005898387349171992,-0.011557502761984122,-0.009712018121498934,-0.0030991371631249546,-0.002667791511606188,-0.0029019274606214528,0.0018621338309118532,-0.010548755017963485,-0.005897745959178661,-0.01084199548401846,-0.008621686297614457,-0.012566127231830345,-0.005967071271057259,-0.012247869416599274,-0.009293921423856103,-0.012206246901762845,-0.0066947361729282635,-0.011841321864533582,-0.009712018121498934
2023-09-27,-0.0014106684457594158,-0.009009526538884316,-0.0038669133761136884,0.009688034490498808,0.009322785106952891,0.005627385195169602,0.008864920075806103,0.002619926355381789,0.00037824047969263583,-0.009013368941610561,-0.0027814087340865988,0.008411659364217464,-0.0018299816468523437,-0.008159697263812155,-0.004193518338414363,0.006635277229930874,-0.002064231079104041,-0.009800529024002216,-0.004615037152365369,0.009688034490498808
2023-09-28,0.004051206390830819,0.0016474615442012336,0.0033810923223350224,0.007361975606035041,0.02507332442056951,0.02419137487253079,0.024989293882056104,0.028715571621051397,0.0075548927291205995,0.001645249328364331,0.005098033934615074,0.009094166815855372,0.002892228626119895,0.00017739525687182509,0.001979734898174703,0.004321942481528531,0.0033270952097359135,0.0008036019525261938,0.0027914594752955733,0.007361975606035041
2023-09-29,-0.0010645976616187158,-0.006666149662997591,-0.0013670938758206057,-0.006010255916952966,0.005434094670924461,-0.00029084622485605867,0.005413028032854374,0.010563464581332178,1.8517727138480408e-05,-0.006671164656597101,-0.0008198606585203917,-0.003313495530076569,-0.0007020539689038393,-0.007529243030352342,-0.0011544316492117712,-0.010488552428858582,-0.0018592249442962712,-0.006638046001978246,-0.002461450894328624,-0.006010255916952966
2023-09-30,,,,,0.004049637744505441,0.0012366036304152406,0.0036570035776674276,0.0037978044775956376,,,,,,,,,,,,
2023-10-01,,,,,0.02950824562609182,0.035084789331219404,0.029880764189262436,0.03405438971840068,,,,,,,,,,,,
2023-10-02,-0.014277794548844161,-0.00964863467544204,-0.014528262296917714,0.005796858857642157,-0.02263630601154587,-0.017644560261496342,-0.022690091132119686,-0.03534077485933653,-0.01567087979262778,-0.009649488101428379,-0.015384868259611578,0.0006629943652043625,-0.014222180961411802,-0.008845490549626342,-0.014605855406096338,0.005361020806340363,-0.014386814984354093,-0.01064405903078564,-0.014569118490150933,0.005796858857642157
2023-10-03,-0.008623840049693497,-0.008328544902702135,-0.008367503985113562,-0.011062999510492283,0.00018829581268208244,0.0012961001909741242,0.000900315221537632,0.006648483920768927,-0.007155150739297565,-0.008328566600710203,-0.007473003743517414,-0.0067632193425848555,-0.008955781722134395,-0.008587438828527687,-0.008721100673182536,-0.009924038112747264,-0.008231271396061446,-0.0079844043748567,-0.007914860461820092,-0.011062999510492283
2023-10-04,0.0014587619619191323,0.007492982164124016,0.0028988679649588752,0.0035317357846806085,-0.006274930158273262,0.00939050187755963,-0.0055834281650976505,-0.008905833417110695,0.00016981327522039985,0.007495793953278773,0.002064415671502894,0.0012551174880855885,0.0009369303993935979,0.008074146121742502,0.002390087573766856,0.0055485587188347715,0.0002008947785584218,0.0054818130768138126,0.001544381969450257,0.0035317357846806085
2023-10-05,-0.0018481504494788205,-0.0031411860302710216,-0.0019508020455282437,0.0026163625109691868,-0.011059632702356848,-0.013113165987679786,-0.011077916200329153,-0.01523856604550022,-0.0033833974916251588,-0.0031337905552737315,-0.002803889610868773,0.00045956779728112797,-0.0023203099844129596,-0.007854881525897243,-0.0027532874771875916,0.00318959260460346,-0.0025682768277009056,-0.00475877275972901,-0.0027550368186096763,0.0026163625109691868
2023-10-06,0.010572819190709794,0.005477346963740198,0.00997091934043778,0.0106108932622263,0.009812111022711312,0.015655849755396377,0.01003695325588235,0.01351832219951282,0.010446034496043383,0.00547828437923702,0.009873533141959516,0.009283379280148385,0.008920204805798039,0.0036083286518850456,0.008487002268201019,0.011310406469662982,0.009442056687703624,0.006626442426285753,0.008627953102245303,0.0106108932622263
2023-10-07,,,,,-0.004232898693495945,0.00188863054301561,-0.003786813111604907,-0.005510474475431026,,,,,,,,,,,,
2023-10-08,,,,,-0.004816313761426894,-0.0012048670934175448,-0.004461995587094878,-0.0018304469077861036,,,,,,,,,,,,
2023-10-09,0.008763926303623772,0.0043776836645872405,0.008187814832742123,-0.0008970716424528054,-0.030927593647395137,-0.013559375829288262,-0.029678331206401197,-0.028200734541081882,0.002148672978453955,0.004377416229217682,0.005019901060210668,-0.003991699549850426,0.009287543002883605,0.003059275810920158,0.00851045147101189,-0.0033066286509923193,0.008042562037961314,0.004620218170128908,0.007375437167641103,-0.0008970716424528054
2023-10-10,0.008282561086268073,0.011180534855308637,0.00875373696864086,0.0036490795907053175,-0.0074236072208690995,-0.006039234571075556,-0.007191817630682104,-0.0060779003916696505,0.005664866368411876,0.011180306807744463,0.00733134535722361,0.002478574138113666,0.007415767390570564,0.010206680559797373,0.007925497052735458,0.0038175037962098375,0.008456833429345743,0.010597437242541672,0.008589794047430346,0.0036490795907053175
2023-10-11,0.0033651576290092268,0.004715085614392938,0.004315154553459488,0.005564287443059991,-0.008962957009541507,-0.016975912845375807,-0.009421065140036676,-0.001902483052966751,0.0013104718559174373,0.004718433316568523,0.0031576452038324424,0.004297954299833211,0.004467904892548991,0.003936832136645961,0.005132643263616732,0.006247843492524991,0.0023012009701193162,0.0028396079194101947,0.0031561206373229046,0.005564287443059991
2023-10-12,-0.008311144835865696,-0.002241922537411012,-0.008040401113618017,-0.0059467300263634825,-0.008336279694453464,-0.005433900967222105,-0.008359267101424647,-0.014953617639317577,-0.008315333978963658,-0.002239716311417958,-0.008134990894213674,-0.006154120950506315,-0.009185596071968394,-0.0038687167247764788,-0.008816878489700399,-0.01000113171028038,-0.009585346897032557,-0.004347326147665832,-0.009251960557128328,-0.0059467300263634825
2023-10-13,0.0011147766253742542,0.003551111239240386,0.0020813343240841963,-0.010812125705302052,0.007031694669283151,0.004341018773095008,0.006843790530061552,0.006855199295655248,0.0021009296326924038,0.003554103415724906,0.0026036640329436637,-0.008228729218923486,0.002489986070946668,0.003895860103523449,0.0031892626862374644,-0.012009849087018755,0.00028636160562476947,0.002517469993745785,0.001447599152998244,-0.010812125705302052
2023-10-14,,,,,0.0015492963973016472,-0.0006151262004023652,0.0013201171049568772,0.000693975957850044,,,,,,,,,,,,
2023-10-15,,,,,0.006085723990029369,0.012053266333884769,0.006555367997366696,0.00561920621629927,,,,,,,,,,,,
2023-10-16,0.010057492329704919,0.0073215451947746405,0.009863536289035166,0.00553517860399246,0.029826719180017006,0.04714373835980695,0.030752640148306358,0.025413130502845535,0.0133523634714236,0.007321525612654355,0.011609275721843698,0.007614742310698542,0.009610431380258615,0.008526894379353686,0.009602701635818656,0.006483426793275505,0.009633368931258542,0.006209164548545551,0.009256547196703376,0.00553517860399246
2023-10-17,0.0027932697004872196,0.006019976428530657,0.0028013550991331103,-0.010440661234111151,-0.018865643579989565,-0.00367277301058549,-0.01774503933935668,-0.01727556756086313,-0.0008165491795922445,0.006019476042457856,0.0010521910716762475,-0.009700568421092823,0.0013635084379455195,0.007901512118660732,0.001886563474744667,-0.010252799492206423,0.0024299099043442103,0.006832477148998442,0.0025063947638940634,-0.010440661234111151
2023-10-18,-0.014298523672335566,-0.008721021792379154,-0.013555138860072787,-0.018454997493828576,-0.006922478049449165,-0.0018257421385224795,-0.006467757559361099,-0.0012100200088022213,-0.013069182735187835,-0.008720480969416893,-0.012918141850158334,-0.014946278009653301,-0.015578845214715295,-0.007155139375124476,-0.014649160494612751,-0.020965990207174292,-0.014590240724187914,-0.008598519623470337,-0.013876561493879242,-0.018454997493828576
2023-10-19,-0.009313396223776083,-0.010554526292822273,-0.009652968433499,-0.012207860491966519,0.0170962051766866,0.013176572597074119,0.016743811806222066,0.005479015268886277,-0.004911795990365634,-0.01055927071148868,-0.007371487153051259,-0.009199958822373996,-0.010506967242637777,-0.009070125869904942,-0.010604446180246582,-0.012453570800715762,-0.009243445418757245,-0.008366424360240802,-0.009476033630043484,-0.012207860491966519
2023-10-20,-0.008972743882415863,-0.0032156119406017225,-0.007689258767918731,-0.008418180577888963,0.02151512776330269,0.03056371005524181,0.021840959595328432,0.01941659471656131,-0.0038914319414627705,-0.0032175447073610397,-0.00515417443831012,-0.004775376576031651,-0.008079273011323343,-0.0031010308036457206,-0.006989995388284252,-0.008841260975069369,-0.00801400872240516,-0.001204836624312791,-0.006455719495915833,-0.008418180577888963
2023-10-21,,,,,0.01869910896584639,0.008088875927717985,0.017881914356546454,0.01607851006345276,,,,,,,,,,,,
2023-10-22,,,,,0.004685628313365621,0.0006219139946863977,0.004504345130210112,0.013033414121624828,,,,,,,,,,,,
2023-10-23,-0.00659698441956091,-0.0023895076033316797,-0.006136570495833734,0.007984753555342401,0.057254370553528625,0.09317865207392156,0.059018559696969536,0.05229150547104176,0.004044908075954013,-0.0023840323281930677,-0.0007893124520141765,0.01127892530453815,-0.006706196765659732,-0.0028604597635404918,-0.006418586783441838,0.007743320159118602,-0.005776837428486382,-0.004312484585789339,-0.005301666569237135,0.007984753555342401
2023-10-24,0.010865236461424663,0.01126036362099185,0.01125580842987024,0.017679484016823677,-5.517032091718671e-05,0.02183013894894015,0.0014625424343611224,0.00657061997869237,0.009045168664367689,0.011255424388693813,0.010392715948038488,0.015240733260006701,0.010740028979885357,0.01209504406631635,0.011318852192555597,0.02161945089235831,0.013158372267897832,0.013186309857828437,0.013764187488287526,0.017679484016823677
2023-10-25,-0.012071946699170872,-0.008232514380191668,-0.011223625252330227,-0.021521840776613184,0.0036412791627733147,0.01708453427171725,0.00452877622544199,0.0046224896864132566,-0.009453075722180175,-0.008236646737576143,-0.009681382882316732,-0.017375346391947932,-0.01095954362847802,-0.004674504232791104,-0.009910295396060666,-0.0222172946672739,-0.011261218175364724,-0.008482023682966812,-0.01021368230081235,-0.021521840776613184
2023-10-26,-0.002091230643623225,-0.0016288758613908203,-0.001837499462411424,-0.009119240167895691,-0.0004957256077606448,-0.009660391116472442,-0.000938768397555845,0.007827218844759188,-0.0018253131376461285,-0.0016222385079748033,-0.0016440564995425606,-0.007896172576386178,-0.0014439009139005402,-0.0012111600944142112,-0.0011909786090524878,-0.005974503562538307,-0.000460634790921043,-0.0012015508666368834,-0.00015377095720113873,-0.009119240167895691
2023-10-27,-0.010091752733279388,-0.011332644468016417,-0.010512111028352818,-0.016799157928152494,-0.01083655687974755,-0.005341126273127378,-0.010255160271911874,-0.005366275988959408,-0.010215886757690747,-0.011325816776749674,-0.01074407162552939,-0.01652555276356022,-0.011498952614887703,-0.014771908716553202,-0.012012643952143553,-0.01518769066509517,-0.009717923613793897,-0.012840967842242883,-0.010651482476035251,-0.016799157928152494
2023-10-28,,,,,0.012065201809833438,0.005568012250614308,0.011243808402447762,0.0013742209999769715,,,,,,,,,,,,
2023-10-29,,,,,0.012478492769189999,0.012282813998448314,0.012366594785878728,0.010034484599568166,,,,,,,,,,,,
2023-10-30,0.010000411649502997,0.008364940941274681,0.009371477710528597,0.015483104008820452,0.012115615043815276,7.064425243343019e-06,0.011393990203322043,0.010524244125927663,0.010352945548555044,0.00835843538365844,0.009540467574454339,0.015483009738528071,0.009631573735319955,0.012270133540438946,0.009352458357154213,0.015098506852561271,0.009277245476139461,0.010044961727508236,0.009111533097153214,0.015483104008820452
2023-10-31,0.005876567388702727,0.0023941816627882843,0.005340830936302752,-0.006713305165383876,0.009585151462079567,0.006181461974460572,0.008938174270321763,0.0012138964738623876,0.006494664734265533,0.0023893234588971053,0.005710438158947808,-0.002711938016201291,0.0068328385782732435,0.0021186604165804616,0.006383138167633333,-0.007096309713731475,0.007172050925024163,0.001330051406949528,0.006530977571008071,-0.006713305165383876
2023-11-01,0.004883111660390648,0.005660210119046915,0.005081558335290207,0.018595134818541248,0.020423321832506593,0.0233984972146293,0.02079504715124361,0.026019706605693835,0.0074731466890766395,0.005659996269629575,0.006338611108293987,0.019730411190801884,0.005452474165850672,0.005477030772664913,0.005424715282019514,0.015820636770047636,0.006779105524088209,0.005091603049888664,0.006791867524989597,0.018456661881593284
2023-11-02,0.025794960167503007,0.012572553394096127,0.024006119938980053,0.01831187637865727,-0.010673215464948316,-0.013514144773979369,-0.010645685032193049,-0.007659673288902163,0.019716930895427788,0.012571730632472002,0.021006170984091535,0.012280186437875165,0.02493131884667163,0.012743935170040285,0.02327996133719916,0.018229973539183892,0.024465124892434464,0.011962414834003886,0.02242302874104453,0.01823121721953016
2023-11-03,0.01279402160740212,0.0036985593581622166,0.011795152127283545,0.009627143423020854,0.005687092970192598,-0.007669052916027808,0.004788745424243669,0.009808594393696425,0.011609533501200534,0.003698742673465351,0.011142272610047074,0.005759893272665942,0.014322702676332892,0.005690616761221805,0.013548979899468672,0.008439928307190203,0.011227659840717294,0.0024288043554519245,0.010011603231828885,0.009484528190161204
2023-11-04,,,,,0.00926673148983166,0.00940511587366153,0.00921177355467775,0.00890088496582895,,,,,,,,,,,,
2023-11-05,,,,,0.022180669055755532,-0.00024745658346314776,0.020590589492873,0.020841079617729165,,,,,,,,,,,,
2023-11-06,-0.004456576056500965,-0.004110708681198675,-0.004589656557236414,0.006170553431670973,0.0298732165622289,-0.0009386515622701415,0.027382215744543664,0.011841716097112969,0.0012650560466206792,-0.004111004393756377,-0.001752580070998458,0.007215074478116506,-0.005040845028270437,-0.007842500699176148,-0.005650642862084554,0.0059959570480411,-0.005181069493938854,-0.004285304222535886,-0.005538169170276576,0.006201663640425895
2023-11-07,-0.003739062977469132,-0.0007705037949045218,-0.0031289618507824605,0.0014586362416047212,-0.015245608939161116,0.008772698929804701,-0.013687576672277749,-0.012058245410676568,-0.00565682063775113,-0.0007708462771764674,-0.0041394690311733415,9.434191624941158e-05,-0.004316978696381412,-0.0028810633469207175,-0.004110443319427557,0.0001331705450805399,-0.004629691057717095,5.94842779616338e-05,-0.003947023575552163,0.0015567993718121678
2023-11-08,-0.0011798844009913996,-0.006801855331256889,-0.002123195134497238,0.005749905762387222,0.00912336382899588,0.007492300705965247,0.008920656280635712,0.00782980778226447,0.0005373236373398132,-0.006801745855862769,-0.001203575301726135,0.006754819285869526,-0.00022830087956974675,-0.009508689271456303,-0.0017989015265859245,0.006588023571296325,-0.0016436292259329726,-0.005529433204500942,-0.0029109554756167055,0.006181637508498332
2023-11-09,-0.008903880726641446,-0.012967869781460143,-0.009971245055178496,-0.010084333770240265,0.018942521337077956,0.026063995401251545,0.0203127286043683,0.07962315589886379,-0.004262813716021547,-0.0129676529614403,-0.0076748696499201255,-0.006621388668707614,-0.008931427775307144,-0.012780741791160906,-0.010060511938376324,-0.010721960950641742,-0.008647225550554546,-0.013204468804206192,-0.00980435546064981,-0.01002627826068442
2023-11-10,0.010646732594233557,0.0057797990238823635,0.009462689377167583,0.015287708869880234,0.016119127764091114,0.024144201255526465,0.016841653512510525,0.012988330016393193,0.011558798455876486,0.0057802334727871585,0.00999104969769403,0.01863480585978554,0.009838687695995007,0.006141173720889214,0.008763085091607255,0.014108056590038692,0.010734348813702181,0.004621118679774983,0.00961753841702138,0.01519819458191237
2023-11-11,,,,,0.00038478683348709447,-0.002039493136760678,0.0005073835051783064,-0.004631707579072764,,,,,,,,,,,,
2023-11-12,,,,,-0.0006957615929076178,-0.001472176239556327,-0.0008014540307740512,-0.0019301411945039494,,,,,,,,,,,,
2023-11-13,-0.001133590703610896,0.0027417437590013926,-0.0013973495773693155,0.0029813518657298217,-0.015109750322123416,-0.014486417122287357,-0.015249688183928575,-0.011642161033039992,-0.0034629506400296493,0.0027426391308785557,-0.0025902567808312347,0.0007753636314302085,-0.0006322253116652326,0.0035495179874153486,-0.0008172718100623716,0.0029426645935329825,-0.0013118207843579813,0.0027819176999477075,-0.0014202034021012192,0.0031147110308770718
2023-11-14,0.024594043415612957,0.010055813368511617,0.023481318845605857,0.009290771349764708,-0.03211101876751308,-0.02883753757453567,-0.03180883463078341,-0.03228287926492349,0.01514319971842528,0.010055729716951735,0.01873652986077485,-0.0003555616142739812,0.027848269046797332,0.016195604171907158,0.02736713176177967,0.009438960675640465,0.02413384264714588,0.009967915900157895,0.022961370809416987,0.009269865223189223
2023-11-15,0.005349194798091735,0.004125679706119545,0.005317985738274696,-0.005207825769599958,0.04185776999454001,0.059866238485620324,0.042673089234422354,0.03961008276638673,0.011433957330833112,0.004125611337566061,0.008457196241091158,0.0022582584565441367,0.005393127744324789,0.0052323733005236244,0.005444925049261999,-0.0029711663027474082,0.005156651751416511,0.0036488400312539946,0.005153767966454032,-0.005287424041154735
2023-11-16,0.0007631679789122893,-0.01599131757318748,-0.0002270881202108601,0.0030947245785493075,-0.0333948653714404,-0.04188135220418005,-0.03386432275976469,-0.036169787392288544,-0.004929837579479825,-0.01599380681726676,-0.0030547182691731925,-0.0023891304429148304,0.0006766900059395363,-0.019312139310556933,-0.0005852411649346305,0.000995871711275271,0.001326885503758331,-0.01086278615877735,0.000332719152494046,0.0031963842576671697
2023-11-17,0.0031683198127045098,-0.00043441342296553177,0.0021377532436550497,0.001787838581675799,-0.0013511061181286092,0.012255424261439081,-0.0005143137219988787,0.00022310376552313717,0.0024150821575656565,-0.00043532536316008574,0.0019125140795879468,0.0027801859205700873,0.0026659311725023595,-0.0019627517705882776,0.0015267510274647345,0.0028267691192737886,0.003161898142997619,-0.0005236396042365935,0.0020448726510149525,0.0016136662034451463
2023-11-18,,,,,0.0010200089476241625,-0.0010753379237541767,0.0009511712820471506,0.004849015872698458,,,,,,,,,,,,
2023-11-19,,,,,0.01752721150821428,0.019731037921969886,0.01754096919224847,0.01963173119245336,,,,,,,,,,,,
2023-11-20,0.004432305553655234,0.00460404148458524,0.004253261369436066,0.009099531627146155,-0.012497110479452678,-0.0007865809337585807,-0.011684862222416539,-0.004098972687164649,0.0016107362148039153,0.004603562594995331,0.0027872310000409185,0.005105046184429395,0.004160830991936332,0.0038863796525578425,0.0037401516379826933,0.007759049184976357,0.0038617732718882365,0.004339912925363967,0.0039038432561208348,0.00905472348089309
2023-11-21,-0.0023448833096139056,0.0016786492479953182,-0.001396571648609194,-0.0019051445918552296,-0.05277398882146187,-0.044861376520372566,-0.051868842619666775,-0.046363216286660486,-0.010749734228255233,0.0016786473714153786,-0.005716103314773272,-0.010279674636604471,-0.0012266275068154439,0.004386451668618611,-2.3375529836608953e-05,-0.000563156294224825,-0.001773944348313843,0.0031984211348151364,-0.0005427539829254577,-0.0017247739636378394
2023-11-22,0.0017220553186484747,0.0004743592201791638,0.001867531579164272,-0.010605919626957495,0.047273426083494205,0.04603382718421827,0.047529147955664014,0.06196286476563683,0.009313950446122763,0.00047362902837965143,0.005743953179673042,0.0003197913341518167,0.0014517648356408908,-0.0004615503727387008,0.001492565145354983,-0.00942735444797208,0.0006567623197539644,0.0005420956567405392,0.0010230501197094524,-0.010776977044819946
2023-11-23,,,,,0.0031977855030910773,-0.0022756564564359273,0.0030670806465051053,0.004089519470061548,,,,,,,,,,,,
2023-11-24,0.002442867504645432,0.0027918820343173518,0.0025483602487394877,-0.007049228407961953,0.010683066717420787,0.013351564567281246,0.010979630498450672,0.010829195449718457,0.0038162340401079907,0.0027921331127290124,0.0032986174522188936,-0.002882008778691803,0.002424174355654597,0.0027997476130815395,0.0025197652345282946,-0.005941182267658059,0.002385310773179963,0.002670392253744795,0.0025711850233822954,-0.007015694071693157
2023-11-25,,,,,0.014944736662485992,0.006701397085929651,0.014612743272362089,0.013460376134058115,,,,,,,,,,,,
2023-11-26,,,,,-0.010789537345764112,-0.008453989221816224,-0.010740990090903436,-0.011083263668957104,,,,,,,,,,,,
2023-11-27,0.0005314905739881359,0.0022582935139710846,0.0008211507034287586,0.009511253865553137,-0.024229064196371886,-0.01197868391696513,-0.023669074004983297,-0.02657994930194283,-0.0035952685544052006,0.002259264253813724,-0.0013265805676503665,0.002153744734245471,0.0012567499483244829,0.004285830446808509,0.001790040350374968,0.011797815563875798,0.0005505936330243242,0.002124665766662422,0.0008472048789881341,0.009606344811205801
2023-11-28,0.0020426557000202085,0.005093918069545076,0.002873794980578759,-0.006059643049794147,0.010875359748756308,0.014698479167166132,0.011118801163450487,0.012035086464990193,0.003514773041476225,0.0050952704464330735,0.003551925914915507,-0.00312634557582173,0.0026389235985231465,0.011715760341790402,0.004402581075336541,-0.005252881498844105,0.0013871861609995107,0.004628694389942987,0.0026639012304767637,-0.006063544711812844
2023-11-29,0.004678034968830293,0.0004248543262578607,0.004166748071341411,0.006376602588508358,-0.0015633888162123301,0.0012466143065622698,-0.0014253313651751286,-0.006488585359495169,0.0036377976713231905,0.0004242696345978346,0.0036876768553486755,0.005901933003487063,0.003940122364433692,-0.0007454224937583839,0.003267684891347172,0.007575200514167553,0.004532401658381481,0.0006313344376188193,0.003839433600357248,0.0063831707749053964
2023-11-30,0.0063845122290313175,0.008777446752729743,0.006802242634923361,0.006708500415140744,-0.003735138334125721,-0.003399252719758417,-0.0035394485031308544,0.0037593713433169314,0.004697903801838478,0.008777027944208107,0.005995179847848879,0.005656743633244117,0.007450882085216149,0.006414934378705397,0.007189227711987111,0.011756772089587508,0.006395548887558177,0.010508198990498194,0.007221812452016708,0.006719717179905544
2023-12-01,0.009225927380084264,0.006131307535809552,0.009330962965354237,0.0030516357862355446,0.01645782673107902,0.02217710440240484,0.016639031624154282,0.014040073494073008,0.010431243938583388,0.0060981778970407765,0.010011512760032187,0.004772501505054761,0.009630944356837621,0.005963801925304166,0.009704458021781735,0.002951527723294875,0.008550791014925507,0.006976238215626502,0.008781938428522955,0.0030516357862355446
2023-12-02,,,,,0.019663029710883427,0.017904777419073436,0.019511164452051068,0.02983026653130879,,,,,,,,,,,,
2023-12-03,,,,,0.004459218640063989,0.010949639070794302,0.0047928834698169505,0.0056268307186719616,,,,,,,,,,,,
2023-12-04,-0.0018134092183667125,0.004082849391626704,-0.0007824444986954615,-0.01373146655194168,0.024341067994396864,0.044553289192047645,0.025258367476533913,0.020984546131249303,0.0025456703170938823,0.004097287706764525,0.0014939388352605163,-0.006424193275043566,-0.0012521492354233693,0.005180918299539735,-0.0003028114138031617,-0.014142494012901184,-0.002364973906817095,0.0031344533150007075,-0.001160993687711929,-0.01373146655194168
2023-12-05,-0.00526148572996548,0.0030811982847328214,-0.004149354149366903,0.00859270305976967,0.018389489538105597,0.04343136514046606,0.019747441268776072,0.023118012968225098,-0.0013196565186203008,0.003110309681526036,-0.002159268652697663,0.010834625820307526,-0.00428986195680057,0.0018275674643306,-0.003615577035570824,0.007799123659877064,-0.005083238427425675,0.0032895090992949034,-0.0039959722866405225,0.00859270305976967
2023-12-06,-0.0007160063436409093,-0.0013505430593911073,0.00023282443475421073,-0.010354217027110401,0.001323715687506554,-0.00520504345016928,0.0007343001194879311,-0.004269282681576284,-0.0003760526717829983,-0.0013664033300675152,0.0003638219869962036,-0.007031104777092687,-0.00031340714032017717,0.0008463717625141357,0.0008467901116925845,-0.011128366063153072,-0.0010021281278901695,-0.00035935472816551344,0.00017715351867239983,-0.010354217027110401
2023-12-07,0.0049002939512802985,-0.004148400697231554,0.0031262717484777302,0.015223120031459793,0.02423427798230167,-0.009748554729265455,0.021885079549808666,0.0384241135288294,0.008122624623117195,-0.004159345413444435,0.004653156533224586,0.013060194492060334,0.006554283556260141,-0.0011369608360139033,0.004739391085407727,0.014908688016139066,0.005441780820027571,-0.001228218489787997,0.004123736515411173,0.015223120031459793
2023-12-08,0.00322869369613636,-0.0001586965207385025,0.0020350228785460133,0.0095856019459077,0.046945668764004966,0.020657276780856555,0.04539630814691596,0.049931082905381334,0.010514856207447795,-0.0001587498606903294,0.005683342246994539,0.012269817579790905,0.0031175759734639753,0.00044701641672864525,0.0021318155217071966,0.008903319144386064,0.002076036644186452,-0.0001368555872476501,0.0009686655655182076,0.0095856019459077
2023-12-09,,,,,0.006388985528143444,-0.008757597887303537,0.005026213175311342,0.009373275281568906,,,,,,,,,,,,
2023-12-10,,,,,0.0019439946326410104,0.002439622955114368,0.0024504458079576074,0.011056989086228578,,,,,,,,,,,,
2023-12-11,0.006783475745804726,0.004794145294878421,0.006349752254717841,0.0003052161055795994,-0.06588507928304638,-0.05531992915938068,-0.06453710184623353,-0.055160595836482,-0.005327950092337124,0.004792067246093895,0.00022008275592977984,-0.00903796362807586,0.00654791268967035,0.004606205662617092,0.006116394607676228,0.0008069944583460591,0.006216716741424738,0.004413784031644092,0.005974975052932477,0.0003052161055795994
2023-12-12,0.0007978025859253556,0.0026019792102996587,0.0010179553721240502,0.012614545048065614,0.006350064513168774,0.004171303066262984,0.005943879054516662,0.004446196176969218,0.0017231795737992586,0.0026138873439591195,0.0013581504074086886,0.010962876652397641,0.001644989292902527,0.0037161917642684317,0.0017236488528560474,0.011860098857112403,0.00010343130547608599,0.0028190314678373965,0.0002839502148936801,0.012614545048065614
2023-12-13,0.020902411458579087,0.021451008772435956,0.02180080696929151,0.01032788677759022,0.03016846894188363,0.03116403003764722,0.030467819819295007,0.051797727394285856,0.022446754372463178,0.021444333163029104,0.02253642816771001,0.012080148862655552,0.021901090571159725,0.01835581684442601,0.02247788844159209,0.0107998806500927,0.021374495089977748,0.019261866458534456,0.02189732247093943,0.01032788677759022
2023-12-14,0.01449340725484245,3.0246233967127947e-05,0.011154155720678356,0.009190699804129147,0.005880405860304906,0.0047641376766994845,0.005974956074582813,0.009873637083950797,0.013057907022419525,7.081030497112982e-06,0.01075990172696922,0.009002812343797288,0.014590254611079403,0.001196825491542525,0.011663303939669398,0.010113458744707121,0.01588181756915107,0.0012347643206502925,0.012568421633940742,0.009190699804129147
2023-12-15,-0.003011783157942524,-0.006593663033288139,-0.004346372459606704,0.005544020676806451,-0.040073893962666106,-0.02750232521096086,-0.03935255043894492,-0.04728380171470635,-0.009188801625396453,-0.006591209558144505,-0.007425616563878414,-0.0019048741039348917,-0.0024896867918915875,-0.0063277569522942195,-0.0037548248303696857,0.005966729428358482,-0.0030587614831347337,-0.006519467802938051,-0.004156287952352532,0.005544020676806451
2023-12-16,,,,,0.01889895317922652,0.007953854357512032,0.017555628338624236,0.006657739598325951,,,,,,,,,,,,
2023-12-17,,,,,-0.01908536977025386,-0.018889961822188068,-0.01887737892279537,-0.01935159571918067,,,,,,,,,,,,
2023-12-18,-0.0013770380177555873,0.0019066194139814299,-0.0011078760891897852,0.010829167039902195,0.0026682168001951443,0.025075227164914726,0.0041780842593316745,0.011243798947965348,-0.0007028288814304653,0.0019176750417361915,-0.000774192750901866,0.009880903589580782,-0.0015770561250886797,0.0007998944030341132,-0.001472204030089692,0.010863808348879003,-0.0008283371858059603,0.0013315109005315362,-0.0007049661280180948,0.010829167039902195
2023-12-19,0.008156436334441006,0.004310714834739551,0.007322471746287213,0.0012809287943348138,-0.013889862746785242,-0.007655395147448587,-0.013476081232863939,-0.020132989225648226,0.00448205315423663,0.00432241308398407,0.005528029885962913,-0.00038945078162639594,0.007648201192980149,0.003335567296146582,0.006939901112166827,0.0021933146229872152,0.008100281464254504,0.0040256055231015124,0.007223399165426551,0.0012809287943348138
2023-12-20,-0.014752978135857561,-0.013504713691136108,-0.014510981336865614,-0.019779392953119833,0.01919465039816033,0.031217806652832275,0.019553134418597046,0.015575177981297973,-0.009095040046854578,-0.013479899878138791,-0.01157158512256136,-0.011457373152254424,-0.0157471220139245,-0.014698868063446103,-0.015443824456674062,-0.019571955401616818,-0.01576690248027978,-0.014072874242244557,-0.01535511170679819,-0.019779392953119833
2023-12-21,0.008160532810200162,0.00823074193226552,0.007773870019204912,0.010957268016719611,0.028038946398433566,0.00677716397850049,0.02649071048502718,0.03196231048053187,0.011473601741572397,0.008245113866870896,0.009326608635411536,0.01127453442807078,0.008222795643543182,0.008519354588038902,0.007824682379514602,0.010792211831309146,0.008360503507586731,0.007886844006491561,0.007810200732806298,0.010957268016719611
2023-12-22,0.0019599641329174915,0.009326535102838877,0.003022356868405608,0.005696700755579711,0.017659209009807143,0.0031191289101403586,0.01670522362069117,0.01862325499968414,0.004576504945732432,0.009327390963106797,0.004265949410109078,0.0067192872817603295,0.0012505574103982174,0.009596067433870103,0.002309417842351822,0.005761264527502081,0.004191695115355417,0.009464313576668099,0.005120879567597809,0.005696700755579711
2023-12-23,,,,,-0.009033084431587103,-0.0031356501493466954,-0.00832527708290539,-0.004716463646908034,,,,,,,,,,,,
2023-12-24,,,,,-0.017737058550317878,-0.014897380149736083,-0.01737296074197846,-0.019125735068274013,,,,,,,,,,,,
2023-12-25,,,,,0.03047235648036244,0.011570016289013286,0.028302562853994337,0.013121185465857128,,,,,,,,,,,,
2023-12-26,0.0065064575898986145,0.0009137008833316647,0.005306429569801022,0.003547032645508063,-0.022479580266228295,-0.025306902198147768,-0.0224901182101677,-0.021920350010713484,0.001675451280544129,0.00091618551819933,0.002904114451421553,-0.002186139481555633,0.0069254454554672044,0.0017628484862721263,0.005849817795292453,0.00342852479128916,0.006518014247074815,0.0009518203149503706,0.005369756792596686,0.003547032645508063
2023-12-27,0.0014553578874705298,0.004319223251798645,0.0019218572427903945,0.001307357595955254,0.05254635573080771,0.021822536183163703,0.05019483487691165,0.05155739584538125,0.009970524194693391,0.004330188075446219,0.006079852099638038,0.006259393326576195,0.0013402974421618246,0.00383621400475495,0.0016557049512112472,0.0011124556946784092,0.0020912411239030274,0.003814015534495241,0.0025742306327799004,0.001307357595955254
2023-12-28,0.0012242203691481567,0.0015004879391047488,0.001825466508184457,-0.0021576026085323337,-0.008408280584752969,-0.016146598920396864,-0.00861114299885039,-0.012953037713287919,-0.0003811964565020309,0.0015077672024262471,0.0009861753337114627,-0.0031170295457506763,0.0019163765174165666,0.0015212122455804367,0.0023589700256414496,-0.0026692703043149184,0.0009030492176875117,0.0012472752197281538,0.0014638769697647653,-0.0021576026085323337
2023-12-29,-0.003035118739159235,-0.0004549438017258087,-0.0026320671483645655,-0.0009714465322491783,-0.018570001800694725,-0.010714817011287946,-0.0180363771724123,-0.014556892291524232,-0.005624265916081816,-0.0004548874087241943,-0.003963710960898356,-0.0019309154117558972,-0.0035975379770103177,-0.00012903215629680114,-0.003146910253772038,-0.0013109491072575944,-0.0031263249431171835,-0.00017309470790650928,-0.0026462781784696394,-0.0009714465322491783
2023-12-30,,,,,0.00732226086147536,0.0015481161306562785,0.00669864434981624,-0.004041485614355472,,,,,,,,,,,,
2023-12-31,,,,,-0.011748167139113263,0.0042657508584452615,-0.010261995890908112,-0.0024171973593994185,,,,,,,,,,,,
