trading_day,Comm,Consumer,Energy,Financials,Healthcare,Industrials,Materials,RealEstate,Tech,Utilities
2020-01-02,0.08718,-0.06894547619047618,0.19246166666666667,0.10718533333333333,0.21549047619047618,0.08408,0.10974999999999999,0.007240000000000002,0.06159097435897435,0.12738
2020-01-03,0.08605,-0.22778666666666667,-0.04618972727272727,0.05045500000000001,0.21347214285714283,-0.12488000000000002,0.024259999999999993,-0.038419999999999996,0.0784682142857143,0.05634
2020-01-06,0.13610583333333331,0.10678931372549019,0.08543969696969697,0.284306,0.32717999999999997,-0.0017627777777777798,-0.055811999999999994,0.054819999999999994,-0.013116666666666665,0.009050000000000002
2020-01-07,0.21376,0.1472385,0.07906333333333333,0.112896,0.10863733333333334,-0.021834285714285716,0.07636,0.08879999999999999,-0.07656785714285715,0.19107000000000002
2020-01-08,0.154382,0.13377,-0.018874999999999986,0.293586,0.22532444444444444,0.024525714285714286,0.036520000000000004,0.04848,0.0699545,0.23153
2020-01-09,0.16018,0.28345626984126987,0.08153300000000001,0.2615293333333334,0.21403333333333335,0.033716666666666666,0.10181333333333334,0.014479999999999998,0.09154333333333334,0.059199999999999996
2020-01-10,0.028676666666666684,0.004144000000000004,0.07396200000000001,0.31458833333333336,0.24778000000000003,0.06901666666666666,-0.009360000000000002,-0.08412,0.265226,0.18409666666666666
2020-01-13,0.07480916666666666,0.08908528571428571,0.1345435,0.19619,0.13385750000000002,0.059236666666666674,0.16784,0.03601333333333334,0.20091575,0.06448
2020-01-14,0.12403249999999999,0.04291,0.2138183333333333,0.03556547619047619,0.31071,0.08966299999999999,0.2251,0.01772,0.241154,0.23483
2020-01-15,0.07460833333333332,0.09546038095238095,0.08600666666666665,0.06089596825396826,0.27131,-0.07338499999999998,0.23073333333333332,0.025555,0.018463666666666673,0.15177000000000002
2020-01-16,0.18808,0.17721542857142858,0.14080095238095242,0.14342895726495727,0.151955,0.13836666666666667,0.08808,0.158715,0.16211644444444445,0.18164833333333333
2020-01-17,0.11223000000000001,0.08010533333333332,0.11287244444444444,0.11717999999999999,0.2317683333333333,0.20909666666666665,0.18836,0.15122,0.07141555777555778,0.15105022222222222
2020-01-21,-0.02204,0.07009310606060606,0.10997371428571427,0.19930555555555557,0.09057404761904761,0.1046862857142857,0.010085999999999998,0.12666666666666665,0.017946666666666684,0.17614
2020-01-22,0.0912,0.08442657142857143,0.09017333333333334,0.07742222222222224,0.06784916666666667,-0.01411142857142857,-0.059199999999999996,0.08665999999999999,0.083456,0.10610249999999999
2020-01-23,0.17530257142857142,0.12958566666666665,0.06157333333333333,0.032470000000000006,0.020309999999999998,0.029595238095238098,0.09407,0.18839999999999998,0.03489592592592593,-0.028099999999999997
2020-01-24,0.11109024242424241,0.07866423076923076,0.18136166666666664,-0.02652,0.2246453333333333,0.04934533333333334,0.11928799999999999,0.08016000000000001,0.06600430107526882,0.19892800000000005
2020-01-27,0.02225727272727272,0.03644111111111111,0.04191166666666665,-0.05436,0.27093777777777783,0.06335666666666666,-0.0014733333333333321,0.05106000000000001,-0.17687049999999999,0.06823174603174605
2020-01-28,0.036708000000000005,0.03861314285714286,0.15636333333333333,0.08901857142857143,0.18641166666666664,-0.004494166666666665,0.16752499999999998,0.07579,-0.008395384615384615,0.08364
2020-01-29,0.25270099999999995,0.009240761904761906,-0.002303333333333332,0.152345,0.141442,0.0019259999999999993,0.12668428571428572,0.17457,0.07918079365079367,0.20021499999999998
2020-01-30,-0.010649999999999998,0.04419295238095238,0.09489714285714286,0.1730816666666667,0.19092272727272727,0.10386666666666666,-0.026406410256410263,0.02408,0.009163333333333334,0.23978533333333335
2020-01-31,-0.18866727272727274,-0.03444404040404041,0.07983380952380952,0.09165809523809523,0.278198,0.08330900000000001,-0.0033346666666666663,0.16884000000000002,0.17766555555555558,0.18102000000000001
2020-02-03,0.1309225,0.14832285714285715,0.05148243589743588,0.07509666666666667,0.11825192780337941,0.09446466666666667,0.14187,0.11956,0.11900666666666666,0.26961
2020-02-04,0.11257899999999998,0.1401240909090909,0.1017411111111111,0.23612000000000002,0.19332619047619046,0.18034833333333333,0.054110000000000005,0.05198333333333334,0.07460800000000001,0.18715
2020-02-05,0.017185666666666675,0.06063166666666666,0.504522857142857,-0.020840000000000015,0.16506785714285716,0.08954866666666665,0.06436,0.026530000000000005,0.1052855,0.03190333333333334
2020-02-06,0.06914000000000001,0.17624,0.3560966666666667,0.2713986666666667,0.22736007692307694,0.120362,0.05132111111111111,0.27351000000000003,0.2868725,0.12708
2020-02-07,0.098301,0.189385,0.22275299999999998,0.15102200000000002,0.27210303030303035,0.062271999999999994,0.03672333333333333,0.14371,0.18759428571428574,0.11797833333333334
2020-02-10,0.1062,-0.006942857142857142,0.05099333333333335,0.19224666666666665,0.11869,0.08063666666666666,0.23231333333333332,0.08452666666666667,0.15818833333333332,0.09078499999999999
2020-02-11,-0.003171294117647028,0.04548616666666667,0.09527314285714285,0.29606714285714286,0.07090166666666667,0.08279666666666667,0.11732800000000002,0.06997333333333335,0.07143764502164503,0.15007571428571426
2020-02-12,0.15365222222222222,0.05834264705882351,0.03376749999999999,0.15255333333333335,0.13680083333333332,0.07436000000000001,0.059199999999999996,0.15045333333333336,0.045807333333333325,0.25366555555555553
2020-02-13,0.09172261904761905,-0.01398224509803923,0.012992500000000008,0.08528,0.08153333333333332,0.0353375,0.08668285714285714,0.110812,-0.021285090909090913,0.136346
2020-02-14,0.19884833333333335,-0.05277816666666666,0.0062,0.18730666666666665,0.25894999999999996,0.19194499999999998,0.042804999999999996,0.09492,0.0353892688172043,0.10257350000000001
2020-02-18,0.04021809523809524,0.19439710317460318,0.14617833333333335,-0.005482857142857142,0.0901518137254902,0.1493,0.12242444444444445,0.10593,-0.047320476190476204,0.19232944444444441
2020-02-19,0.03470309523809523,0.1574477142857143,0.22522999999999999,0.028644999999999997,0.24066722222222223,0.22219333333333333,0.0318,0.0,-0.012978253968253972,0.1480190909090909
2020-02-20,0.0010064285714285804,0.06387014285714285,0.2530283333333333,0.14648388888888889,0.215124,0.11305666666666667,0.060812727272727275,0.04649366666666667,0.041481333333333335,0.10578635897435898
2020-02-21,-0.07756190476190476,0.09441577777777779,0.07205833333333332,0.2816715,0.013755000000000007,0.11362999999999998,0.0993,0.03327666666666666,-0.2589611428571429,0.23897569230769228
2020-02-24,-0.03137666666666667,-0.0021578571428571445,-0.1466382142857143,0.09375866666666668,0.1128396638655462,0.07081833333333334,0.06621083333333334,0.048205,-0.00918530303030303,0.056410666666666665
2020-02-25,0.07111666666666668,0.16376858974358974,-0.033855,0.25816133333333335,0.19953000000000004,0.08763499999999999,0.08261,0.027292500000000004,0.019905000000000006,0.16380333333333336
2020-02-26,0.12558666666666668,0.09767285714285714,0.2228217142857143,0.16362933333333335,0.04487715686274509,0.13861166666666666,0.05650666666666667,0.023013,0.2120025,0.10017333333333334
2020-02-27,0.13194,0.09610866666666666,0.08371033333333334,0.07106000000000001,0.03854799999999999,0.11989666666666665,0.05670428571428571,0.10351466666666667,-0.090316,0.29736583333333333
2020-02-28,-0.09630999999999999,-0.08106357142857143,0.08607138888888889,0.024567499999999996,-0.024808000000000004,0.08794833333333334,0.18272166666666667,-0.002707777777777787,0.146984,-0.03968000000000001
2020-03-02,0.09726666666666664,0.05835970085470086,0.039005,0.17043333333333335,0.19403901785714284,-0.0002866666666666684,0.031938333333333326,0.11191466666666668,0.067866,0.22934666666666664
2020-03-03,0.040232,0.18419,0.05448088888888888,-0.08367833333333333,0.37418615384615384,0.05197999999999999,0.161003,0.110605,0.0025380000000000125,0.00575
2020-03-04,0.10109666666666665,0.13762444444444444,0.22001666666666667,0.10631766666666667,0.42545099999999997,0.14631361904761903,0.24886,0.22469,0.3957859523809523,0.4725693333333334
2020-03-05,0.181035,0.07891594805194806,0.06623000000000001,0.07868499999999999,0.17941728205128205,0.10869495238095239,0.11590333333333333,0.28724,0.14698033333333332,0.07459333333333333
2020-03-06,0.163825,0.03931335164835166,-0.007359523809523807,-0.00039099999999999693,0.22134054545454546,0.08867666666666665,0.010120000000000007,0.24364999999999998,0.044157538461538456,0.13833
2020-03-09,-0.010929999999999995,0.05611935897435898,-0.09956684210526315,0.20983133333333334,0.11973799999999998,-0.098977,0.11394333333333333,0.12718000000000002,-0.11020666666666665,-0.17196333333333333
2020-03-10,-0.044323999999999995,-0.016730343434343434,0.008469864734299514,0.11389333333333332,0.14320875,-0.08950333333333334,0.05930833333333333,0.22803,0.272895,0.15145
2020-03-11,0.04243,-0.040494190476190475,0.0326160119047619,0.18408999999999998,0.24613083333333333,0.15478476190476192,0.058496666666666676,0.30446,0.07748833333333334,0.03367333333333333
2020-03-12,0.025448,0.04935908888888889,0.06268815789473683,0.007116190476190468,-0.14734066666666668,-0.17305,-0.065516,0.10360999999999998,-0.04570857142857144,0.001628095238095234
2020-03-13,0.07825299999999999,0.03457888888888889,0.2084266106442577,-0.1996966666666667,0.007959999999999995,0.04446,0.07144666666666666,0.14221,-0.011568928571428572,0.14456
2020-03-16,-0.012311333333333344,-0.13602125724637681,0.0006908431372549013,-0.05933083333333333,0.0042973333333333336,0.06070500000000001,-0.01604000000000001,0.04990583333333333,-0.10528666666666667,0.19956038095238093
2020-03-17,0.05186599999999999,0.05167161904761904,0.025996000000000002,-0.11708,0.3171,0.03314888888888889,0.035615,0.10169333333333333,0.12160083333333334,0.1844866666666667
2020-03-18,-0.02648399999999999,0.03006417027417029,0.018742857142857148,0.033416666666666664,0.20724458333333332,-0.004995238095238097,0.015944999999999997,0.02821333333333333,-0.10072952380952382,0.24911
2020-03-19,0.03651833333333333,0.0218805,-0.018382000000000003,-0.15799333333333332,0.21280833333333332,0.07644,0.08905466666666664,0.13015333333333334,-0.10737666666666665,0.24252666666666664
2020-03-20,0.014788333333333337,0.0462953961038961,-0.10680738461538461,-0.05972666666666667,0.11065666666666665,0.1440170476190476,0.04523799999999999,0.049635,0.19086000000000003,0.17613166666666666
2020-03-23,0.16331284415584416,0.05063993281228574,-0.13521555555555556,-0.021570000000000002,0.044644329004329006,0.012568333333333325,0.17433285714285712,0.04302999999999999,0.18370166666666665,-0.014680285714285724
2020-03-24,0.17514076190476188,0.19699573260073258,0.11338933333333334,0.39868000000000003,0.27379619047619047,0.2409971111111111,0.31854,-0.011124999999999996,0.4098681666666667,0.16380971428571428
2020-03-25,0.17759866666666663,0.1701325714285714,0.16184666666666667,0.19510500000000003,0.18096380952380953,0.198905,0.22616,0.064675,0.206274,0.29345
2020-03-26,0.12920166666666666,0.0860754761904762,0.175266,0.21854800000000002,0.26740909090909093,0.1509714285714286,0.19537066666666666,0.3093933333333333,0.293434,0.12444999999999999
2020-03-27,0.19410933333333333,0.04583217948717949,0.28984471428571423,0.15099666666666667,0.30992600000000003,0.22001666666666667,0.31543666666666664,0.30251,0.3283,0.30733466666666664
2020-03-30,0.183099,0.06934949122807017,0.12272133333333335,-0.18326533333333334,0.14428057142857142,0.01895561904761905,0.10744566666666669,0.265285,0.07616666666666666,0.13573785714285716
2020-03-31,0.25569333333333333,-0.023837333333333356,0.006620833333333331,0.05608466666666667,0.08203857142857143,0.04034666666666666,0.224695,-0.138415,0.01887733333333333,-0.14087500000000003
2020-04-01,0.15276666666666666,0.1795776666666667,-0.05197047619047619,0.046317904761904755,0.10086333333333335,-0.018667999999999983,0.04751466666666666,-0.15246666666666667,0.11331000000000002,-0.057558333333333336
2020-04-02,-0.09556,0.043527500000000004,-0.044638179487179484,0.04325633333333333,0.11523071428571427,-0.08770466666666667,0.11831666666666667,-0.031220000000000005,0.095555,0.05787500000000001
2020-04-03,0.2131947619047619,-0.018479583333333334,-0.018312380952380945,0.09006214285714285,0.1628940476190476,-0.2088713492063492,0.051539999999999996,0.08399000000000001,-0.17594666666666667,0.2184
2020-04-06,0.3249033333333334,0.1915954978354978,0.11251055555555559,0.17170227272727273,0.33347310344827585,0.104016,0.074848,0.15676333333333334,0.28716742424242425,0.35653166666666664
2020-04-07,0.15798636363636365,0.24089971717171715,0.3126607142857143,0.14498366666666668,0.04370877192982456,0.298147,0.41342999999999996,0.07574333333333334,0.11083399999999999,0.18673266666666669
2020-04-08,0.11384399999999999,0.056441668421052624,0.301839619047619,0.09422012987012987,0.12525555555555556,0.15880619047619046,0.22084133333333336,0.43206,0.23468,0.19756666666666664
2020-04-09,-0.02296333333333333,0.16850095238095236,0.1310592380952381,0.16522466666666666,0.03140166666666667,0.025403452380952374,0.1181393650793651,0.24424714285714283,0.13129666666666667,0.39142
2020-04-13,0.07171666666666668,-0.013241254079254075,0.12250822710622711,0.07874942424242423,-0.004051999999999989,0.019677474747474746,0.06534738095238095,-0.04814,0.1656227450980392,-0.0022397619047619054
2020-04-14,0.22262228571428572,0.22203950000000003,0.07479250000000001,0.1578839627039627,0.17981142857142857,0.22061038888888893,0.05009,0.30794166666666667,0.570381619047619,0.18238399999999996
2020-04-15,0.13729,0.0908309393939394,0.09343782051282051,0.10646266025641027,-0.062183095238095246,0.00011000000000000454,0.019474047619047606,0.07125999999999999,0.123804,0.043357
2020-04-16,0.24223099999999995,0.11577376811594202,-0.01728035064935064,0.042723166666666666,0.2999842355889724,0.12975175757575758,0.08621,0.14595,0.30889855555555557,0.20834000000000003
2020-04-17,0.07748599999999999,0.21409866666666666,-0.09465570370370371,0.07220504545454545,0.2963773824593129,0.11932454545454547,0.27202000000000004,0.32406666666666667,0.09648407142857143,0.3065964285714286
2020-04-20,0.057234999999999994,0.0704515873015873,-0.1435638316080055,0.18399761904761908,-0.0469971914893617,0.07066666666666668,0.21026666666666669,0.04218333333333334,0.2413279166666667,-0.026239333333333337
2020-04-21,0.08243333333333333,0.012584288288288292,-0.2257781904761905,-0.10992333333333333,-0.017922476190476176,-0.00887699999999999,0.11338666666666666,0.030495000000000005,-0.33475,-0.07370000000000002
2020-04-22,0.12742380952380952,0.1009368496732026,-0.029025000000000006,0.11385200000000002,0.23577243589743593,0.12066666666666667,0.219495,0.192355,0.3060380952380952,0.012886764705882356
2020-04-23,0.08730722222222223,0.08177963636363636,0.18642186363636365,0.13952,0.15419,0.283292,0.14747485714285716,0.2669,0.20845380952380954,0.14091
2020-04-24,0.015129090909090911,-0.003549333333333335,0.07427607142857143,0.04797166666666665,0.06546185714285713,0.1543635294117647,0.07501333333333333,0.18323499999999998,0.12841129032258064,-0.0029299999999999994
2020-04-27,0.08147666666666667,0.0866328888888889,-0.01183416666666666,0.09725249999999999,-0.013337523809523803,0.11695567676767678,0.2466066666666667,0.053123333333333335,0.14598163636363637,0.21103611111111115
2020-04-28,0.13426050505050505,0.06092956643356643,-0.013607222222222225,0.24410499999999996,0.15199275384615382,0.08195640350877194,0.053927666666666665,0.086165,0.11405460317460317,0.22996499999999997
2020-04-29,0.18466,0.10723711721611721,0.18179214285714287,0.11755166666666668,0.03418616091954022,0.09884649735449734,0.29078,0.06166484848484849,0.1726877142857143,0.04045
2020-04-30,0.09282875000000002,0.004515166666666665,0.04404221356421356,0.07254076190476191,0.15098261538461538,-0.04491717948717948,0.088055,0.015673333333333338,0.07765200000000001,0.08940000000000001
2020-05-01,-0.03192966666666666,0.18047183333333333,-0.12447247619047616,-0.06349833333333332,0.04070619463753723,-0.07810254761904761,0.132345,0.05123500000000001,-0.15798900000000002,0.1153775
2020-05-04,0.07946711111111111,0.15703503296703297,-0.00682968531468531,0.127824,0.051395128205128204,0.07113238095238095,0.029556666666666665,0.031110000000000006,0.3556464705882353,0.18414
2020-05-05,0.11926785714285715,0.14162709523809522,0.0981181313131313,0.02016333333333333,0.167238431372549,0.2982255555555556,0.15791498039215685,0.09609333333333334,0.29215500000000005,0.20274763636363638
2020-05-06,-0.018326000000000016,0.11139290196078433,0.1525322857142857,0.04762500000000001,0.16397444444444445,0.150252,-0.021528571428571435,0.050906666666666656,0.2420513333333333,0.24555733333333335
2020-05-07,0.15557800000000002,0.09888166666666667,0.1820947619047619,-0.09306333333333336,0.17602833333333334,0.017405,0.09727200000000001,0.26164533333333334,0.24068199999999998,0.14364333333333335
2020-05-08,0.167912,0.06855406493506495,0.19152833333333336,0.05417266666666665,-0.024708472222222222,0.030977500000000012,0.06367916666666666,0.21756666666666663,0.4422091428571429,0.0828780606060606
2020-05-11,0.12894285714285716,0.08602495833333332,-0.05607011111111111,0.161149,0.029247487922705317,0.2866916666666667,0.05690200000000001,0.11045666666666668,0.12826677777777779,0.19041166666666667
2020-05-12,0.068945,0.10019939999999998,0.15184466666666668,-0.1478297142857143,-0.07803590476190474,0.02477818181818182,0.05597266666666667,-0.29967,-0.04530033333333333,0.159517
2020-05-13,0.025479999999999996,0.06879209523809524,-0.06230467532467532,0.15864920779220779,0.11921718259518259,-0.014755555555555555,0.12836466666666665,0.21844000000000002,0.09257022222222222,0.304695
2020-05-14,0.1712533333333333,0.129311931372549,-0.07579,0.09045,0.12298833333333334,0.04379055555555556,0.114235,0.15836666666666668,0.15429166666666666,0.172935
2020-05-15,0.09845666666666666,0.08250251851851852,0.17580166666666666,0.19764214285714285,-0.007057727272727276,-0.032894666666666676,0.2266277777777778,0.005790000000000006,-0.012865142857142839,0.16685523809523808
2020-05-18,0.1464686666666667,0.20182033333333335,0.1431256984126984,0.07014379365079365,0.11098933333333334,0.3855335454545455,0.11503000000000001,0.4961666666666667,0.015536666666666667,0.3198533333333333
2020-05-19,0.12955733333333336,-0.07248620512820514,0.1490726666666667,0.05999728571428571,0.2208736666666667,-0.021584999999999986,0.08143666666666667,0.29918000000000006,0.052261999999999996,0.3152933333333333
2020-05-20,-0.005675333333333333,-0.02694144957983192,-0.022844285714285713,0.37486,0.14987197802197802,0.11932666666666665,0.15232,0.06369,0.2370016666666667,0.15344333333333332
2020-05-21,0.10847200000000001,0.0247969696969697,-0.04974,0.081625,0.093502,0.07319666666666666,0.15098333333333333,0.06369,0.012136111111111115,0.320362
2020-05-22,-0.05059000000000001,0.028552969696969705,-0.04422533333333333,0.19980333333333333,0.127765,0.13516999999999998,0.09679,0.11059250000000001,-0.170014,0.26755000000000007
2020-05-26,0.13780466666666666,0.20328895238095238,0.10177142857142858,0.1617402380952381,0.03672219047619048,0.3014,0.17339833333333335,0.08645416666666665,0.06429245238095238,0.31604
2020-05-27,0.15016333333333337,0.15308409090909092,-0.024703999999999997,0.27748271428571425,-0.018775111111111104,0.35518857142857146,0.05464,0.07976749999999999,0.15682333333333334,0.20811000000000002
2020-05-28,0.09534436363636363,0.08792483333333334,0.14303,0.0135845,-0.06203166666666667,0.13117661904761907,0.127,0.1872475,0.10204952380952381,0.14816000000000001
2020-05-29,0.10081,0.08072742857142859,0.13018000000000002,0.04130199999999999,0.15832388888888888,0.18922933333333333,0.11579999999999999,0.05134,0.135827,0.17097333333333334
2020-06-01,0.15972342857142857,0.08122420414673048,-0.016152575757575754,0.06342099999999999,0.18343555555555555,0.11371499999999998,0.05464,-0.08438000000000001,0.14087666666666665,0.05445333333333333
2020-06-02,0.17357666666666666,-0.11654666666666665,0.07529142857142856,0.0899891111111111,0.021175151515151515,0.36593166666666666,0.219765,-0.01814,0.21934666666666666,0.131285
2020-06-03,-0.07269666666666666,0.1979542857142857,0.48536999999999997,0.21618428571428566,0.25402650793650794,0.33503710144927534,0.12638,0.0872,0.272044,0.07664499999999999
2020-06-04,0.16018499999999997,0.29161666666666664,0.07703600000000001,0.17758833333333332,0.10282650793650794,0.22812619047619048,-0.0256,0.059199999999999996,0.13592500000000002,-0.036432
2020-06-05,0.16920933333333332,0.32255866666666666,0.25553666666666663,0.37302366666666664,0.12289722222222221,0.35077,0.15984500000000001,0.0,0.19892555555555555,-0.014644999999999997
2020-06-08,-0.1130925,0.16258666666666666,0.12971057142857145,0.2058357142857143,0.055461315789473685,0.07758941176470587,0.018120000000000004,0.10444,0.09585333333333335,0.30159499999999995
2020-06-09,-0.11814999999999998,0.06025104761904763,0.4114893333333334,0.10131190476190474,0.02794083333333333,0.208208,0.08648000000000002,0.13014,0.29664238095238094,0.27276500000000004
2020-06-10,0.009570000000000013,-0.022498963636363632,-0.15578888888888887,0.15007095238095236,0.10565777777777778,0.15185333333333334,0.08648000000000002,0.135055,0.007861666666666664,0.23986000000000002
2020-06-11,0.006903809523809526,0.04995316017316018,-0.098045,0.0799708888888889,0.21064000000000002,0.10845095238095237,0.07664,0.15266999999999997,0.21909166666666663,0.20902000000000004
2020-06-12,0.05869333333333333,0.07265361904761905,0.027370000000000016,0.06477200000000001,0.127208,-0.02504199999999999,0.11499000000000001,0.14822999999999997,0.1340966666666667,0.20002
2020-06-15,0.02317333333333332,0.008546493506493507,-0.12991688888888886,0.031587,0.17032571428571427,0.00592657142857142,0.16963,0.18842,0.19600666666666666,0.3343
2020-06-16,0.09305,0.19475,0.1422275,0.04038533333333334,0.05510666666666666,0.131533,0.11499000000000001,0.19426,0.19455,0.33887
2020-06-17,0.12827833333333333,0.17689083333333336,0.026903999999999994,-0.025888,-0.15136,0.04976666666666667,0.045179999999999984,0.08416,0.09115,0.05574
2020-06-18,0.0013156666666666664,0.0690825238095238,0.04320266666666666,-0.09982,0.20376333333333335,0.012585666666666667,0.0,0.23315000000000002,0.21649999999999997,0.08632
2020-06-19,0.11635999999999999,0.00780155555555555,0.2169090476190476,-0.14238,0.2170433333333333,0.11308,-0.04526,0.23315000000000002,0.04003999999999999,0.12854000000000002
2020-06-22,0.14001666666666665,0.04642333333333333,0.2095390476190476,-0.11089999999999997,0.2720066666666667,0.10251333333333332,-0.003320000000000001,0.23315000000000002,0.22774114285714284,-0.06698333333333333
2020-06-23,0.09857833333333332,0.17650266666666667,0.19058999999999998,0.03487,0.1305725,0.17159799999999997,0.04588,0.20776,0.10829333333333332,0.05464
2020-06-24,0.10274121212121212,0.015461000000000008,-0.18982071428571426,0.058322000000000006,0.14314666666666667,-0.034453333333333336,0.04588,0.05514,-0.07593666666666665,0.0341
2020-06-25,0.08696533333333334,0.08762940000000001,0.11410380952380954,-0.01028685714285715,0.09568249999999999,-0.07009470588235295,0.12625999999999998,0.05514,-0.24469999999999997,0.05464
2020-06-26,0.2406733333333333,0.1670535294117647,0.07093333333333333,0.010400476190476205,-0.007250999999999999,-0.14709111111111112,0.14838,-0.06842000000000001,-0.16092,0.068
2020-06-29,0.02096102564102565,0.046552769230769224,-0.019459999999999984,0.13596133333333332,0.167875,-0.06634357142857143,0.04526,-0.07224,0.10954333333333333,0.068
2020-06-30,0.11430761904761906,0.057023333333333336,0.07800466666666668,0.03491928571428572,0.08506000000000002,-0.113116,0.04046,0.14436,0.192486,0.034
2020-07-01,-0.005466666666666664,-0.1007424025974026,0.10210333333333335,-0.14882499999999999,0.1957788888888889,0.07701666666666669,0.04046,0.14436,0.12086999999999999,0.14079999999999998
2020-07-02,0.013078333333333334,0.161906,0.17867757575757576,0.07885,0.15533055555555558,-0.1247175,0.04046,-0.0256,0.21391999999999997,0.34319
2020-07-06,0.04434400000000001,0.0012227619047619014,0.12836380952380952,0.040134,0.09275857142857143,0.008782727272727272,-0.005310000000000004,-0.06364,0.10685532467532469,0.1439150724637681
2020-07-07,0.08076000000000001,0.09484545454545454,0.022263571428571417,0.013000000000000012,0.11636333333333333,0.013162857142857143,-0.005310000000000004,0.03313000000000001,0.25309714285714285,0.005579999999999996
2020-07-08,-0.07272500000000001,0.18475666666666665,0.12094857142857143,0.20814,0.16960190476190476,0.134395,0.17263,-0.02311000000000001,0.13118114285714286,-0.05780166666666666
2020-07-09,0.034594999999999994,0.08616750000000001,0.14581000000000002,0.14452166666666666,0.08916333333333334,0.07370833333333336,0.05825,-0.11988000000000001,0.1574142857142857,0.10533999999999999
2020-07-10,-0.011450000000000005,0.007357142857142847,0.17794666666666664,0.04296,0.22027181818181818,-0.04353714285714285,0.04046,-0.10444,0.04864,0.14728
2020-07-13,0.021599999999999998,0.1670077142857143,0.2873133333333333,0.03127666666666666,0.05238,0.2914866666666667,0.04046,-0.10444,0.3125,0.0162
2020-07-14,0.03231714285714286,0.08158119047619047,0.26393999999999995,0.009121722222222219,0.22699000000000003,0.09359300000000001,0.04046,0.01544,0.135296,0.09741999999999999
2020-07-15,0.05775333333333332,0.12762828571428572,-0.049015,0.29622365217391305,0.20084999999999997,0.16625,0.04046,0.00857,0.11118000000000001,0.3174
2020-07-16,0.13065333333333334,0.1739619841269841,0.18037000000000003,0.1212908484848485,0.14073399999999997,0.03852,0.01032,0.00857,0.04186266666666667,0.11438
2020-07-17,0.036019999999999996,0.09583222222222224,0.018699999999999998,-0.01978438095238095,-0.12045333333333334,0.047925,0.01032,0.00857,0.014091999999999999,0.30619999999999997
2020-07-20,0.13273,0.106904329004329,0.08381055555555557,0.07658799999999999,0.07155500000000001,0.17091818181818183,0.01032,0.00857,0.15085384615384617,0.12223999999999999
2020-07-21,0.17599666666666666,0.21607577639751555,0.24793843711843713,0.1515055238095238,0.19736,0.17962285714285717,0.01032,0.026185999999999997,0.238768,0.14819
2020-07-22,0.15954,0.091004,0.158025,0.05301433333333333,0.39098,0.0027833333333333286,0.06495999999999999,0.056055999999999995,0.18278333333333335,0.14819
2020-07-23,-0.11882999999999999,0.048864294871794875,0.017550000000000003,0.010518333333333334,-0.06659999999999999,0.2657075,0.0074540000000000075,0.076816,0.24511777777777777,0.14972
2020-07-24,-0.09532749999999998,-0.008540833333333333,0.16979923076923079,-0.010969999999999997,0.164015,0.26293,0.10402,0.059199999999999996,0.25831714285714286,0.27325999999999995
2020-07-27,-0.04253999999999999,0.09007888888888889,0.026238,0.13596166666666668,-0.0036657142857142847,0.22545333333333334,0.019756000000000003,0.1637,0.18003666666666668,0.103745
2020-07-28,-0.04532999999999999,0.09230752380952381,0.07622999999999999,0.04396,0.0381,0.14129836842105264,0.11329499999999999,0.1637,0.10225214285714286,0.18993500000000002
2020-07-29,-0.094745,0.04226472222222223,0.24017,0.06744380952380953,0.138288,0.1501652564102564,0.046134999999999995,0.10452999999999998,0.23490552371541504,0.16524
2020-07-30,0.06398833333333334,0.10741133333333334,0.058042666666666666,0.164128,0.0971075,0.0753268376068376,0.0039000000000000033,-0.09534000000000001,0.08129888888888889,0.15929
2020-07-31,0.09729000000000002,0.029280285714285714,-0.003686476190476188,0.06129,0.1525548717948718,-0.010027999999999999,0.031220000000000005,0.02183999999999999,0.14831333333333332,0.17617
2020-08-03,0.24238400000000002,0.05033760784313725,0.10191750000000002,0.05421,0.05058619047619047,-0.11562018181818183,0.30703,-0.01032,0.16400866666666666,0.24440666666666666
2020-08-04,0.08877538461538462,0.20537616161616162,0.11695499999999999,0.028711666666666656,0.017150000000000002,-0.084692,0.20648,-0.07026,0.15239169696969698,0.24944000000000002
2020-08-05,0.18969,0.020249411764705884,0.21675499999999998,0.070348,-0.058089999999999996,0.12022249999999998,0.048929999999999994,0.01928,0.11665928571428572,0.025939999999999998
2020-08-06,0.13417809523809524,0.060406,0.19407833333333335,0.002500000000000005,0.222255,0.18304,0.19749,0.0,0.071235,0.07365
2020-08-07,0.11544512820512823,0.11740533333333332,0.029141333333333335,-0.061325000000000005,0.2503357142857143,0.05915666666666667,0.19749,0.27158,0.18409,0.02717
2020-08-10,0.23690333333333333,0.09989385281385281,0.19686977777777784,0.26968333333333333,0.16553333333333334,-0.04358,0.21772666666666668,0.24198,0.14572,0.019376666666666674
2020-08-11,0.22663000000000003,0.08539826190476191,0.17973357142857144,0.17205,0.10846,0.013562222222222229,0.09034666666666666,0.22024,0.23329099999999997,0.17334
2020-08-12,0.13660333333333333,0.04102516666666666,0.16271333333333332,0.09184111111111111,0.04046,0.012625000000000003,0.09034666666666666,0.13986,-0.010670952380952382,0.02732
2020-08-13,0.11237333333333335,0.053421666666666645,0.1587633333333333,-0.09380333333333335,-0.13394,-0.10216,0.09034666666666666,0.13986,0.09162857142857143,0.02732
2020-08-14,-0.06364,0.11046750000000001,0.177065,0.02203333333333332,0.04046,0.008364999999999989,0.04046,0.07636,0.27199666666666666,0.25476
2020-08-17,0.12658666666666668,0.18120333333333333,-0.061919999999999996,0.12029333333333334,0.28032999999999997,0.020839999999999997,0.22696,0.12738,0.047746,0.31689
2020-08-18,0.12132666666666667,0.08419410714285716,0.01127333333333333,0.12776166666666666,0.03578,0.18050000000000002,0.15453999999999998,0.23925999999999997,0.08149666666666669,0.40840999999999994
2020-08-19,0.12132666666666667,0.15142939393939392,0.053013333333333336,0.089782,0.17457166666666665,0.08305599999999999,0.15453999999999998,0.0,0.060760000000000015,0.40840999999999994
2020-08-20,0.0932,0.072577,0.047895999999999994,0.1723692857142857,0.044259999999999994,0.07526,0.15453999999999998,0.0,-0.015814444444444447,0.18508
2020-08-21,0.12368666666666668,0.23626966666666668,0.045533333333333335,0.2139033333333334,0.04069,-0.03522,0.12894,0.03374666666666666,0.09953866666666666,0.24791
2020-08-24,0.01114,0.07899285714285714,0.07997555555555556,0.36158666666666667,0.18137,0.24386499999999994,0.1102,-0.02054,0.14581166666666667,0.04411999999999998
2020-08-25,0.0075766666666666595,0.040056666666666664,0.07238,0.30066000000000004,0.20036777777777778,0.1547,0.10022,0.05,0.08982899999999999,0.011889999999999989
2020-08-26,0.098772,0.13396190476190478,0.11475142857142857,0.18224,0.117564,-0.105765,0.195,0.09176,0.14066666666666666,0.27280799999999994
2020-08-27,0.11682,-0.02580105263157894,0.02362514285714285,0.07358,0.11295866666666665,0.07160333333333332,0.1358,0.19455,0.12748166666666666,0.134318
2020-08-28,0.16213166666666667,0.027411794871794865,0.08272499999999999,-0.110625,-0.014042666666666665,0.09235,0.08025333333333333,0.11839999999999999,0.2582683333333333,0.134318
2020-08-31,0.15215166666666666,0.03242941176470589,-0.007902857142857139,0.08676999999999999,0.1798311111111111,0.319384,0.0,0.30096,0.14842190476190478,0.03904333333333333
2020-09-01,0.136055,0.07172476190476192,0.036559999999999995,0.13754666666666665,0.1095352380952381,0.19709000000000002,0.0,0.08409,0.064225,0.00258
2020-09-02,0.2752833333333333,0.2,0.0024499999999999925,0.18320133333333333,-0.164755,0.2462133333333333,0.0,0.12168000000000001,0.17756738095238095,0.35608
2020-09-03,0.15649857142857143,0.20869285714285715,0.093236,0.13491666666666666,0.027005,0.08002333333333334,-0.0317,0.12168000000000001,0.14047071428571428,0.38211
2020-09-04,0.14909666666666668,0.052898,0.015275,-0.06926,0.02828142857142858,0.030233333333333327,0.029599999999999998,0.15261333333333332,0.27247000000000005,0.28065
2020-09-08,0.17824800000000002,0.10680690909090909,-0.1019097142857143,0.09639499999999998,0.047805,-0.039342,0.05,0.18056333333333333,0.171425,-0.16006857142857142
2020-09-09,0.22764,0.12460545454545455,-0.124304,-0.10632000000000001,0.133745,0.07667333333333333,0.05,0.05558333333333334,0.126105,-0.06996
2020-09-10,0.20042,0.1711475,-0.03435999999999999,0.0035333333333333328,0.245695,0.055479999999999995,0.11581999999999999,0.05558333333333334,0.14387333333333335,0.03932
2020-09-11,0.10828,0.14713166666666666,0.14622,-0.05328000000000001,-0.05620666666666667,0.090952,0.0066200000000000035,-0.05656999999999999,0.16709666666666667,0.03932
2020-09-14,0.05931166666666667,0.06580914285714287,0.08470642857142857,-0.01570999999999999,0.12028834782608695,0.06732,0.021075,0.13210000000000002,0.10984500000000001,-0.008745000000000003
2020-09-15,0.06895333333333334,0.1365338095238095,0.006593333333333321,0.13044333333333333,0.16348666666666667,0.12875333333333333,0.021075,0.09661666666666666,-0.06022266666666666,-0.040236666666666664
2020-09-16,0.08873,0.14413499999999999,0.18460166666666666,-0.019539999999999995,-0.05527,0.2767721212121212,0.0,0.06369,0.251104,-0.006955
2020-09-17,0.19130666666666668,0.2760896666666666,0.24977,0.07329,0.081785,0.15977113636363635,0.097435,-0.12248,0.2518195238095238,-0.006955
2020-09-18,0.067985,0.0021362987012987,0.20443666666666668,0.08238000000000001,-0.018558999999999985,0.20768666666666666,0.097435,0.08808,0.12922666666666666,-0.05464
2020-09-21,0.08363749999999999,0.0007178666666666625,0.04212666666666666,-0.041182,-0.205646,0.018131333333333333,0.20777,0.08808,0.11227333333333334,0.05684
2020-09-22,0.18247,0.18445739316239315,0.20084,0.04909,0.348794,0.13790333333333332,0.20777,0.0,0.13950666666666667,0.033440000000000004
2020-09-23,0.15525,0.09492866666666668,0.19655499999999998,0.134876,0.2439373333333333,0.16777999999999998,0.13141,0.0,0.14163333333333333,-0.05464
2020-09-24,0.131078,0.06529190476190476,0.2200766666666667,0.14262249999999999,9.399999999999409e-05,-0.04377666666666667,0.22267,0.0,0.172555,0.0
2020-09-25,-0.04554199999999999,0.022583333333333327,0.007350000000000001,0.11752,0.13239733333333334,0.07852111111111111,0.16784000000000002,0.0,0.01805333333333333,0.0
2020-09-28,0.1542255,0.06900727272727274,0.07356,0.22749333333333333,0.09614200000000002,0.022410392156862746,-0.01996,0.04046,0.24220833333333336,0.065564
2020-09-29,0.1110975,0.21098349206349204,0.25221,-0.05424,0.23325,0.11299999999999999,-0.01996,0.0,0.22902666666666666,0.0598
2020-09-30,0.17758,0.22516666666666665,0.01869666666666667,-0.004069428571428571,0.235825,0.20257966666666669,-0.04019,0.07636,0.1288,0.213744
2020-10-01,0.06265666666666667,0.17272066666666666,0.06487111111111112,0.17794800000000002,0.19103166666666666,0.37104875000000004,-0.04019,0.07636,0.09062,0.27494
2020-10-02,-0.12972,0.1636219047619048,0.2222254761904762,0.2820222222222222,0.009844999999999993,0.27636000000000005,-0.04019,0.07636,0.11503466666666666,0.40514
2020-10-05,0.07788750000000001,0.12436752380952383,0.12921316666666666,0.18571866666666664,0.08913222222222224,0.18257495238095237,0.01767,0.11438,0.151892,0.44755500000000004
2020-10-06,0.09577999999999999,0.17313444444444442,0.0167,0.2608566666666667,0.12832333333333332,0.04873,0.01767,0.20246,0.006973333333333337,0.4089600000000001
2020-10-07,0.22237999999999997,0.11839885714285714,0.059264000000000004,0.18901066666666666,0.2207547619047619,0.07102555555555554,-0.04019,0.20246,0.31420000000000003,0.3375
2020-10-08,-0.016493999999999995,0.10740821428571427,0.16288619047619046,0.19073041666666665,0.06906833333333333,0.09301999999999999,-0.04019,0.20246,0.20668190476190476,0.15676
2020-10-09,0.13680785714285715,0.04635571428571428,0.16288619047619046,0.26195,-0.060580999999999996,0.19955799999999999,-0.04019,0.20246,0.20216133333333333,0.23768000000000003
2020-10-12,0.0014978787878787898,0.2718842564102564,0.1787275,0.21966012210012206,0.027217500000000006,0.1533261904761905,0.04046,0.11438,0.19510333333333332,0.3879
2020-10-13,-0.04783142857142858,-0.08431622807017544,-0.09545999999999999,0.06127583333333333,-0.073055,0.19986866666666667,0.04046,0.11438,0.06581666666666668,0.18822
2020-10-14,0.22808200000000003,0.0279325,0.02732,0.1328304347826087,0.05168400000000001,0.18359,0.13740999999999998,0.16704999999999998,0.10061,0.32068
2020-10-15,0.2973833333333334,0.12813709090909092,0.26669,0.16293033333333334,0.18227333333333334,0.14697333333333334,0.14011,0.16704999999999998,0.19443666666666665,0.3804200000000001
2020-10-16,0.20124499999999998,0.23147333333333336,0.09309125000000001,0.56552,0.06095461538461537,0.17515025641025642,0.2513500000000001,0.16704999999999998,0.16277333333333335,0.3804200000000001
2020-10-19,0.2748366666666667,0.24128,0.023918969696969702,0.17970666666666668,0.17096166666666665,0.214345,0.47354,0.16704999999999998,0.0694425,0.34525000000000006
2020-10-20,0.21496999999999997,0.272005,0.06860533333333332,0.2647316666666667,0.30983,0.12984,0.47354,0.19805,0.08346500000000001,0.21139999999999998
2020-10-21,0.21910666666666664,0.2694498095238095,-0.030614999999999983,0.13103800000000002,0.30391599999999996,0.10532,0.34222,0.22765,0.19107000000000002,0.16904999999999998
2020-10-22,0.09438333333333333,0.016974727272727273,-0.009681666666666654,0.22907333333333332,0.19340600000000002,0.038388571428571425,0.24653333333333335,0.025499999999999988,0.2859775,0.15596
2020-10-23,0.214535,0.285165,0.025655000000000004,0.42074,0.02636600000000001,0.32852,0.21717333333333336,0.025499999999999988,0.23316181818181816,0.10568999999999999
2020-10-26,0.09944857142857141,0.05901955555555556,0.06980433333333333,0.12901600000000002,0.08909777777777779,0.22682555555555556,0.09729333333333334,0.04009999999999998,0.07841000000000001,0.049775
2020-10-27,0.007340000000000002,0.065585,0.009468333333333334,0.0037400000000000046,0.06143714285714286,-0.02129025641025641,0.09729333333333334,0.04009999999999998,0.1958490857142857,0.04934
2020-10-28,0.041774,0.14660600000000001,0.058988571428571425,0.03187761904761905,-0.008314666666666665,0.13525713636363637,0.09729333333333334,0.14616,0.11585142857142856,-0.005299999999999999
2020-10-29,0.17301000000000002,0.11301533333333331,-0.08975857142857142,0.10489000000000001,0.20504466666666668,-0.06347699999999999,0.06969533333333335,0.05464,0.1696,0.03768
2020-10-30,0.22373999999999997,0.17318155555555556,-0.0013335000000000027,0.08553200000000001,0.08732345454545455,0.05957685714285714,0.06969533333333335,0.05464,0.10438,0.07665999999999999
2020-11-02,0.06413833333333332,0.09203722222222224,-0.08184083333333333,0.09402999999999999,0.12432555555555555,0.1615075,0.16214333333333336,0.05464,0.0805515,-0.0005300000000000027
2020-11-03,-0.06955933333333333,0.14961866666666665,-0.0017549999999999955,0.08199309523809524,0.16307733333333335,0.16295866666666664,0.21320333333333333,0.05464,0.12840000000000001,0.000610000000000005
2020-11-04,0.084316,0.11511780952380953,0.146974,0.1607625,0.18835777777777776,0.18168666666666666,0.18391000000000002,0.0,0.13422666666666666,-0.155935
2020-11-05,-0.031197000000000003,0.15840928571428572,0.04858666666666666,0.12442,0.047150000000000004,0.09215666666666666,0.18391000000000002,0.02679333333333333,0.14032,0.13588
2020-11-06,0.09671144607843138,0.05510857142857143,0.051188333333333336,0.1398,0.0,-0.009405714285714285,0.17071,0.09966,0.17519,0.14980000000000002
2020-11-09,0.2057085714285714,0.035877142857142864,0.16904728205128206,0.04666642857142857,0.20935333333333334,0.2142726666666667,0.17071,0.20396,0.03288666666666666,0.08789142857142858
2020-11-10,0.02692500000000001,0.09780488888888889,0.026431000000000017,0.1362,0.212596,0.18589733333333333,0.024389999999999988,0.20396,0.026402666666666665,0.1366
2020-11-11,-0.023635,0.08898266666666667,0.09073000000000002,0.1478335238095238,0.12934,0.039290000000000005,0.07808333333333332,0.20600000000000002,0.16329619047619048,0.08646
2020-11-12,0.15018,0.12410580086580088,0.3424666666666667,0.1692842564102564,0.018690000000000002,0.03413333333333333,0.04404,0.20600000000000002,0.23350666666666667,0.24905
2020-11-13,0.22376500000000005,0.19342049689440993,0.29847333333333337,0.11451333333333333,0.17160000000000003,0.09176,0.19241999999999998,0.16454,0.12994533333333333,0.24905
2020-11-16,0.125346,0.18227977777777776,0.3368525,0.12498400000000001,0.029619000000000006,0.18144428571428572,0.19221,0.10533999999999999,0.3348466666666666,0.031710000000000016
2020-11-17,0.115872,0.2666457894736842,0.26647,-0.013095999999999997,-0.028674999999999996,0.11739000000000002,0.18151,0.10533999999999999,0.32211666666666666,0.031710000000000016
2020-11-18,0.008979999999999998,0.26361666666666667,0.23636833333333335,0.11738833333333332,0.09573333333333334,-0.02584111111111111,0.18151,0.19341999999999998,0.24905499999999997,0.04068000000000001
2020-11-19,-0.018341428571428574,-0.03740416666666666,0.257295,0.19852933333333334,0.12472333333333334,-0.022214285714285714,0.1706,0.19341999999999998,0.027370000000000005,-0.11612
2020-11-20,-0.036219999999999995,-0.02673630952380952,0.176915,0.10204666666666666,0.0351975,0.030329333333333337,0.1706,0.19341999999999998,0.17984333333333333,-0.09490666666666667
2020-11-23,0.03452666666666667,0.17166674725274725,-0.02423785714285715,0.028933999999999998,0.1924425238095238,0.12892571428571428,0.04046,0.10533999999999999,0.11966000000000002,0.006766666666666671
2020-11-24,0.14435333333333333,0.070819,-0.14315,0.135245,0.12328466666666667,0.04514119047619048,0.12854000000000002,0.16960999999999998,0.09828,0.13152666666666665
2020-11-25,0.16753200000000001,0.17553666666666667,0.12261249999999999,0.0005153333333333343,0.04019,0.22318666666666664,0.14763333333333334,0.16960999999999998,0.12318666666666667,0.18330000000000002
2020-11-27,0.30104,0.11065,0.18031250000000001,0.2263633333333333,-0.03129333333333334,0.18269238095238094,0.14763333333333334,0.11039999999999998,0.21619000000000002,0.20056
2020-11-30,0.27708666666666665,0.148384,0.21517904761904766,0.022825,0.16828333333333334,0.09554457142857144,0.10771333333333333,0.1343,0.07994166666666666,0.10889
2020-12-01,0.21306000000000003,0.18097400000000002,0.10927,0.333355,0.04019,0.096526,0.16294000000000003,0.16183999999999998,0.07541666666666666,0.16353
2020-12-02,0.07024,0.015388222222222225,0.14893133333333333,0.11765,0.207675,-0.001566666666666669,0.21400000000000002,0.22056,0.20883500000000002,0.27591
2020-12-03,0.1968542857142857,0.09779,0.012890000000000007,0.11369,0.24151499999999998,0.11542369747899159,0.21400000000000002,0.31794,0.15988333333333332,0.27591
2020-12-04,0.26953,0.07866666666666666,0.00391412698412698,-0.02116,0.1865133333333333,0.08516,0.21400000000000002,0.24158,0.19909000000000002,0.2794
2020-12-07,0.1645222222222222,0.09896714285714288,0.06009488888888888,0.04854066666666666,0.010719999999999997,0.07255666666666667,0.21400000000000002,0.33692,0.11864777777777777,0.28403999999999996
2020-12-08,0.18614181818181819,0.06071333333333334,0.062224999999999996,0.047122,0.16099333333333332,-0.0016377777777777825,0.2054666666666667,0.27771999999999997,0.15622999999999998,0.29369999999999996
2020-12-09,0.334375,0.019139878787878782,0.047018000000000004,0.08054333333333333,0.013816666666666666,-0.04326555555555555,0.26437333333333335,0.21230000000000002,0.26604733333333336,0.4685600000000001
2020-12-10,0.2286975,0.21859968253968254,0.25685399999999997,0.140775,0.06313500000000001,0.0001906666666666765,0.2732,0.21230000000000002,0.2846783333333333,0.2891066666666667
2020-12-11,0.13661142857142858,0.14347326315789474,-0.233304,0.09013499999999999,0.30145299999999997,-0.07586066666666667,0.18168,0.00258,0.093919,0.26715999999999995
2020-12-14,0.0482675,0.04732166666666667,0.07815000000000001,0.16589,0.14211500000000002,0.09333297619047619,0.18168,0.017852,0.124556,0.12999
2020-12-15,0.1282575,0.18401190476190474,0.20113333333333333,0.261165,0.25432166666666667,0.25199999999999995,0.0,0.08424000000000001,0.11298599999999999,0.12999
2020-12-16,0.07403178571428573,0.27887399999999996,0.06356666666666667,0.30798666666666663,0.332135,0.17598999999999998,0.0,0.18118,0.0891,0.12999
2020-12-17,0.09116428571428573,0.17274,0.11717999999999999,0.38241933333333333,0.05570533333333333,0.1944925,0.08808,0.0,0.2813542857142857,0.12379
2020-12-18,0.025975499999999995,0.2572413333333333,0.036699999999999997,0.13206,0.17989000000000002,0.026724499999999995,0.09069999999999999,0.03637,0.24122000000000005,0.12963
2020-12-21,0.062107333333333334,0.12752141125541125,0.13405733333333333,-0.029942657894736845,0.27162,0.22704149999999998,0.23371,0.06369,0.20990114285714284,0.24393000000000004
2020-12-22,0.002556666666666668,0.08608799999999997,-0.018831999999999995,0.09145800000000001,0.040535999999999996,0.23307333333333333,0.12138,0.06369,0.21012,0.18497
2020-12-23,0.03396166666666667,0.13125683333333335,0.13622,0.19798,0.10367222222222221,0.40626666666666666,0.12138,0.06369,0.20094000000000004,0.21001000000000003
2020-12-24,0.023236666666666666,0.19487114285714285,0.18150666666666665,0.32642,0.24567,0.4868499999999999,0.12138,0.11539999999999999,0.18328333333333333,0.21001000000000003
2020-12-28,0.18002249999999997,0.24526172727272724,0.09058,0.10080111111111112,0.14919,0.3131285714285715,0.04046,0.00678,0.1945491666666667,0.3468800000000001
2020-12-29,0.21597999999999998,0.16010577777777776,0.09786999999999998,-0.33083999999999997,0.12786666666666666,0.199215,0.1358,0.02732,0.029078000000000003,0.3468800000000001
2020-12-30,0.26442,0.35562000000000005,0.06642,0.03512,0.13432666666666665,0.07231399999999999,0.19944,0.0,0.218595,0.25880000000000003
2020-12-31,0.2359990476190476,0.3254826666666667,0.08731333333333335,0.30639066666666664,0.21127666666666664,0.14057866666666669,0.21617999999999998,0.04074,0.24385000000000004,0.21771000000000001
2021-01-04,0.19355333333333333,0.10702622222222224,0.06635833333333332,0.19774166666666665,0.16365999999999997,0.18553944444444442,0.04404,0.0,0.15500999999999998,0.168855
2021-01-05,0.06041166666666666,0.09015666666666668,0.12317666666666667,0.2242366666666667,0.27824499999999996,0.1389266666666667,0.12264,0.0,0.10523500000000001,0.20237
2021-01-06,0.11120171428571428,0.06937,-0.019253333333333334,0.25573583333333333,0.04191,0.17658133333333334,0.20693999999999999,0.029599999999999998,0.16318566666666667,0.20237
2021-01-07,0.16188000000000002,0.107911,0.05487333333333333,0.12210380952380953,-0.047700000000000006,-0.07347333333333332,0.0707,0.029599999999999998,0.059100666666666656,0.12963
2021-01-08,0.06883,0.208589,0.0934207142857143,0.16796666666666665,-0.012906666666666669,0.0015688888888888864,0.149868,0.08424000000000001,0.08303333333333332,0.17616
2021-01-11,0.21936999999999998,0.14755666666666667,0.12099,0.12951217391304348,-0.10957285714285714,0.06807250000000001,0.143248,0.17246,0.10196138888888888,0.23531
2021-01-12,0.075815,0.14030083333333332,-0.008301333333333327,0.038448833333333335,0.09381500000000001,0.15655333333333332,0.15342,0.06051333333333333,0.11766999999999998,0.38197
2021-01-13,-0.04492999999999999,0.15792666666666666,0.07438166666666667,0.08364833333333334,0.159065,0.31360363636363636,0.09878,0.14032666666666666,0.11984236024844722,0.19720666666666667
2021-01-14,0.032802000000000005,0.06798000000000001,0.07271166666666666,-0.013831428571428573,0.1252,0.37122666666666665,0.09878,0.12059333333333333,0.17192,0.04860666666666667
2021-01-15,0.038813333333333325,0.1527966666666667,0.1922497435897436,0.23589064935064932,0.12534499999999998,0.08051,0.09878,0.18456999999999998,0.12073799999999998,0.2130466666666667
2021-01-19,0.08876599999999998,0.0835878787878788,0.21166666666666661,0.17653755555555556,0.10955,0.029585882352941174,-0.07134,0.12738,0.10953938461538462,0.11539999999999999
2021-01-20,-0.2,-0.070288,0.16994666666666666,0.06819890756302521,0.366,0.029599999999999998,0.030779999999999995,0.12993000000000002,0.15812666666666667,0.10830999999999999
2021-01-21,-0.1837146666666667,-0.050777,-0.23058499999999998,0.089455,0.16784,0.03776999999999999,-0.017220000000000003,0.12993000000000002,0.21714333333333333,0.10830999999999999
2021-01-22,-0.06190500000000001,0.016847499999999998,0.0399575,0.047206000000000005,0.12738,0.09595000000000001,0.05502,0.12993000000000002,0.18044333333333334,0.09966
2021-01-25,0.0754752380952381,0.05452,0.14127499999999998,0.18912833333333331,0.1696185,0.23630000000000004,0.0679,0.21038666666666667,0.1657753846153846,0.11417
2021-01-26,0.001291428571428574,0.11258138888888891,0.37006,0.17325944444444447,-0.003666666666666668,0.22736766917293236,-0.01287333333333332,0.23012000000000002,0.127193,0.0890675
2021-01-27,-0.0010720000000000007,0.024555357142857143,0.3212533333333333,0.0007266666666666643,0.08873714285714285,0.06298579710144928,-0.022713333333333335,0.2950933333333334,0.2887243333333333,0.29238
2021-01-28,0.18308833333333333,0.11249076190476193,0.17101833333333333,0.08810722222222223,0.18121199999999998,0.11718349999999997,0.09229166666666666,0.18111333333333335,-0.0344111111111111,0.27714
2021-01-29,0.05877666666666668,0.14155833333333337,-0.10678166666666666,0.098247,-0.028199999999999992,0.10917833333333334,0.057821666666666674,0.11890333333333333,0.154045,0.15839999999999999
2021-02-01,0.41345333333333334,0.07755583333333335,0.09943151515151516,0.072459,0.23296999999999998,-0.04230342857142856,0.016076,0.14471333333333333,0.2760597142857143,0.12591999999999998
2021-02-02,0.12638333333333332,0.19279333333333332,0.009486140350877196,0.24018333333333333,0.19766500000000004,0.02530115384615385,0.016076,0.060193333333333335,0.37372,0.18056
2021-02-03,0.08967333333333334,0.06638888888888887,-0.003117000000000003,0.20355600000000001,0.08067166666666667,0.08577615384615385,0.02064,0.15488,0.2248925,0.11098333333333335
2021-02-04,-0.023813333333333343,0.21328933333333336,0.12944,-0.020971999999999998,0.10124318181818182,0.14103615384615384,0.02064,0.12083999999999999,0.16348164502164503,0.20735333333333333
2021-02-05,0.068705,-0.14214833333333338,0.036961333333333325,0.08035666666666666,0.39763466666666664,0.017580000000000002,0.01032,0.13757,0.22059333333333334,0.23529999999999998
2021-02-08,-0.00798833333333333,0.09790980952380952,0.11955750000000002,-0.007614095238095234,-0.027191999999999994,0.20295904761904762,0.08928,0.23859999999999998,0.16393,0.26638
2021-02-09,0.03059095238095238,0.05041428571428571,0.14195000000000002,0.010079999999999995,0.22650999999999993,0.08408666666666667,0.09921333333333333,0.22214,0.15991,0.32102
2021-02-10,-0.0066810476190476194,0.09682190476190476,-0.018936666666666668,-0.017513333333333332,0.19983599999999999,0.11515142857142857,0.14509333333333335,0.22214,0.11446,0.26375000000000004
2021-02-11,0.120215,0.09395555555555557,0.043355000000000005,0.14275833333333335,0.03291,-0.027669999999999993,0.14509333333333335,0.08808,0.13777599999999998,-0.009659999999999998
2021-02-12,0.19704000000000002,0.043276999999999996,0.019594666666666673,0.053059999999999996,0.07707,0.22464666666666666,0.14509333333333335,0.5176999999999999,0.14337333333333332,0.13408
2021-02-16,0.10841757575757578,0.06202557142857144,0.0994925,0.10036850000000001,0.0019100000000000117,-0.15983285714285714,0.13835000000000003,0.5026499999999999,0.08732999999999999,0.33836999999999995
2021-02-17,0.07452666666666667,0.10958166666666666,0.01710481818181818,0.24346600000000002,0.03251333333333334,-0.041652857142857144,0.11623999999999998,0.28719,0.17704133333333333,0.2889
2021-02-18,0.1707,0.1916569523809524,0.15594166666666665,0.12531,0.11442000000000001,0.08548428571428571,0.12181,0.28719,0.11926,0.27871
2021-02-19,0.18639999999999998,0.1446842857142857,0.30261499999999997,0.16882000000000003,0.13655333333333336,0.16968133333333335,0.1685,0.034,0.20412,0.42367
2021-02-22,0.147552,0.06962695238095237,0.1703438888888889,0.035070000000000004,0.191966,0.10063333333333332,0.010286666666666666,0.0,0.23706,0.40422
2021-02-23,0.26206666666666667,0.10079380952380952,0.28763333333333335,0.009557777777777776,-0.010640000000000005,0.09949333333333332,0.009569999999999995,0.04046,0.26743833333333333,0.24420000000000003
2021-02-24,-0.019178571428571423,0.04783845238095238,-0.025846333333333332,0.10136500000000001,0.11243,-0.08522166666666668,-0.03062,0.02266666666666667,0.17472666666666667,0.022760000000000002
2021-02-25,0.0044977777777777785,0.12287166666666664,0.10586999999999999,0.20924133333333333,0.2481325,0.11347888888888888,0.0,0.031408000000000005,0.042359999999999995,0.05464
2021-02-26,0.028349999999999997,0.1821105,0.10174000000000001,0.11745333333333334,0.016120000000000002,0.09814166666666667,0.029599999999999998,0.07034,0.13026166666666666,-0.059199999999999996
2021-03-01,0.016930000000000004,0.20921833333333334,0.2517376666666667,0.001716000000000001,0.25453000000000003,-0.04041875,0.0026699999999999944,0.4231,0.15231,0.037380000000000004
2021-03-02,0.16122,0.06510999999999999,0.08687933333333334,0.24867600000000004,0.28883000000000003,-0.09616,0.0026699999999999944,0.29572000000000004,0.006666666666666677,-0.05671999999999998
2021-03-03,0.056625999999999996,0.029797619047619052,0.1445590909090909,0.011080476190476191,0.32574,0.03332714285714286,0.0026699999999999944,0.00172,0.1848,0.009390000000000013
2021-03-04,0.154,-0.08179681818181818,0.10244499999999998,0.13841199999999998,0.031912499999999996,0.08532500000000001,0.11187,0.11148,0.10097999999999999,0.21241000000000004
2021-03-05,0.10985733333333332,0.1252625,0.11253333333333333,0.128544,-0.01999,0.03994285714285715,0.068,0.0,0.10149999999999999,0.14009
2021-03-08,-0.068966,0.10533833333333334,0.10406866666666667,0.125455,0.09863999999999999,0.12299833333333332,0.059693333333333334,0.22386,0.26002200000000003,0.05944000000000001
2021-03-09,0.195184,0.09810533333333334,-0.04901238095238096,-0.013512000000000001,0.059199999999999996,0.16402333333333333,0.03996,0.22386,0.038535,0.026570000000000003
2021-03-10,0.10993750000000002,0.15128748051948054,0.11134999999999999,0.19598333333333334,0.14432,0.06894615384615385,0.08274000000000001,0.25944,0.17362,0.21745
2021-03-11,0.13156600000000002,0.08439571428571428,0.25180333333333327,0.17150666666666667,0.028587999999999995,0.24921733333333332,0.17104999999999998,0.32308,0.12800857142857142,0.21745
2021-03-12,0.15660857142857143,0.14918285714285714,0.29296999999999995,0.07102333333333333,-0.0035800000000000025,0.31282333333333334,0.14217,0.08768000000000001,0.23971,0.28969
2021-03-15,0.08673833333333333,0.2340242857142857,0.1456633333333333,0.17318499999999998,0.20649314285714288,0.24321333333333336,0.08297,0.28554666666666667,0.115008,0.3238
2021-03-16,0.10238133333333335,0.19372450000000002,0.015209999999999996,0.07153499999999999,0.19187714285714286,0.14379,0.04278,0.021633333333333334,0.013519999999999999,0.18091333333333334
2021-03-17,0.1295,0.09070249999999999,0.08198,0.15256999999999998,0.15264714285714287,0.04066499999999999,0.07010000000000001,-0.02571,0.24533999999999997,0.18091333333333334
2021-03-18,-0.007813333333333328,0.12857933333333332,0.01838666666666664,0.161465,0.11881333333333333,-0.09712999999999998,0.07010000000000001,0.17936000000000002,0.22137333333333334,0.10633333333333335
2021-03-19,0.11760666666666666,0.05442238095238096,0.2608666666666667,0.014035999999999988,0.20043333333333332,-0.11495,0.09532,0.17936000000000002,0.19592,0.10633333333333335
2021-03-22,0.056714999999999995,0.087212,0.0432,0.26280499999999996,0.11120400000000004,0.07047,0.06777999999999999,0.17936000000000002,0.128051,0.10633333333333335
2021-03-23,0.08136399999999999,0.164563,-0.12369277777777779,0.279235,0.08232999999999999,0.11825000000000001,-0.05,0.025019999999999997,0.25255666666666665,0.07988
2021-03-24,0.18495,0.2874051515151515,-0.04711066666666667,0.18847999999999998,0.17994000000000002,0.0949933333333333,0.05464,0.025019999999999997,0.022934999999999994,0.07988
2021-03-25,-0.002475999999999998,0.0841157142857143,0.14115333333333333,0.074788,0.14908000000000002,0.04965999999999999,0.10568999999999999,0.10424,0.042760000000000006,0.16252
2021-03-26,0.034595,0.015152619047619045,0.2526423333333333,0.210324,0.03299833333333333,-0.018038571428571442,-0.040029999999999996,0.10424,0.04053000000000001,0.22172
2021-03-29,0.11353444444444442,0.2614518831168831,0.1914,0.018072444444444443,0.28385666666666665,0.22221033333333332,-0.040029999999999996,0.06455,0.20407999999999998,0.23319499999999999
2021-03-30,0.12869,0.105048,0.2677733333333333,0.022658076923076927,0.05071000000000001,0.26120666666666664,-0.040029999999999996,0.08668,0.27706333333333333,0.248635
2021-03-31,0.02023,0.125685,0.16796333333333333,0.063425,0.050409999999999996,0.2513283333333334,0.07837,0.08668,0.15532666666666667,0.13502
2021-04-01,0.06819,0.023636666666666667,-0.2929,0.15350199999999997,0.02037000000000001,0.17572333333333331,0.0,0.027839999999999993,0.05151800000000001,0.17731333333333332
2021-04-05,0.344484,0.14930333333333334,-0.0076959999999999945,0.1638126406926407,0.16691533333333336,0.261592,0.061890000000000014,-0.01543333333333335,0.14058307692307695,0.10788
2021-04-06,0.2324809523809524,0.13239599999999999,0.026503999999999993,-0.02278800000000001,0.15532200000000002,-0.007865,0.09747000000000001,0.13874666666666663,0.03935933333333333,0.08196
2021-04-07,0.15944000000000003,-0.07609066666666667,-0.07508000000000001,0.118085,0.24366,0.06357333333333334,-0.08725999999999999,0.2624,0.1643,0.08196
2021-04-08,0.2307666666666667,0.29276928571428573,0.07392,0.013633333333333334,0.185678,0.08981333333333333,0.16572,0.16706,0.10084,0.26708000000000004
2021-04-09,0.12209399999999997,0.19055714285714284,-0.15111,0.02396190476190476,0.16857,0.18125761904761906,0.16572,0.16706,0.17092166666666667,0.2944
2021-04-12,-0.02026000000000001,0.17996428571428572,0.01261000000000001,0.199456126984127,0.08036833333333333,0.16821999999999998,0.15642,0.20804,0.12543500000000002,0.32344000000000006
2021-04-13,0.277324,0.14032833333333333,0.24666666666666667,0.2411633333333333,-0.02839666666666667,0.325995,0.15642,0.19771999999999998,0.13050333333333333,0.10017333333333334
2021-04-14,0.16172,-0.008063333333333329,0.11983333333333332,0.11978232844574781,-0.01144666666666666,0.17314166666666667,0.11750000000000001,0.12972,0.12262666666666666,0.34237
2021-04-15,0.17260999999999999,-0.013320571428571432,0.0017399999999999972,0.08326666666666667,0.10661000000000001,0.340515,0.11750000000000001,0.09176,0.21003,0.30904
2021-04-16,0.17172,0.1554375,0.08471333333333333,0.2014628571428571,-0.007079999999999999,0.09418666666666667,0.07704,0.09176,0.061486,0.30904
2021-04-19,0.0013050000000000006,0.06033042483660132,0.0023583333333333347,0.16203535714285713,0.044012857142857145,0.196787,0.3733,0.10767,0.08875695238095238,0.19418
2021-04-20,0.01864285714285714,0.02113595238095238,0.11605333333333334,0.26226000000000005,0.08759333333333333,0.007821818181818175,0.36813999999999997,0.10767,0.1142635,0.23341000000000003
2021-04-21,0.0497688888888889,0.08473666666666667,0.028654999999999996,0.19099333333333332,0.24697,0.03623666666666666,0.27968000000000004,0.10767,0.07662000000000001,0.16410428571428573
2021-04-22,0.0886721212121212,0.22545833333333332,0.011080000000000001,0.17380333333333337,0.048555,0.09017,0.2527557142857143,0.09629,0.18317299999999997,0.148135
2021-04-23,0.20769433333333334,0.11434333333333332,-0.047299999999999995,0.23498333333333338,0.04348,0.08455,0.2808857142857143,0.25195,0.1093151282051282,0.016309999999999998
2021-04-26,0.031063333333333342,0.1408921568627451,-0.015539999999999993,0.22928833333333332,0.24135500000000004,0.008293333333333323,0.2808857142857143,0.0636,0.19160222222222223,0.0655
2021-04-27,0.031104444444444445,0.071742,0.03794666666666666,0.23048085714285715,0.22128166666666668,0.1168425992063492,0.26498571428571427,0.0636,0.196428,0.04525
2021-04-28,0.21570666666666666,0.15206150000000002,0.24722600000000003,0.06365666666666665,0.1388272380952381,-0.015243368421052625,0.33242571428571427,0.17568666666666669,0.10281688311688311,0.10695999999999999
2021-04-29,0.24272100000000002,0.11794466666666667,0.27493333333333336,0.1488,0.12076885714285716,0.005193461538461536,0.19961333333333336,0.162866,0.15704,0.10695999999999999
2021-04-30,0.2264266666666667,0.20978666666666665,0.20397500000000002,0.150719,0.15298984615384617,0.04303600000000001,0.13462000000000002,0.25803000000000004,0.15221666666666667,0.197405
2021-05-03,0.15644666666666668,0.07941866666666667,0.09553500000000001,0.22597499999999995,0.2069343333333334,0.029850476190476195,0.023880000000000002,0.37956,0.16637416666666666,0.40988500000000005
2021-05-04,0.31945599999999996,0.07958849999999998,0.04163471428571429,0.14647642857142856,0.10430999999999999,0.104168,-0.012937500000000001,0.37956,0.026834999999999998,0.337085
2021-05-05,0.232668,0.02728333333333332,0.06742999999999999,0.05547799999999999,0.22193000000000002,0.19239699999999998,0.15888249999999998,0.07194,0.17741666666666667,0.090295
2021-05-06,0.22630133333333333,0.13727833333333334,0.25497000000000003,0.083508,0.03660999999999999,0.25837,0.21586,0.059840000000000004,0.27107000000000003,0.090295
2021-05-07,0.2527333333333333,0.007150000000000001,0.09751499999999999,0.03286333333333333,0.03864,0.07986,0.21586,0.059840000000000004,0.19982666666666665,0.16848000000000002
2021-05-10,-0.11144033333333334,0.0988,0.11302133333333333,0.043842000000000006,0.08046266666666667,0.23698999999999998,0.15298,0.059840000000000004,0.22131999999999996,0.3546714285714286
2021-05-11,0.20482,0.03266299999999999,-0.015452000000000004,-0.013030000000000003,0.11195333333333332,0.14259750000000002,0.22105999999999998,0.047099999999999996,0.050480000000000004,0.3546714285714286
2021-05-12,0.08715,-0.004383333333333331,0.11560666666666668,0.06290333333333334,0.4131600000000001,0.08220857142857144,0.25176,0.12747999999999998,0.18076,0.37238000000000004
2021-05-13,0.08715,0.26425400000000004,0.08052000000000001,0.12655333333333332,0.26453333333333334,0.03765,0.15298,0.059199999999999996,0.028409999999999998,0.24098000000000003
2021-05-14,0.025,0.12752061594202901,0.010286666666666666,0.15668833333333335,0.13678,0.05667,0.21217999999999998,0.059199999999999996,0.13079999999999997,0.23312
2021-05-17,0.00817589743589744,0.06819395252837979,0.21077533333333331,0.29199571428571425,0.12319399999999998,0.15174142857142858,0.198496,0.059199999999999996,0.15613666666666665,0.15676
2021-05-18,0.0013776666666666653,0.11644750000000001,0.09750500000000001,0.3380666666666666,0.17913,0.007116,0.13942000000000002,0.0,0.20997,0.07224
2021-05-19,0.014016,0.07002933333333335,0.061595,0.37431,0.09308,0.029969999999999997,-0.02133999999999999,0.0,-0.06776857142857143,0.2104
2021-05-20,0.109577,0.2060375,0.12242000000000001,0.2645666666666667,0.15234666666666669,0.13894,0.05904,0.0,0.18060466666666666,0.19335
2021-05-21,0.21222285714285713,0.09479619047619046,0.05721,0.01351,0.24295999999999998,0.24493,0.09086000000000001,0.0,0.27535999999999994,0.18456999999999998
2021-05-24,-0.015649999999999987,0.1670268888888889,0.11589333333333332,0.031190000000000002,0.3381686666666667,0.242395,0.08449999999999999,0.04632,0.33930999999999994,0.22541000000000003
2021-05-25,0.19827,0.16832888888888892,0.22863277777777777,0.12618666666666667,0.22450666666666663,0.22432,0.12083999999999999,0.23349000000000003,0.08518600000000001,0.22286
2021-05-26,0.23640857142857144,0.07906878787878788,0.309022,0.07502499999999998,0.12940666666666667,0.03629666666666666,0.12083999999999999,0.0,0.30906,0.19694000000000003
2021-05-27,0.118326,0.22668249999999998,0.24360133333333334,0.009452499999999997,0.19927,0.07439777777777777,0.14282,-0.01027,0.22949199999999997,0.26802000000000004
2021-05-28,0.4019236666666666,0.34120666666666666,0.028807999999999993,0.20167666666666667,0.18086666666666668,0.07224,0.08954,0.20112000000000002,0.16497,0.17728000000000002
2021-06-01,0.4275346666666667,0.26591628205128204,0.08505438095238095,0.17109955555555553,0.16207066666666664,0.14226,0.07872,0.13889999999999997,0.144219,0.24325000000000002
2021-06-02,0.12601,0.15471809523809527,0.13728400000000002,0.165604,0.15079000000000004,0.11981,0.02408,0.26037,0.15422666666666668,0.32878
2021-06-03,0.031593333333333334,0.20841000000000004,0.22660999999999998,-0.005325000000000002,0.17524,0.17161333333333334,0.16076,0.16021999999999997,0.09815,0.068
2021-06-04,0.295435,0.11211533333333334,0.06751,0.27615,0.11159333333333332,0.13876,0.16076,0.13904,0.138726,0.19293
2021-06-07,0.1335111111111111,0.08687416666666667,-0.22979999999999995,0.21601809523809523,0.0886,0.23135500000000003,0.088285,0.17312999999999998,0.23656850000000001,0.19293
2021-06-08,0.36702666666666667,0.06388866666666668,0.08360999999999999,0.23598666666666665,0.08334,0.18885,0.09632,0.17312999999999998,0.27457600000000004,0.12498000000000001
2021-06-09,0.29006,0.10986666666666664,0.005316000000000003,0.30442366666666665,-0.016589090909090907,0.09079000000000001,0.09632,0.06952,0.12857000000000002,0.05464
2021-06-10,0.06415371428571429,0.061589500000000005,0.12267000000000002,0.16646166666666667,0.12728,0.11079333333333334,0.02408,0.15928,0.1683475,0.05464
2021-06-11,0.05206238095238096,0.026685000000000004,0.101855,0.25991166666666665,0.09422833333333333,0.2827,0.02408,0.0,0.042655,0.0
2021-06-14,0.0021466666666666635,0.15620126984126986,0.20434799999999997,0.062363333333333326,0.14745833333333333,0.06364,0.22782,-0.01544,0.022705999999999997,0.141205
2021-06-15,0.09738,0.29696466666666665,0.23552933333333334,0.18226,0.27434333333333333,0.05438666666666666,0.22782,-0.059199999999999996,0.064716,0.22454000000000002
2021-06-16,0.22462,0.09042457142857144,0.229142,0.01782333333333333,0.11725333333333335,0.16980166666666668,0.07636,0.019733333333333335,0.15775333333333333,0.09956000000000001
2021-06-17,0.33214333333333335,0.072525,0.03200666666666667,0.05872766666666666,0.11111333333333333,0.011315,0.11177199999999998,0.09534,0.09166244444444445,0.17994
2021-06-18,0.14004,0.26881499999999997,0.12274,0.10187833333333333,0.21502333333333334,0.013140000000000002,0.173252,0.15689000000000003,0.123678,0.17994
2021-06-21,0.21744000000000002,0.030614325396825393,0.10162749999999998,0.03667666666666667,0.3219826666666667,0.12130999999999999,0.09426533333333334,0.15689000000000003,0.15206250000000002,0.12790166666666666
2021-06-22,0.06438000000000002,-0.002868999999999999,0.09020500000000001,-0.103095,0.23020666666666667,-0.04833333333333334,0.07721533333333333,0.018739999999999996,0.14797,0.12790166666666666
2021-06-23,0.12380733333333334,0.13532316666666666,0.13546,0.11712,0.28624,0.07343666666666666,0.07721533333333333,0.018739999999999996,0.16686600000000001,0.03628499999999998
2021-06-24,0.017473333333333323,0.1748625,0.14267166666666667,0.16315452380952383,0.27444,0.013486666666666666,0.10591333333333333,-0.05761999999999999,0.26358666666666664,0.211455
2021-06-25,0.10543666666666666,0.05823883333333334,0.21838333333333332,-0.03056357142857143,0.09732600000000001,0.0167,0.05712666666666667,0.04653,0.38581000000000004,0.28922
2021-06-28,0.32045599999999996,0.08975714285714284,-0.057014999999999996,0.039690666666666666,0.11354000000000002,0.14506000000000002,0.026973333333333332,-0.004273333333333329,0.10185733333333333,0.13275
2021-06-29,0.344036,-0.024838571428571425,0.509124,0.09911,0.1072,0.17492000000000002,0.03213333333333333,-0.017159999999999998,0.31473500000000004,0.3239
2021-06-30,0.25463909090909087,-0.027970238095238083,0.24012333333333333,0.04118844444444445,0.132515,0.08970666666666667,0.03213333333333333,-0.017159999999999998,0.11071866666666667,0.23137
2021-07-01,0.21166000000000001,0.102725,0.09316,0.1044458181818182,0.09759999999999999,0.21637,0.04562,0.29901999999999995,0.17703333333333332,0.20404999999999998
2021-07-02,0.0216,0.18076,0.286435,0.038106666666666664,0.45386999999999994,0.031610000000000006,0.10482,0.5466,-0.03561333333333334,0.20929999999999999
2021-07-06,0.08536,0.12166666666666666,0.04414666666666667,-0.12965649999999998,0.23586800000000002,0.09309999999999999,0.12281,0.37326000000000004,0.21066333333333334,0.21589999999999998
2021-07-07,0.07236400000000001,0.1907725,0.013188333333333333,-0.12600142857142854,0.24808,0.12718666666666667,0.06817,0.39932,0.26293333333333335,0.18334
2021-07-08,0.16462,0.0016099999999999893,0.15350533333333333,0.10945111111111112,0.119945,0.11898666666666666,0.01032,0.23212000000000002,0.212115,0.22174999999999997
2021-07-09,0.26493333333333335,0.09102000000000002,0.15546,0.20595476190476192,0.05778,0.04166,0.01032,0.08762,0.165015,0.24906999999999999
2021-07-12,0.09792500000000001,0.09840222222222221,0.20542833333333332,0.15077380952380953,0.07500333333333334,0.16555999999999998,0.07636,0.02842,0.15612333333333334,0.13120666666666664
2021-07-13,0.11024,0.1619941666666667,0.04046,0.1380897435897436,0.12481333333333333,-0.08556,0.0,0.02842,0.20865999999999998,0.11382666666666666
2021-07-14,0.02266666666666667,0.052529000000000006,0.08196,0.13293692307692306,0.2577333333333333,0.04404,0.0,0.02023,0.062528,0.054446666666666664
2021-07-15,0.05035333333333334,0.04116083333333333,0.11068133333333334,0.046793611111111105,0.07990333333333333,0.0,0.08038,0.0,0.07874600000000001,0.07636666666666667
2021-07-16,0.017055999999999998,0.08981666666666666,0.09062533333333334,0.1601466666666667,0.22715333333333332,0.07506,0.20758000000000001,0.0,0.12266369230769229,0.13027000000000002
2021-07-19,0.27175666666666665,0.017716363636363638,-0.13666166666666663,0.15700275324675325,-0.010580000000000003,0.058589999999999996,0.05437000000000001,-0.11438,-0.010115476190476192,-0.02954
2021-07-20,0.321286,0.13879400000000003,0.43356000000000006,0.1936893939393939,0.00996,0.058589999999999996,0.06118,-0.11438,0.14811000000000002,-0.02954
2021-07-21,0.03065,0.10402625000000001,0.29711333333333334,0.22480809523809525,0.0,0.059250000000000004,0.011053333333333332,-0.11438,0.128355,-0.040819999999999995
2021-07-22,0.1972025,0.08915025000000001,0.09316333333333333,0.24904,-0.033357142857142856,0.074705,0.095724,0.059199999999999996,0.116835,0.096335
2021-07-23,0.10828666666666667,0.16142325,0.238368,0.10754999999999999,-0.05,0.07255500000000001,0.066364,0.059199999999999996,0.010497666666666666,0.15548
2021-07-26,0.10838533333333333,0.11404325,0.15395266666666668,0.023042857142857136,0.15766,0.010603333333333334,0.12980399999999997,0.15591,0.14962634615384615,0.27130333333333334
2021-07-27,0.10266333333333333,0.15872291666666666,0.11397666666666668,0.16570619047619048,-0.03525999999999998,0.10027650793650796,0.211464,0.15591,0.06448191919191919,0.21059333333333333
2021-07-28,0.04188666666666667,0.2435666666666667,0.18828833333333334,0.07306316666666667,0.12277666666666669,0.1990688888888889,0.211464,0.12630999999999998,0.14988714285714283,0.12256333333333332
2021-07-29,0.13379309523809524,0.19906323809523813,0.12434133333333335,0.25199,0.09557716666666667,0.12869222222222224,0.273094,-0.068,0.16670833333333332,0.09878
2021-07-30,0.06667000000000001,0.041459523809523814,0.2095515909090909,0.026839999999999996,0.10626366666666667,0.08924422222222221,0.312064,-0.068,0.202965,0.0
2021-08-02,0.06247333333333334,0.19744757575757577,0.040445666666666664,0.32739666666666667,0.17149300000000003,0.08247333333333333,0.250544,-0.044020000000000004,0.13322365079365078,-0.09324999999999999
2021-08-03,0.13033333333333333,0.0742257142857143,0.2488966666666667,0.213888,0.16650133333333333,0.06224333333333333,0.303969,0.014569999999999994,0.13120749999999998,-0.09324999999999999
2021-08-04,0.14044,0.03111,0.17738,0.06202,0.14198499999999997,0.11500999999999999,0.0,0.014569999999999994,0.020985833333333332,0.014450000000000001
2021-08-05,0.11742333333333332,0.261665,0.08897866666666668,-0.04152399999999999,0.19514499999999999,0.141575,0.0,0.014569999999999994,0.1295404761904762,0.17333333333333334
2021-08-06,0.10008333333333333,0.21716000000000002,0.024866666666666683,-0.04407833333333333,0.13759,0.080815,0.0,0.08879999999999999,0.110392,0.23984333333333333
2021-08-09,0.14785666666666666,0.12404181818181818,-0.018156666666666647,0.14374916666666668,0.146725,0.16862333333333335,0.018213333333333335,0.08366499999999999,0.09211499999999999,0.25077
2021-08-10,0.05222333333333333,0.056369999999999996,-0.11564714285714287,0.16275499999999998,0.046906666666666666,0.07560333333333333,0.01366,0.27538,0.06299099999999999,0.2008
2021-08-11,0.027790000000000016,0.04983,0.11838666666666667,0.14228666666666667,0.13584666666666667,-0.06555400000000002,-0.08430444444444445,0.29412000000000005,0.058755,0.17348
2021-08-12,0.26612666666666673,0.06666250000000001,0.022860000000000002,0.17793285714285717,0.24107000000000003,-0.11466000000000001,0.08038,0.29412000000000005,0.18270166666666668,0.10607
2021-08-13,0.23788333333333336,0.3079059210526316,0.014799999999999999,0.07516833333333332,0.16148,-0.01928,0.08038,0.29412000000000005,0.16628166666666666,0.14579999999999999
2021-08-16,0.08180261904761905,0.06066973684210526,0.05001428571428572,0.06406333333333333,0.09712799999999999,0.04722499999999998,0.04046,0.10316999999999998,0.16586666666666666,0.11480333333333334
2021-08-17,0.10211428571428571,0.059889222222222226,-0.153445,0.023705571428571427,0.25926,0.16373500000000002,0.14350000000000002,0.19795,-0.02628666666666667,0.14083
2021-08-18,-0.056956428571428575,0.07509816666666666,0.017855,0.13399499999999998,0.21948000000000004,-0.025280000000000014,0.12294000000000001,0.41389999999999993,0.30077175,0.14083
2021-08-19,-0.036111,0.10698333333333335,0.03970404761904761,0.25477,0.17089000000000001,-0.06124,0.11207,0.41450999999999993,0.0635257142857143,0.14083
2021-08-20,0.030883333333333336,0.14573466666666668,-0.172215,0.02708,0.15946000000000002,-0.11474999999999999,0.12021000000000001,0.36837,-0.014069999999999994,0.35269999999999996
2021-08-23,0.2151016666666667,0.031409285714285716,0.09965530303030304,0.17447999999999997,-0.055709999999999996,0.06836333333333333,0.16944,0.28863,0.10318545454545455,0.12994
2021-08-24,0.3282,0.019065714285714287,0.02269666666666667,0.13621,0.10170333333333334,0.2178,0.12083999999999999,0.29783000000000004,0.00973936507936508,0.08763333333333333
2021-08-25,0.3467866666666667,0.14315938095238095,0.05494333333333333,0.22293333333333334,0.05234,0.17446,0.04046,0.23501,0.01366,0.10913999999999999
2021-08-26,0.29781,0.12436049999999998,0.055644000000000006,-0.0505,0.08684000000000003,0.0,0.09966,0.23501,0.18797099999999997,0.10913999999999999
2021-08-27,0.43975,0.057772727272727274,0.002534999999999998,0.07887999999999999,0.2544433333333333,0.09516166666666667,0.19844,0.08849,-0.010700000000000005,0.15914
2021-08-30,0.181382,0.15870595238095236,-0.1371757142857143,0.08292000000000001,0.18035666666666667,0.09005166666666667,0.11148,0.06119999999999999,0.27007866666666663,0.3537
2021-08-31,0.12099866666666667,0.06124047619047619,0.08014733333333333,0.19993285714285713,-0.01909,0.21680166666666664,0.1341466666666667,0.009059999999999999,0.020035,0.15485
2021-09-01,0.12099866666666667,0.24788095238095242,-0.06276238095238094,0.081215,0.07129666666666667,0.111595,0.11148,0.0637,-0.02976333333333333,0.07666
2021-09-02,0.040642,0.024860666666666663,0.2158341794871795,0.18016066666666664,0.12527333333333332,0.05753499999999999,0.0,0.0637,0.25962999999999997,0.18313999999999994
2021-09-03,0.18952666666666668,0.20468666666666663,0.14354178571428572,0.07333333333333333,0.12527333333333332,0.09151000000000001,0.0,0.044419999999999994,0.2505233333333333,0.21045999999999995
2021-09-07,0.2688400000000001,0.19995857142857143,0.20011433333333334,-0.0637125,0.2293216666666667,0.159808,0.02679333333333333,0.12201999999999999,0.1948952380952381,0.045766666666666664
2021-09-08,0.25418166666666664,0.103635,0.1853114285714286,0.16177000000000002,-0.02143,0.23692666666666665,-0.10744000000000001,0.07954,0.16455000000000003,0.018446666666666663
2021-09-09,-0.07891285714285715,0.06483666666666667,0.30797942857142857,-0.038935000000000004,0.008284523809523818,0.15674,-0.07901999999999999,0.06282,0.18947166666666665,0.018446666666666663
2021-09-10,0.16051,0.16809866666666667,0.050124999999999996,-0.10399666666666665,-0.04741547619047618,-0.02471,-0.14701999999999998,0.13578666666666667,-0.10527333333333336,0.12476666666666665
2021-09-13,0.24411571428571427,0.1336848051948052,0.06427607142857143,0.047966666666666664,0.26873111111111114,0.060873333333333335,0.07007333333333333,0.0,0.05269966666666666,0.05704666666666667
2021-09-14,0.12824333333333332,0.15592833333333334,0.02529,0.13352499999999998,0.2563311111111111,0.019733333333333332,0.13493333333333332,0.20424000000000003,0.194275,0.02972666666666667
2021-09-15,0.10630633333333332,0.02382,-0.03437066666666667,0.19832333333333335,0.21820166666666668,0.009983333333333334,0.13493333333333332,0.10212000000000002,0.0960242857142857,0.43908
2021-09-16,0.08634,-0.022214,-0.021932,0.1476,0.27022,0.04652666666666666,0.059199999999999996,0.014099999999999991,0.20064333333333334,0.39483999999999997
2021-09-17,0.08275009523809525,0.23132133333333332,0.008574666666666664,0.13742666666666667,0.034284999999999996,0.019733333333333332,0.12798,-0.08556,-0.004446666666666654,0.3312
2021-09-20,0.3034075757575757,0.1654626153846154,0.053949000000000004,-0.0891647619047619,0.06995133333333337,-0.002529999999999993,0.12561,0.058589999999999996,0.29294333333333333,0.25273
2021-09-21,0.22721333333333335,0.11219888888888889,0.12421,-0.020776999999999997,0.09808800000000001,-0.02263,0.05484666666666667,0.034,0.11117178571428572,0.31491
2021-09-22,0.15978399999999998,0.24298333333333333,0.09969333333333334,0.10247904761904762,-0.06726,0.029360000000000004,0.03682,0.09469000000000001,0.08091866666666667,0.3484400000000001
2021-09-23,0.04259,0.22173380952380956,0.17425166666666664,0.07460800000000001,0.219124,0.26409333333333335,0.03682,0.09469000000000001,0.04324833333333333,0.25147
2021-09-24,-0.02844,0.07220925,0.036939999999999994,0.1464,-0.020922666666666666,0.03953333333333334,0.04019,0.07446,0.17522,0.25147
2021-09-27,0.15547000000000002,0.1272409523809524,0.003622222222222221,0.150233,0.263595,0.042776,0.08038,0.14803,0.18366033333333334,0.18005
2021-09-28,0.140023,0.10505333333333333,0.0075466666666666685,0.2564447619047619,0.18062133333333336,0.10014266666666667,0.04019,0.25337,0.151244,0.11893500000000001
2021-09-29,-0.054200000000000005,0.18826900000000002,0.0408197619047619,0.19233,0.27834166666666665,0.15802266666666664,0.04019,0.13494,0.2259253333333333,0.171605
2021-09-30,0.10342666666666667,0.08550666666666666,0.09925333333333333,0.07618133333333332,0.0035899999999999986,0.13932666666666665,0.12498000000000001,0.15044,0.16957166666666668,-0.007573333333333332
2021-10-01,0.24499000000000004,0.19297961904761907,0.16495333333333334,0.15362866666666666,0.018995555555555554,0.15698666666666666,0.12498000000000001,0.12083999999999999,-0.171766,-0.007639999999999999
2021-10-04,0.018139999999999996,0.18449090476190477,0.2005583333333333,0.036401,0.09252160000000001,0.096746,0.12498000000000001,0.0,0.16395857142857143,-0.05553333333333334
2021-10-05,-0.004519999999999999,-0.021574666666666666,0.21605999999999997,0.047200000000000006,0.040473999999999996,0.019733333333333332,-0.00411999999999999,0.0,0.13896000000000003,0.021766666666666667
2021-10-06,0.021336666666666667,0.166974,0.28916,0.12173333333333333,0.08540666666666667,-0.143421,0.1747809523809524,0.14811000000000002,0.10508450000000003,0.021766666666666667
2021-10-07,0.23674166666666668,0.06719000000000001,0.11381857142857141,0.062368,0.11442266666666667,-0.100486,0.19962,0.14811000000000002,-0.010751666666666677,0.12054666666666666
2021-10-08,0.09957,0.07654999999999998,0.13416571428571428,0.14272,0.08892866666666667,-0.061316000000000016,0.27538,0.27549,0.05983433333333334,0.12054666666666666
2021-10-11,0.18658333333333332,0.10502971861471862,0.11508666666666667,0.16343003663003663,0.041619230769230776,0.37551999999999996,0.1889,0.08038,0.07834266666666667,0.15591666666666668
2021-10-12,0.27293,0.1514995,0.1286,0.08390500000000001,0.22478571428571428,0.29122,0.06917000000000001,0.08038,0.21382933333333334,0.15591666666666668
2021-10-13,-0.012076666666666675,0.097222,0.17314666666666664,0.136771,-0.055432,0.0965,0.14210499999999998,0.20754,0.11946333333333334,0.029030000000000007
2021-10-14,-0.09812499999999999,0.2279002380952381,0.11113500000000001,0.28640611904761903,0.0,0.15963,-0.03232,0.19206333333333334,0.07378599999999999,0.020450000000000006
2021-10-15,0.035234999999999995,0.41039523809523815,0.173063,0.2152540873015873,0.10659999999999999,0.228335,-0.03232,0.21822,0.12801999999999997,0.19592
2021-10-18,0.26771,0.1389889393939394,0.09307999999999997,0.03196966666666666,0.23418085714285714,0.12445333333333333,0.033460000000000004,0.15698,0.07923111904761904,0.26382
2021-10-19,0.16258666666666666,0.11935791666666666,0.23352599999999998,-0.1389766666666667,0.03384714285714286,0.08896,0.07392,0.10595999999999998,0.2747116666666667,0.03612
2021-10-20,0.21756666666666663,0.26698,0.22690166666666664,-0.030470000000000004,0.06966399999999999,0.0294,-0.01779,0.15596000000000002,0.13825333333333334,0.18254800000000002
2021-10-21,-0.012993571428571427,0.003927,0.13354166666666667,0.02457928571428571,0.24110499999999999,0.05244000000000001,0.08891833333333334,0.128,0.08766199999999999,0.18254800000000002
2021-10-22,0.23778833333333335,0.08992666666666668,0.1351022857142857,-0.09915333333333334,0.090161,0.18987,0.18731333333333336,0.1836,0.21745066666666668,0.269428
2021-10-25,0.41015099999999993,0.11121433333333333,0.17395373015873014,0.008700833333333335,0.03323,0.030143333333333345,0.16006333333333334,0.060149999999999995,-0.02313166666666666,0.34688
2021-10-26,0.2707571428571428,0.023364,0.20035333333333333,0.15556333333333333,-0.08076833333333334,0.05543866666666666,0.12452333333333335,0.13843,0.09469119047619048,0.22793999999999998
2021-10-27,0.3082971428571428,0.20314083333333333,0.021904285714285716,0.05774761904761905,0.13348642857142856,0.011033333333333329,0.17522333333333331,0.027600000000000006,0.09342185714285715,0.07582
2021-10-28,0.17975,0.0068558333333333275,0.08302833333333333,0.13113928571428574,0.10892876923076922,0.14222581818181818,0.07951,0.16318000000000002,0.25318999999999997,-0.023719999999999998
2021-10-29,0.18426,0.06731133333333333,0.3419472222222223,0.19227733333333333,0.08928063025210083,0.02379,0.06988333333333333,0.14464333333333332,0.13058133333333333,0.07111
2021-11-01,0.147205,0.10802833333333332,0.19116916666666667,0.20181899999999997,0.2846013333333334,0.05356999999999999,-0.01531,0.043289999999999995,0.25267833333333334,0.23079999999999998
2021-11-02,0.23997000000000002,0.186964,0.16088666666666668,0.04775214285714286,0.23763333333333336,0.032240000000000005,-0.13376363636363636,0.05677666666666666,0.15081666666666665,0.17616
2021-11-03,0.1210305,0.17677380952380953,0.20010000000000003,0.10988,0.20703333333333332,0.02863,-0.13376363636363636,0.05677666666666666,0.20185399999999998,0.09895000000000001
2021-11-04,0.13950533333333331,0.10844666666666666,0.20731833333333335,0.22290000000000001,0.15223939393939395,-0.024639999999999995,-0.12725,0.1357,0.2003686944634313,0.15260500000000002
2021-11-05,0.18048666666666666,0.27509,0.21077833333333335,0.10618000000000001,0.26802000000000004,0.21543333333333337,0.026839999999999996,0.1357,-0.02313666666666665,0.13907833333333336
2021-11-08,-0.15794666666666668,0.09303066666666666,0.14157866666666669,0.01573,0.14769092307692305,0.009496666666666664,0.078946,0.00996,0.06309800000000002,0.06551
2021-11-09,-0.01454000000000002,0.10218,0.058188,0.04347333333333333,0.1305575,0.07014625,0.138146,0.13899,0.11493666666666669,-0.0126
2021-11-10,-0.18147333333333332,0.13460717948717948,0.013239999999999993,0.049413,-0.006000000000000007,-0.0963516666666667,0.16923933333333335,0.13899,0.09087277777777779,0.06777999999999999
2021-11-11,-0.014333333333333354,0.030333600000000006,0.045579999999999996,0.036383000000000006,0.19598666666666664,0.133815,0.14283333333333334,0.23664000000000002,0.19683439393939395,0.02474
2021-11-12,0.058373333333333347,-0.015451428571428578,0.045579999999999996,0.004248000000000002,0.117395,0.27281,0.15657,0.16812,0.08585499999999999,0.10904
2021-11-15,0.129412,-0.02384780701754386,0.017591666666666672,0.21119428571428572,0.10009666666666665,0.22657500000000003,0.20236333333333337,0.16999866666666666,0.14626166666666665,0.39994999999999997
2021-11-16,0.020300000000000006,0.09876221014492753,-0.032016,0.144544,0.166726,0.070465,0.16397333333333333,0.15507666666666667,0.2018772727272727,0.20591999999999996
2021-11-17,-0.0023999999999999994,0.28672571428571425,-0.009854285714285713,0.005269323308270675,0.258895,0.07259333333333333,0.23429333333333333,0.16519166666666668,0.09941343137254902,0.28803999999999996
2021-11-18,0.09114999999999998,0.1358585714285714,-0.02236666666666667,0.2992,0.047130000000000005,0.12729333333333331,0.25989333333333337,0.3014166666666666,0.11476793924466337,0.059199999999999996
2021-11-19,0.04325,0.086488,-0.07998047619047619,0.18721866666666667,0.13001000000000001,0.0066500000000000005,0.18353333333333335,0.3014166666666666,0.09595473684210526,0.17637999999999998
2021-11-22,0.055048333333333345,0.11859752380952379,-0.11720333333333335,0.28179999999999994,-0.09375214285714287,0.091125,0.25709499999999996,0.24979666666666667,0.18750116666666666,0.21952666666666665
2021-11-23,0.13581400000000002,0.13702766666666666,0.23304399999999997,0.064789,0.017700000000000004,0.14454,0.19970000000000002,0.24979666666666667,0.33617600000000003,0.15118
2021-11-24,0.19305499999999998,0.06570266666666666,0.10753733333333333,0.10678000000000001,-0.24781999999999998,0.04576,0.08092,0.25916666666666666,-0.004705555555555549,0.21917999999999999
2021-11-26,0.08984666666666666,0.2733673333333334,-0.03554,-0.07245966666666667,0.004666666666666664,0.016,0.04046,0.2823966666666667,0.02046,0.21917999999999999
2021-11-29,-0.12824,0.04122575757575757,0.0037500000000000033,0.05996433333333333,0.10093717948717948,0.02026,0.04046,0.12578,0.12805257142857143,0.26673
2021-11-30,-0.11933,0.21220733333333333,0.03344499999999998,0.19243466666666667,0.09838761904761906,0.04284666666666667,0.08065,0.0,0.02141722222222222,0.21913
2021-12-01,0.14463333333333334,-0.080848,0.21672333333333332,0.021405,-0.04859333333333335,-0.08699,0.0005000000000000004,0.04046,-0.06669999999999998,0.12381
2021-12-02,-0.064,0.12208357142857143,0.11395873015873015,-0.008119166666666655,-0.12022666666666666,-0.0025499999999999993,-0.18216666666666667,0.22946,0.17711696969696972,0.06132
2021-12-03,-0.021913333333333333,0.22299014285714286,0.07136166666666668,0.007252000000000003,0.21332833333333334,0.12738,0.011770000000000001,0.0211,0.14342482142857144,0.19344
2021-12-06,0.037622222222222224,0.07901809523809525,0.03752988095238095,0.030609333333333343,0.17400722222222223,0.11961733333333333,0.047670000000000004,-0.00481,0.15547971212121212,0.27214
2021-12-07,0.15863333333333335,-0.027633333333333343,0.10275233333333333,0.06895055555555556,0.07263833333333333,0.13554,0.047670000000000004,-0.05464,0.18975738687782806,0.28539000000000003
2021-12-08,0.20429000000000003,0.06788999999999998,0.16829666666666665,-0.045172000000000004,0.03953166666666667,-0.020325,0.08808,-0.04544,0.06750083333333332,0.23075
2021-12-09,0.150055,0.119395,0.046975,0.19018666666666667,0.046439999999999995,0.12252999999999999,0.19453,0.18891999999999998,0.13742472727272728,0.23075
2021-12-10,0.15510666666666667,0.0253,0.181544,0.055742,0.051321666666666654,0.10919666666666668,0.26253000000000004,0.20424000000000003,0.11526363636363635,0.20187
2021-12-13,0.040465,0.05103,0.09875380952380952,0.292502,0.21109166666666668,-0.021665,0.10819000000000001,0.013486666666666666,0.0803159090909091,0.32366
2021-12-14,0.08975333333333332,0.10391733333333333,0.23407,0.10726666666666666,0.049760000000000006,0.10634999999999999,0.18571,0.29263666666666666,0.02925833333333333,0.22798
2021-12-15,0.119254,0.30734500000000003,0.1956,0.10769599999999999,-0.014914999999999994,0.07432444444444444,0.13557999999999998,0.1783266666666667,0.20407466666666668,0.1464
2021-12-16,0.19804,0.30763,0.09286999999999998,0.0021969999999999932,0.011853999999999998,-0.027255,0.06671333333333333,0.12493000000000001,0.08213541666666666,0.09176
2021-12-17,-0.029759999999999998,0.10430390476190476,0.250992,0.11059133333333335,0.191208,0.029676285714285718,0.06671333333333333,0.10772999999999999,-0.12269000000000001,0.0
2021-12-20,0.19402,0.12491312217194572,0.10825333333333334,0.022780606060606074,0.11151933333333333,0.019167499999999983,0.07782000000000001,0.15667,0.022605000000000007,0.17284000000000002
2021-12-21,0.1272,0.20727894736842106,0.08093333333333333,0.14662,0.16676285714285716,-0.006874666666666673,0.07782000000000001,0.27568000000000004,0.1621288888888889,0.29096
2021-12-22,0.27316,0.13322333333333333,0.12057,0.162,0.016012499999999995,0.2853133333333333,0.07782000000000001,0.23521999999999998,0.5457966666666667,0.22271999999999997
2021-12-23,0.14253333333333335,0.07442249999999999,-0.015326666666666669,0.09492999999999999,0.21105372549019608,0.07708533333333334,0.16787,0.12083999999999999,0.12270833333333334,0.15072000000000002
2021-12-27,0.16246583333333334,0.060158333333333314,0.18410833333333335,0.19610999999999998,0.18295433333333333,0.23122533333333334,0.07015999999999999,-0.0251,0.1307965,0.03896999999999999
2021-12-28,0.0971,-0.06501900000000001,-0.03384666666666667,0.15820333333333333,0.15225999999999998,0.13264700000000001,0.18919,0.05920000000000001,0.18943031818181819,-0.00633999999999999
2021-12-29,0.08148666666666668,-0.08779083333333333,0.16665333333333332,-0.05865666666666667,0.14785999999999996,0.18997,0.28667,0.17750000000000002,0.16931966666666667,0.023370000000000023
2021-12-30,0.12137066666666665,0.07742833333333332,0.080425,0.30469333333333337,0.1374338095238095,0.19578,0.27754999999999996,0.17148999999999998,0.15874000000000002,0.09288000000000002
2021-12-31,0.013193333333333331,0.05556333333333333,0.26161,0.080673,0.11529333333333332,0.0843,0.27754999999999996,0.14518999999999999,0.2338704285714286,0.17560000000000003
2022-01-03,0.04105538461538462,0.0528665,0.07005714285714286,0.06696171428571428,0.17695504761904762,0.24409,0.20803,0.10752999999999999,0.2739595238095238,0.11578
2022-01-04,0.0671,0.0,0.06787333333333333,0.08620244444444444,0.060274666666666664,0.20781999999999998,0.12738,0.16673,0.061587843137254905,0.20779999999999998
2022-01-05,0.2681733333333333,0.053690555555555575,0.14951333333333333,0.12962600000000002,0.00662333333333334,0.10925333333333334,0.018213333333333335,0.10681999999999998,0.13513872727272727,0.14078
2022-01-06,0.259594,0.15405466666666667,-0.03813999999999999,0.07243,0.31234,0.08702333333333334,0.14086666666666667,0.17759999999999998,0.15982,0.19998
2022-01-07,0.133331,0.007654999999999995,0.19564,0.06870333333333334,0.26008333333333333,0.063317,0.18105666666666667,0.17759999999999998,0.046414,0.25060000000000004
2022-01-10,0.11034857142857142,0.08441433333333333,0.11779399999999998,0.18653157142857144,0.22336666666666666,0.1759342857142857,0.24025666666666665,0.30498000000000003,0.0809375,0.39019
2022-01-11,0.080425,0.13477333333333336,0.16945380952380948,0.11200333333333332,0.18610333333333334,0.165048,0.20006666666666667,0.012219999999999986,0.11937288888888889,0.30216000000000004
2022-01-12,0.15800533333333333,0.11597333333333334,0.25407583333333333,0.20444772727272728,0.10244666666666666,0.19689833333333334,0.14086666666666667,-0.174105,0.14554,0.30216000000000004
2022-01-13,0.2048,0.255645,0.14125766666666667,0.13047952380952382,0.11591100000000001,0.08069833333333333,0.23784,-0.006319999999999992,0.22538711111111112,0.32587
2022-01-14,0.0408,-0.0298825,0.12425400000000002,0.09833298534798535,0.20000999999999997,0.19151555555555555,0.19232666666666667,0.1226,0.20481952380952378,0.16258
2022-01-18,-0.048118081232493004,0.032895820512820514,0.21999,0.152250417794971,0.14133233333333334,0.06635179487179486,0.07902533333333335,-0.04019,0.18140290476190474,0.38975333333333334
2022-01-19,0.06328333333333333,0.064398,0.13234666666666667,0.12486406679594915,0.049434000000000006,0.060601333333333327,0.15393866666666667,0.13741,0.18990033333333334,0.1315366666666667
2022-01-20,0.27735151515151507,0.10373746031746031,0.14776416666666667,0.13082880952380954,0.03701533333333333,0.16089933333333334,0.09753333333333333,0.27708000000000005,0.22160061904761905,0.38592000000000004
2022-01-21,0.32354000000000005,0.17677039215686272,0.115761,0.2109495238095238,-0.07991866666666667,0.07250933333333333,0.08034666666666666,0.31821,0.18006272727272726,0.20318
2022-01-24,0.13162333333333331,0.08680333333333333,0.042173333333333354,0.24184999999999998,0.006001944444444447,0.149028,0.13702,0.16029,0.15312506604506604,0.09129499999999999
2022-01-25,0.07506666666666666,0.07974366666666667,0.21794466666666668,0.16253628571428572,-0.057996666666666676,0.10481539969834089,0.09738,0.204535,0.030626333333333332,0.2609933333333333
2022-01-26,0.28685617647058825,0.11051176470588235,0.16246611111111112,0.08993333333333334,0.06533857142857143,0.0781668115942029,0.07742,0.153515,0.06644259968102073,0.31431
2022-01-27,0.15853011904761902,0.01929738095238095,0.08199115384615384,0.17798950000000002,0.18564833333333336,0.14601899999999998,0.11991749999999998,0.30445,0.11782531818181818,0.35874666666666666
2022-01-28,-0.14285200000000003,0.021233714285714286,0.12719680555555554,0.10907421245421245,0.10758000000000001,0.1273485,0.0625425,0.06345999999999999,0.1749627619047619,0.22712666666666664
2022-01-31,0.09369799999999999,0.13369066666666668,0.145155,0.05790333333333333,0.13813385714285714,0.16099541666666667,0.0016050000000000064,0.42042999999999997,0.09670966666666667,0.19514
2022-02-01,0.03691142857142857,-0.077415,0.10670556521739132,0.07575704761904763,0.08748273504273503,0.07328789473684211,0.09629833333333335,0.39248,0.12699370370370372,0.35632
2022-02-02,0.13944238095238096,-0.04913452380952379,0.133138,0.25254600000000005,0.03654304761904763,0.16695833333333332,0.12924333333333335,0.18727000000000002,0.18780171179883948,0.21882666666666667
2022-02-03,0.20904238095238098,0.2271516666666667,0.075375,0.1748533333333333,0.10934499999999998,0.144049,0.0005600000000000049,0.19870000000000002,0.14016726984126984,0.38072
2022-02-04,0.037856,0.08700666666666666,0.10103499999999999,0.11635714285714285,-0.15523333333333333,0.38427500000000003,0.12264000000000001,0.19870000000000002,0.02799666666666667,0.26482
2022-02-07,0.18579466666666664,0.07478772727272727,0.1113692857142857,0.03795133333333334,0.17959238095238095,0.34019999999999995,0.13164,0.062490000000000004,0.08864738095238096,0.14033333333333334
2022-02-08,0.084515,0.15476884848484848,0.220518,0.15966466666666665,0.06341285714285713,0.013299999999999996,0.046630000000000005,0.08823,0.23324392857142856,0.2003
2022-02-09,0.256076,0.07301061904761905,0.18821000000000002,0.1608166666666667,0.2337933333333333,0.013679999999999998,0.04362,0.06493,0.14765569230769232,0.26162
2022-02-10,0.4204933333333333,0.14308610559006213,0.040017142857142855,0.012031666666666668,0.006826666666666664,0.022134,-0.03612,0.19182000000000002,0.07350999999999999,0.22026399999999996
2022-02-11,0.014603333333333334,-0.003964999999999996,0.196842,0.05312133333333333,0.24928333333333336,0.08159666666666668,0.15433999999999998,0.10942,0.04092277777777777,0.147532
2022-02-14,0.18856933333333334,0.10104091269841271,0.10457031746031746,-0.03953460317460318,-0.011488095238095238,-0.07985833333333334,0.068,0.37519,0.053582275641025634,0.24826
2022-02-15,0.29796,0.1757313888888889,0.09732199999999999,0.10678266666666666,0.023863333333333337,0.05438166666666666,0.0,0.38062,0.1272938823529412,0.2973
2022-02-16,0.14060999999999998,0.16758466666666666,0.15267,0.10663,0.134112,-0.0040321428571428505,-0.003920000000000002,0.38026,0.14363227450980393,0.22294666666666668
2022-02-17,0.17063285714285711,0.049109275362318836,0.09064399999999999,-0.048275090909090906,0.11351771428571429,0.058735,0.0,0.04166,0.1114956,0.17450333333333337
2022-02-18,0.13194,0.02026083333333334,0.14910333333333334,0.05961333333333334,0.16795666666666667,0.030375000000000003,-0.15641600000000003,-0.01779,0.14117266666666667,0.09725500000000001
2022-02-22,-0.06219857142857142,0.10521680952380952,0.06802,0.06306714285714285,0.12414047619047619,0.08996249999999999,0.10001666666666668,0.106737,0.14458807142857144,0.034141333333333336
2022-02-23,-0.13194,-0.010833333333333316,0.12198883333333335,-0.048138333333333325,0.05464,-0.06950999999999999,0.23998999999999998,0.05957000000000001,0.21207666666666664,0.045533333333333335
2022-02-24,0.024010000000000007,0.013923333333333333,-0.03851633333333333,0.025797142857142852,0.20776500000000003,0.04623666666666667,0.22519,0.234458,0.06595333333333334,0.03681333333333332
2022-02-25,0.05846,0.0911633333333333,0.08576076923076924,0.009335999999999997,-0.03182,0.038463333333333335,0.0,0.2160966666666667,-0.11011523809523809,0.05332
2022-02-28,0.1937188888888889,0.18484591208791207,0.07023499999999999,-0.03913910714285714,0.10059833333333335,0.145776,0.0,0.04884666666666666,0.14586272727272726,0.16144333333333333
2022-03-01,0.19804000000000005,0.01129928571428571,0.055955870927318296,-0.0969582380952381,0.10758666666666668,0.13415733333333332,0.10212000000000002,0.053946666666666664,0.1823533333333333,0.08951333333333333
2022-03-02,0.031563999999999995,0.1420520634920635,0.16560178571428572,0.08833047619047618,0.06908,0.11243533333333333,0.07998999999999999,0.06597,0.27534400000000003,0.08951333333333333
2022-03-03,-0.03931799999999999,0.07471171428571428,0.0655637362637363,0.21699000000000002,0.06072000000000002,0.14815666666666666,0.07998999999999999,0.174575,0.06495651515151515,-0.03632
2022-03-04,-0.10259,0.07359085714285715,-0.016020333333333327,0.09630666666666668,0.12006999999999998,0.13381666666666664,-0.0041799999999999945,0.26384833333333335,0.05196861904761905,0.15630666666666665
2022-03-07,0.055763333333333345,0.1106945238095238,0.053553879120879125,-0.005925230769230777,0.20492166666666672,0.14560333333333336,0.04526,0.12240666666666669,0.018420619047619047,0.14495166666666667
2022-03-08,0.09051333333333332,0.17687952380952382,0.12523977777777778,0.06810000000000001,-0.085295,-0.0048099999999999974,0.078325,0.1826866666666667,0.08416133333333334,0.09120666666666666
2022-03-09,0.10212999999999998,0.04164821428571429,0.10806633333333335,0.11169633333333333,0.05889,0.14688380952380953,0.055900000000000005,0.03414000000000001,0.07840942857142856,0.03909666666666667
2022-03-10,0.11886666666666668,0.07316199999999999,0.11546928571428575,-0.019381428571428577,0.012920000000000001,-0.03280285714285714,0.09483,0.10200000000000001,0.2778336923076923,0.062360000000000006
2022-03-11,0.079255,0.07675266666666666,0.13963555555555557,0.01792428571428571,0.1535975,0.11408,0.10415333333333335,0.18164,0.07941400000000001,0.17384
2022-03-14,0.10785928571428571,0.060792857142857135,0.19085683333333334,0.17312000000000002,0.2450766666666667,0.27364,0.15415333333333334,0.12754000000000001,0.26458244444444445,0.06917333333333334
2022-03-15,0.151826,0.14180444444444446,0.18263992857142858,0.004542666666666672,-0.07027000000000001,0.17779333333333333,0.21619333333333338,0.22911333333333334,0.09321386868686868,0.15655333333333332
2022-03-16,0.1977,0.08664166666666666,0.18090438311688312,0.1659182857142857,0.09095785714285716,0.05753285714285714,0.22168333333333332,0.30772,0.15264024675324675,0.12000000000000002
2022-03-17,0.07490666666666666,0.01987111111111112,0.13675818181818183,0.2077064285714286,0.13521133333333335,0.18343363636363635,0.15848999999999996,0.30772,0.07387716666666667,0.05798
2022-03-18,0.28582,0.11450876190476192,0.07074333333333334,0.13341333333333333,0.20897333333333337,0.10451717948717949,0.010940000000000016,0.07003000000000001,0.1473853333333333,0.13835999999999998
2022-03-21,0.16307800000000003,0.30715233333333336,0.0998901948051948,0.059014666666666674,0.18445333333333336,0.030477999999999995,0.16297333333333333,0.09498666666666666,0.10049066666666664,-0.00516
2022-03-22,-0.009299999999999998,0.22460666666666668,0.13208666666666669,0.11040666666666665,-0.060538333333333305,-0.06732666666666667,0.1183,0.11564666666666668,0.12455219047619046,0.18883999999999998
2022-03-23,0.158015,0.1509675,0.04383416666666667,0.34558333333333335,0.05826000000000001,-0.06891333333333333,0.034,0.20372666666666667,0.06218736363636364,0.24348
2022-03-24,0.17321499999999998,-0.04295523809523809,0.10499238461538463,0.05980704761904763,0.161075,-0.10988571428571428,0.10037,0.12196666666666667,0.11436908158508156,0.35275999999999996
2022-03-25,0.020914999999999996,0.11713083333333334,0.30355533333333334,0.20247199999999999,0.158885,0.12291999999999999,0.17660666666666666,0.09628,0.13006791666666664,0.25748
2022-03-28,0.06674133333333333,0.1520642261904762,0.2789433333333334,0.021341428571428567,0.017685,0.17419333333333334,0.21276,0.15168000000000004,0.26842,0.361012
2022-03-29,0.10362533333333332,0.10560083333333332,0.11205909090909091,-0.049535,0.040900000000000006,0.12603266666666668,-0.0010066666666666668,0.24170666666666668,0.13618295238095238,0.150156
2022-03-30,0.07804000000000001,0.17972380952380954,0.29473333333333335,0.022506666666666675,0.11191333333333334,0.37058222222222226,0.068,0.3529966666666667,0.14768283333333335,0.44968
2022-03-31,0.14542,0.051818333333333334,0.01515666666666667,0.009513333333333329,0.11594000000000002,0.20839333333333335,0.30778999999999995,0.07752,0.1397956349206349,0.37373
2022-04-01,0.06015999999999999,0.019857761904761906,0.17353800000000003,0.11787044444444443,0.29203,-0.008604000000000002,0.43062999999999996,0.27280000000000004,0.09031396736596738,0.41662333333333335
2022-04-04,0.147815,0.08438292016806723,0.046625666666666676,-0.005731384615384613,0.07585700000000002,0.150995,0.19585000000000002,0.162575,0.11491586466165411,0.2465
2022-04-05,-0.069578,0.08657761904761904,0.086984,0.189116,0.161048,0.025967619047619052,0.12086999999999999,0.191888,0.021702346153846152,0.24348
2022-04-06,-0.05691666666666666,0.07396133333333332,0.23173499999999997,0.11085699999999998,0.095205,0.10770199999999999,0.16645333333333334,0.15688799999999997,0.1552212857142857,0.31173
2022-04-07,-0.08574166666666667,0.014387444444444444,0.139066,0.06855766666666667,0.14268999999999998,0.05160285714285714,0.16132,0.08236,0.23489771428571432,0.16868333333333335
2022-04-08,-0.064635,0.14961166666666664,0.23777428571428566,0.03279450980392156,0.358438,0.034914999999999995,0.17911000000000002,0.11839999999999999,0.38193333333333335,0.16868333333333335
2022-04-11,0.03854676470588235,0.1837059285714286,0.3137158333333333,0.004413142857142854,0.09281966666666666,0.07996222222222223,0.33958000000000005,0.057823333333333324,0.234682331002331,0.21238
2022-04-12,0.20783000000000001,0.12629857142857143,0.18135844444444443,0.07644481818181818,0.09319999999999999,0.06599066666666667,0.15298099999999998,0.28442,0.12285428571428572,0.2871
2022-04-13,0.27252166666666666,0.012541999999999998,0.25183994444444446,0.13192422222222222,0.08409666666666667,0.11536666666666666,0.2803916666666667,0.24861,0.12568166666666664,0.2871
2022-04-14,0.025556000000000013,0.10697214285714285,0.28400333333333333,0.16878082857142856,0.09729342857142857,0.07676000000000001,0.071135,0.26885,0.006591666666666667,0.37732
2022-04-18,0.035902857142857146,0.180084,0.31963444444444444,0.24753025974025972,0.09386666666666667,0.09792000000000001,0.12001500000000001,0.128055,0.09197,0.29252
2022-04-19,-0.03867466666666666,0.10732969047619045,0.21925600000000003,0.19647561904761904,-0.007743523809523811,0.11024133333333333,0.05144,-0.093864,0.17060755555555557,0.29446000000000006
2022-04-20,0.07302833333333333,-0.014678333333333324,0.19884,0.04578,0.2030675,0.10845400000000001,0.06941133333333334,-0.080534,0.220681,0.14286000000000004
2022-04-21,0.15636494736842105,0.14994066666666667,0.23556266666666667,-0.08960666666666668,0.12141666666666669,0.2278,0.06708044444444444,0.027644999999999996,0.04024880952380951,0.094915
2022-04-22,0.04176857142857143,0.15205190476190478,0.07542666666666668,0.138025,0.08154,-0.08736000000000001,0.00656888888888889,0.11336500000000001,0.027360000000000002,0.1382453333333333
2022-04-25,0.06806599999999999,0.07431406666666666,0.11920595093795094,0.14123233333333332,0.23023733333333332,0.16140285714285713,0.19062083333333335,0.13704666666666668,0.15357402380952379,0.160215
2022-04-26,0.2819006666666667,0.07064000000000001,0.13172160173160172,0.15742644444444445,-0.04502071428571428,-0.023898813852813845,0.17514000000000002,0.0,0.13594200000000004,0.28776
2022-04-27,0.07301071428571429,0.05156588888888889,0.2651357777777778,0.05123577777777779,0.08906333333333334,0.05259499999999999,0.08981,0.046045,0.12966955555555554,0.12302333333333333
2022-04-28,0.02522,0.17100166666666666,0.2515092857142857,-0.014190952380952365,0.10540552380952381,0.043520714285714274,0.045476666666666665,0.121685,0.08434943181818182,0.11132666666666666
2022-04-29,-0.0002589999999999981,0.08041375324675323,-0.08109881481481482,0.13811,0.09682833333333334,0.2221973333333333,0.045476666666666665,0.22458999999999998,0.0014425108225108174,0.17195333333333335
2022-05-02,0.121806,0.11714738095238095,0.153194,0.1163,0.226363,0.06344066666666666,-0.018213333333333335,0.19521000000000002,0.045770865800865805,0.19469466666666665
2022-05-03,0.09468000000000001,0.11965,0.19153033333333333,0.21465666666666663,0.16511499999999998,0.22546666666666665,-0.03238666666666666,0.12713000000000002,-0.014621587301587302,0.24271000000000004
2022-05-04,-0.051759999999999994,0.0771423188405797,0.04779911111111111,0.09532,0.0951,0.11836666666666666,0.05425333333333334,0.11455333333333333,-0.09706685897435897,0.022884761904761908
2022-05-05,-0.027333333333333328,-0.09383695238095235,0.29554490476190476,0.12716199999999997,0.05953333333333334,0.0011606666666666653,0.14361333333333337,0.13503333333333334,0.27581316666666666,0.037353333333333336
2022-05-06,0.21114066666666664,0.035270571428571436,0.16832407142857142,-0.13598333333333334,0.11988000000000001,0.077624,0.08238666666666666,0.07346,0.07282428571428572,0.086524
2022-05-09,-0.024980000000000002,0.12882402597402598,0.09269655411255413,0.025053333333333334,0.04971333333333333,0.1487765,0.01752666666666668,0.13553,0.0890825641025641,0.049454999999999985
2022-05-10,0.04537285714285714,0.09924055555555558,0.13113142857142854,0.14088,0.14197200000000001,0.13055166666666668,0.2419,0.04052000000000001,0.19980564102564102,-0.0045550000000000035
2022-05-11,-0.03325399999999999,-0.023896000000000008,0.2774572222222222,0.08363833333333333,0.021426666666666688,0.0881952380952381,0.2419,0.006476666666666675,0.10732678571428571,0.07471999999999998
2022-05-12,0.033082,0.05801480392156864,0.10331690476190476,0.09586833333333333,-0.005173333333333319,0.17373333333333335,0.3014266666666666,0.26493333333333335,0.0363945238095238,-0.025935000000000003
2022-05-13,0.09771,0.06429476190476191,0.13880777777777778,0.11499200000000001,0.03925,0.09239266666666665,0.2880366666666666,0.19337000000000001,0.09926212121212123,0.10208999999999999
2022-05-16,0.09120999999999999,0.019957333333333337,0.08721899145299147,0.03664714285714286,0.048321666666666666,0.137495,0.24240666666666666,0.15299666666666667,0.017866,0.17319
2022-05-17,0.009181333333333336,0.07727725490196077,0.035641757575757584,0.050210333333333336,-0.0173475,0.11529199999999999,0.20361166666666666,0.23020000000000002,0.16402091575091576,0.31206
2022-05-18,-0.021075,0.01716661290322581,0.09223620512820513,0.10264333333333335,0.17671,0.00029333333333333436,0.26281166666666667,0.0026599999999999944,0.269345,0.0863
2022-05-19,0.04399000000000001,0.15134,0.11894180952380953,0.14355400000000001,0.11071499999999998,0.22133000000000003,0.21696666666666667,-0.012945000000000002,0.24959613636363637,0.21747
2022-05-20,0.16309,0.13630524844720499,0.21657,0.22629666666666673,-0.03602333333333334,0.10857944444444445,0.23373,0.07935999999999999,0.27979583333333335,0.16720833333333335
2022-05-23,0.04378399999999999,0.0665128354037267,0.10954800000000002,-0.022407666666666666,0.18671,0.13944666666666666,0.286215,0.09847400000000002,0.16039965914786966,0.17482333333333336
2022-05-24,0.09552799999999999,0.19893866666666668,0.17849844444444446,0.32992,0.013724,0.40959466666666666,0.06038,0.28472400000000003,0.24001999999999998,0.15623833333333334
2022-05-25,0.20104285714285713,0.023675047619047616,0.16752,0.15884666666666666,-0.10386500000000001,0.208432,0.2143066666666667,0.24749,0.0241180808080808,0.16169
2022-05-26,0.21776,0.09165325000000002,0.16509849999999998,0.17710499999999998,0.20277809523809526,0.21142333333333335,0.035645,0.14989000000000002,0.24216842105263153,0.1546
2022-05-27,0.10021666666666666,0.11223100000000001,0.25107380952380953,0.11309,0.07639500000000002,0.12723666666666666,-0.07432,0.16845000000000002,-0.004007777777777777,0.20363999999999996
2022-05-31,0.14244266666666666,0.13059444444444446,0.22741289377289373,0.06108333333333334,0.32664666666666664,0.298388,0.07277,0.135575,0.29414222222222225,0.21101166666666668
2022-06-01,0.12583333333333332,-0.05751166666666668,0.2107964285714286,0.10417999999999998,0.12492833333333334,0.23869800000000002,0.0791,0.20380000000000004,0.2726561111111111,0.38575499999999996
2022-06-02,-0.07633000000000001,0.17414066666666667,0.32685400000000003,0.06271999999999998,-0.07786000000000001,0.07098266666666667,0.08426,0.11127000000000001,0.10932380952380952,0.47722
2022-06-03,0.08467866666666665,0.1791616666666667,0.1983666666666667,-0.03326,0.052653333333333344,0.11674666666666667,0.04046,0.18932999999999997,0.11425733333333335,0.25523
2022-06-06,-0.012226666666666669,0.08790466666666667,0.17718483516483516,0.23270833333333335,0.09547209523809526,0.039518666666666674,0.05872999999999999,0.06822199999999999,0.06840833333333333,0.23138666666666668
2022-06-07,0.068715,0.17995916666666667,0.095547,0.13640666666666665,0.19447142857142857,0.32036000000000003,0.031019999999999992,0.04432666666666667,0.06256533333333332,0.16316
2022-06-08,0.191892,0.14056,0.18043984126984128,0.06619714285714286,0.2962514285714286,0.13089,-0.024929999999999997,0.11264400000000001,0.035632750000000005,0.19480000000000003
2022-06-09,0.08032133333333333,0.004124714285714292,0.19186,-0.00770666666666667,0.06922666666666667,0.21109383333333334,0.023219999999999998,0.16446666666666668,0.065266,0.10734666666666666
2022-06-10,-0.031369999999999995,0.07040472727272727,0.09383333333333334,0.07261866666666666,0.046255333333333336,0.158853,-0.05716000000000001,0.15456666666666666,0.04853750000000002,0.24147
2022-06-13,0.09076999999999999,0.11722030303030304,0.1252779292929293,0.12708233333333332,0.16624357142857143,-0.012410000000000004,-0.060529999999999994,0.09178800000000001,0.12153770634920635,0.10225
2022-06-14,0.25620750000000003,0.10051690476190475,0.1712075,-0.09208476190476192,-0.030830000000000003,0.18406466666666665,0.12944,0.08678999999999999,0.1344104761904762,0.11625
2022-06-15,0.04044000000000001,-0.09682500000000001,0.2154575,0.058606666666666675,0.085899,0.17115181818181818,0.17692000000000002,-0.022409999999999996,0.234733,0.10230999999999998
2022-06-16,0.022036666666666666,0.08174111111111113,0.06751,-0.008701666666666672,0.24372000000000002,0.07423400000000001,0.249804,0.08519,0.08834822510822511,0.03946000000000001
2022-06-17,0.13694599999999998,0.14481,0.19483333333333333,0.08931000000000003,0.2884133333333333,0.21332,0.11843,0.31608400000000003,0.14203833333333335,0.1525
2022-06-21,0.1759742857142857,0.03636007575757576,0.10539926470588235,-0.02925466666666667,0.3733659523809524,0.18726833333333331,0.14652000000000004,0.22520333333333334,0.11818778205128204,0.10598
2022-06-22,0.162925,0.15841818181818182,0.042227777777777774,0.12378,0.018083333333333333,-0.030042777777777797,0.16743333333333332,0.22565,0.1888419047619047,0.3825033333333333
2022-06-23,0.053608333333333334,0.1562095,0.08919472222222222,0.049767166666666675,-0.09467933333333334,0.130004,0.11695666666666667,0.20191999999999996,0.1661,0.35591333333333336
2022-06-24,-0.006850666666666667,0.022115000000000003,-0.08981416666666667,0.3014328333333333,0.22572114285714284,0.0032333333333333324,0.09104666666666666,-0.03928,-0.009807999999999994,0.2665533333333333
2022-06-27,0.09763000000000001,0.11678599999999999,0.10657933333333333,0.030147333333333342,0.32908942857142864,0.12119071428571429,0.2773466666666667,0.08831,0.2142255238095238,0.3238533333333333
2022-06-28,0.11567000000000001,0.13665487719298247,0.26901308123249307,0.13470916666666666,0.2157533333333333,0.046588571428571424,0.2679666666666667,0.0913,0.07973964285714286,0.2621833333333333
2022-06-29,0.073245,0.021086051948051958,0.2408731428571429,0.07374166666666668,0.3998571428571428,0.17250666666666667,0.15828666666666666,0.14172999999999997,0.16612555555555558,0.15226
2022-06-30,0.1959216666666667,0.11716798534798537,-0.04983449999999999,0.1354057142857143,0.1809,0.26405333333333336,0.10093666666666667,0.1464,0.12980755555555554,0.14246
2022-07-01,0.37637,0.0747117857142857,0.22599,0.06918333333333333,0.177997,0.18412,0.15865,0.09706,0.17648452380952379,-0.03318
2022-07-05,0.27784333333333333,0.11166799145299147,0.07907858682983684,0.17731780952380954,0.13635250000000002,0.294865,0.15793,0.12405333333333335,0.29129277777777773,0.04944
2022-07-06,0.049781666666666655,0.11930133333333334,0.32752042857142855,0.03442199999999999,0.0004700000000000037,0.15391500000000002,0.18658000000000002,-0.13765999999999998,0.131968,0.1894
2022-07-07,0.20790166666666665,0.010063333333333337,0.2622766666666667,0.18813266666666667,0.014607142857142864,0.0772725,-0.040319999999999995,0.04120666666666667,0.06432939682539683,0.38391000000000003
2022-07-08,0.18768333333333334,-0.03122466666666666,0.16988,0.02326333333333333,0.30364,0.13131500000000002,-0.008350000000000002,0.19090000000000001,0.09711866666666667,0.1377066666666667
2022-07-11,0.18240933333333334,0.10116133333333335,0.09242533333333333,0.1806987728937729,0.038387142857142856,0.17235166666666665,-0.018499999999999996,0.29322,0.2371707142857143,0.13067333333333334
2022-07-12,0.16039333333333333,0.1937422077922078,0.23591047619047617,0.12979409523809524,0.013692619047619047,0.125746,-0.018499999999999996,0.12677999999999998,0.1152452380952381,0.13067333333333334
2022-07-13,-0.05716000000000001,0.16275714285714288,0.16536833333333334,-0.020761923076923077,0.19980714285714288,0.18887666666666666,0.02324000000000001,0.26909,0.01983603174603175,0.08706
2022-07-14,0.04177000000000001,0.176815,0.18075333333333332,-0.02765692857142857,0.00046200000000001795,0.14362333333333333,0.08929666666666666,0.25259,0.15716000000000002,0.15245
2022-07-15,-0.07432,0.05306621212121213,0.27465833333333334,0.03811099999999999,0.025687500000000002,-0.01765333333333333,-0.04153,-0.196442,0.15673071428571428,0.277982
2022-07-18,-0.03536892857142857,0.14950528571428573,0.2695073809523809,0.12111054621848741,0.10054400000000001,0.07782400000000002,0.034970000000000015,0.09613000000000001,0.23793557142857144,0.21922533333333333
2022-07-19,0.20059,0.10810542857142857,0.32101999999999997,0.08478533333333332,0.02985928571428571,0.145044,0.07680000000000001,0.01341,0.040014,0.19366333333333335
2022-07-20,0.04545666666666666,0.013165000000000007,0.17309214285714286,0.12118999999999999,0.2586792727272727,0.0929582857142857,0.04224,0.17764000000000002,0.1332546428571429,0.12423
2022-07-21,0.09383133333333334,0.04345619047619048,0.112725,0.22336499999999998,0.07744295454545455,0.022421619047619048,0.04465333333333334,0.26352,0.17586166666666667,0.0866
2022-07-22,0.08600266666666667,0.16752261904761906,0.18882181818181817,-0.009238333333333333,0.278042,0.057284,0.032003333333333335,0.35218,0.20978000000000002,0.03426
2022-07-25,-0.022425,0.09171264102564103,0.33997331601731606,0.128082,0.060343999999999995,0.04948971428571429,0.16135803921568628,0.21288000000000004,0.07361013636363636,0.10440999999999998
2022-07-26,0.0,0.006381675362318842,0.071235,-0.046189999999999995,0.15696333333333334,0.14770348412698414,0.026933333333333337,0.10462,0.008584666666666666,0.19828800000000002
2022-07-27,0.06653666666666666,0.05354960784313726,0.11778666666666666,0.21092500000000003,0.04655,0.05073792857142857,0.14861047619047618,0.24497866666666662,0.13333233766233765,0.16386
2022-07-28,0.10078333333333334,0.009316888888888894,0.13992918181818184,-0.0035026666666666665,0.15138800000000002,0.11998019047619046,0.08068714285714286,0.13893499999999998,0.08416427272727273,0.17211714285714286
2022-07-29,0.11484000000000001,0.13318714285714287,0.28627487179487177,0.05444,0.054347333333333345,0.15110876190476188,0.011837142857142855,0.26866,0.22549713450292397,0.2746100000000001
2022-08-01,0.044908333333333335,0.12408014285714286,0.057070222222222224,0.18658000000000002,0.10002133333333334,0.197893,0.011837142857142855,0.35557,0.20560694444444444,0.14271
2022-08-02,0.0475925,0.0666237777777778,0.08251642857142857,0.19557600000000003,0.1607875,0.02225938461538462,0.05063114285714286,0.3383216666666667,-0.04006928571428573,0.17604166666666665
2022-08-03,0.015399999999999997,0.07798764069264068,0.25675920855614975,0.183295,0.2749183333333334,0.08331271794871795,0.12335399999999999,0.14197,0.18894114285714286,0.134932
2022-08-04,0.08297333333333332,0.06134833333333334,0.13704785714285714,0.149669,0.08806577777777777,0.06701938461538462,0.04609,0.10949333333333336,0.050596666666666665,0.2568114285714286
2022-08-05,0.19222333333333333,0.029545000000000023,0.198822,0.15424066666666664,0.17775833333333332,0.11780900000000001,0.07774,0.22848000000000002,0.14875333333333335,0.10177
2022-08-08,-0.1625,0.08934647619047621,0.2256347619047619,0.12589142857142857,0.10529599999999999,0.180064,0.14816000000000001,0.15362,0.1125482962962963,0.108074
2022-08-09,-0.10722999999999998,0.08117031746031744,0.1645799365079365,0.12110000000000003,0.21446666666666667,0.0037439999999999973,0.22039999999999998,0.27803999999999995,0.0713476923076923,0.152584
2022-08-10,0.170978,0.08854678787878786,0.16080609523809525,0.2238425,0.23693,0.13920566666666667,0.19866,0.11800000000000002,0.08451339682539682,0.2230233333333333
2022-08-11,0.03246166666666668,0.06565648148148148,0.163892,-0.04968499999999999,0.027904,0.12338900000000001,0.19866,0.25048000000000004,0.09493837662337663,0.1129
2022-08-12,0.0695,0.22668885714285714,0.23702199999999998,0.242618,0.018516,0.16608066666666668,0.19866,0.08175,0.27806766666666666,0.20007333333333333
2022-08-15,0.08424833333333334,0.057081848484848485,0.14137850505050506,0.09562333333333332,0.008049999999999998,0.288124,0.09979333333333333,-0.03005000000000002,0.17435819047619044,0.2487633333333333
2022-08-16,0.11510833333333334,0.11442392857142858,0.20379866666666668,0.06856,0.06571666666666667,-0.10207599999999999,0.03612,0.14214000000000002,0.1929906666666667,0.104555
2022-08-17,-0.006533333333333331,0.0408883574879227,0.31836366666666666,0.06278000000000002,0.01909,0.045694,0.04404,0.175945,0.15619555555555556,0.26467999999999997
2022-08-18,0.004529999999999999,0.03643533333333334,-0.038935666666666674,0.20482266666666665,0.05664400000000001,0.035990666666666685,0.06667000000000001,0.10484500000000001,0.10242,0.25243000000000004
2022-08-19,-0.174035,0.03893066666666667,0.11820766666666667,0.09653333333333333,-0.028240000000000008,0.12547066666666667,0.06667000000000001,0.33251,0.16227,0.22715000000000002
2022-08-22,0.21372,0.13030733333333333,0.2210671111111111,0.044505,0.21191333333333331,0.18192495238095238,0.09827,0.38418199999999997,0.25741533333333333,0.2706733333333333
2022-08-23,0.17838333333333334,0.07946685714285714,0.1240711111111111,0.248447,0.15182666666666667,0.21166400000000002,0.06087,0.228762,0.041184,0.0407
2022-08-24,0.13018666666666664,-0.04626866666666666,0.012638,0.054753333333333334,0.15272833333333333,0.128864,0.013486666666666666,0.16047000000000003,0.14824991596638654,0.15559
2022-08-25,0.07669166666666666,0.150502,0.1050217857142857,0.017446,0.10454666666666668,0.220044,0.00258,0.30311,0.16630333333333333,0.09844800000000001
2022-08-26,-0.10375083333333335,0.0048238095238095245,0.09218333333333334,0.11271666666666666,0.17026666666666668,0.07686066666666667,0.057730000000000004,0.38001999999999997,0.19178323809523812,0.1366
2022-08-29,0.15789499999999998,0.13825961904761908,0.18382174603174603,0.218335,0.26405333333333336,0.057572,0.001809999999999995,0.19603833333333337,0.07502333333333333,0.34294
2022-08-30,-0.05725999999999999,0.14592999999999998,0.09114714285714286,0.02409,0.040433333333333335,0.165569,0.024589999999999994,0.148545,0.11686649999999998,0.10764
2022-08-31,0.1577633333333333,0.0524675,0.18320554545454548,0.061616666666666674,-0.20458500000000002,0.17679066666666665,0.02794,0.22335,0.14944666666666667,0.0992
2022-09-01,0.08216666666666667,0.168611,0.164953,0.277945,0.11460166666666664,0.204469,0.09111,0.18867,0.007841267507002809,0.11444000000000001
2022-09-02,0.10773000000000002,0.039372000000000004,0.1971154761904762,0.11016466666666666,0.15142666666666665,0.11809066666666665,0.09152,0.17004000000000002,0.22613571428571427,0.18512666666666666
2022-09-06,0.17733,0.18459799999999998,0.11953100000000001,0.06870833333333334,0.23609266666666667,0.2121033333333333,0.0,0.29121,0.10662194444444446,0.27142999999999995
2022-09-07,0.07006952380952383,0.16424232142857145,0.17912999999999998,0.00998,0.07590866666666667,0.10936399999999999,0.026530000000000005,0.05066666666666667,0.11469166666666666,0.19389
2022-09-08,0.22610076190476192,0.07027000000000001,0.27589,0.154652,0.17820533333333335,0.028100666666666684,0.18839,0.23678,0.02906000000000001,0.15284333333333333
2022-09-09,-0.028329999999999987,0.23171916666666664,0.048162666666666666,0.216123,-0.008273333333333332,-0.07006599999999999,0.14855999999999997,0.5577,0.1466486666666667,0.24855
2022-09-12,-0.029178095238095236,0.1574761666666667,0.1512875,0.082844,0.2793263333333333,0.017635000000000022,-0.05408999999999999,0.33622833333333335,0.03785035714285714,0.32169333333333333
2022-09-13,-0.07895066666666666,0.18866866666666665,0.26301147619047616,0.17917,0.05998666666666667,0.273079,0.04583,0.09451000000000001,0.025618333333333326,0.07361333333333334
2022-09-14,0.09447333333333334,0.19535309523809524,0.15459083333333332,-0.00844666666666666,-0.002516666666666667,0.10869900000000002,0.10938666666666667,0.12735000000000002,0.09731583333333334,0.26733333333333337
2022-09-15,0.1273216666666667,0.15915142857142855,0.2232044444444444,0.21970642857142858,-0.008235000000000003,0.007653999999999999,0.06001333333333334,0.25329999999999997,-0.007140478260869565,0.29800166666666666
2022-09-16,0.1140866666666667,0.13598533333333335,0.495585,0.100016,0.06192933333333332,0.10329576470588235,0.03398666666666667,0.26837600000000006,0.053075714285714296,0.3941733333333333
2022-09-19,0.036989636363636356,0.31008199999999997,0.09387814285714287,0.06296333333333333,0.015823809523809525,0.1999651904761905,-0.08276,0.237128,0.09093066666666665,0.325896
2022-09-20,0.09642500000000001,0.027582857142857138,0.22261999999999998,0.06292633333333333,0.026494285714285713,0.13165733333333335,-0.08276,0.21516833333333335,0.07047895238095239,0.06808
2022-09-21,0.14043199999999997,0.08188507936507936,0.24372500000000002,0.028435,-0.08621999999999999,0.09874733333333333,0.03658,0.09312000000000001,0.03157551282051283,0.19684
2022-09-22,0.05356000000000001,0.17846171428571428,0.11057333333333333,-0.043146666666666667,0.16976666666666665,0.00843666666666667,0.17302666666666666,-0.05183,0.1434662857142857,0.1823516666666667
2022-09-23,0.133952,-0.04957666666666667,-0.05615450000000001,0.09322666666666665,0.08872,0.09762000000000001,0.22188666666666665,6.666666666671484e-06,0.027832285714285716,0.227685
2022-09-26,0.10272333333333335,0.19545261904761904,0.07940833333333334,0.18393866666666664,0.015480000000000013,0.022499,0.23052,0.07312142857142859,0.08646011904761904,0.5775600000000001
2022-09-27,0.2087016666666667,0.018224999999999998,-0.013984285714285716,0.08595411111111112,0.16542166666666666,-0.017185999999999996,0.23052,0.2414214285714286,0.18781806349206348,0.32047
2022-09-28,0.14380266666666666,0.060516190476190466,0.18127833333333335,0.14922222222222223,0.147205,-0.03924433333333331,0.06695333333333334,0.056676666666666674,-0.012209844155844156,-0.04951666666666665
2022-09-29,0.053163333333333326,0.12367428571428571,0.14494200000000002,0.10194055555555555,0.16065999999999997,0.06872400000000001,0.011219999999999999,0.13099666666666668,0.09047150000000001,0.05525333333333334
2022-09-30,0.04426833333333333,0.18351712121212121,0.22345190476190474,0.2542522222222222,0.0843,0.111044,0.00516,0.26187,-0.1387766666666667,0.14143333333333336
2022-10-03,0.24489099999999997,0.11644590476190478,0.09041141025641025,0.265568,0.04760000000000001,0.250184,0.07601,0.25506,0.3118852380952381,0.18566
2022-10-04,0.11383999999999998,-0.011166666666666658,0.13308000000000003,0.28057547619047624,-0.08459,0.059494000000000005,0.15816000000000002,0.33353,0.1498364935064935,0.214865
2022-10-05,0.26416,0.05573066666666667,0.2191266666666667,0.16485333333333332,-0.014866666666666662,0.29291733333333336,0.055900000000000005,0.19955,0.11293427777777776,0.22012
2022-10-06,0.079815,0.17427222222222222,0.13749499999999998,0.10615523809523808,-0.19216000000000003,0.202094,-0.11454,0.0843,0.014379999999999999,0.044989999999999995
2022-10-07,0.16219666666666668,0.01323333333333333,0.26992971428571433,0.11608500000000002,0.00484,0.039578999999999996,-0.12161999999999999,0.13022499999999998,0.056308684210526316,0.2694833333333333
2022-10-10,0.06091,0.1313292857142857,0.13325833333333334,0.10799600000000001,0.326336,0.13342400000000001,0.09469000000000001,0.10796999999999998,0.07669666666666666,0.29439333333333334
2022-10-11,0.04307066666666667,0.2022442857142857,0.12273800000000001,-0.283775,0.22581185714285718,0.266024,0.04046,0.04206,-0.04785666666666667,0.34816
2022-10-12,0.13851,0.1837997619047619,0.24595146153846154,-0.10776266666666667,0.13620416666666668,0.332874,0.10846,0.11249,-0.029268888888888882,0.15802
2022-10-13,-0.095495,0.022599999999999988,0.10111555555555556,0.048717333333333335,-0.16806333333333331,0.10219400000000001,0.08065,0.05,0.0021550000000000015,0.21266000000000002
2022-10-14,-0.134185,-0.03116666666666667,0.11390866666666669,0.13777425787106448,0.17491333333333334,0.12206399999999999,0.08065,0.04164000000000001,0.07374,0.24008000000000002
2022-10-17,0.221326,0.09302980952380954,0.07120083333333334,0.12281533333333335,0.12034500000000001,-0.051356,-0.011839999999999995,0.103908,0.061792,-0.09354
2022-10-18,0.1565,0.06945333333333334,-0.013294999999999998,0.10424,0.01213000000000002,0.112869,0.10698,0.169123,0.13744,0.22242
2022-10-19,0.04041666666666667,0.169599,0.15616066666666667,0.07913333333333333,0.05185714285714286,0.09807566666666667,0.04562,0.15442,-0.09869666666666668,0.06396666666666667
2022-10-20,0.09561666666666666,0.19209266666666666,0.130947,0.09071333333333334,0.05519533333333333,0.1575973333333333,0.022308333333333336,0.21181999999999998,0.20392000000000002,0.12504666666666667
2022-10-21,0.11342444444444447,0.09912333333333334,0.09009577777777777,0.014503333333333323,0.11581599999999999,0.148584,0.12295333333333333,0.300555,0.026856,0.11818499999999998
2022-10-24,0.13608499999999998,0.12003399999999997,0.08828255555555556,-0.02624111111111112,0.05149,0.12268622222222222,0.11548666666666667,0.25793,-0.0023473809523809506,0.22194000000000003
2022-10-25,0.07677111111111111,0.05301,0.13362933333333335,0.20613983333333336,0.049883333333333335,0.05662128937728937,0.18360666666666667,0.09152,-0.022908666666666664,0.13629333333333332
2022-10-26,0.040766666666666666,0.06580916666666667,0.05316533333333333,0.16643945454545453,0.03878166666666667,0.053398666666666664,0.11560666666666668,0.06871000000000001,0.27627999999999997,0.10364666666666666
2022-10-27,0.21100933333333333,0.06421416666666666,0.1154789090909091,0.19666066666666668,0.14586623376623373,0.23960622222222222,0.18250000000000002,-0.005024000000000001,0.014155111111111113,0.13141333333333333
2022-10-28,0.20041714285714285,0.044164,0.12420655555555556,0.029960000000000004,0.00938888888888888,0.176694,0.08038,-0.005024000000000001,0.07004151515151515,0.12877333333333332
2022-10-31,0.22740114285714289,0.06973016666666668,0.11650491666666667,0.21303999999999998,-0.02801777777777778,0.135594,0.08038,0.19326714285714286,0.1395535,0.3995866666666667
2022-11-01,0.1543415,0.05618500000000002,0.12133225108225107,0.06302333333333333,0.13551666666666667,0.090964,-0.015815000000000003,0.11007666666666667,0.10052133333333332,0.4055066666666667
2022-11-02,0.013990000000000002,0.27115433333333333,0.246649619047619,0.16016666666666668,-0.098025,0.099324,-0.05076166666666666,0.04720333333333333,0.13055866666666666,0.27768
2022-11-03,0.07632000000000001,-0.0028116666666666624,0.30889,-0.007953333333333333,-0.126033,0.04670266666666666,0.03182,0.02167,0.02506619047619047,0.23855833333333334
2022-11-04,0.014044999999999997,-0.010599999999999997,0.057296666666666676,0.10698666666666665,0.0768116666666667,0.180964,0.03182,-0.03296999999999999,0.055600000000000004,0.22671999999999998
2022-11-07,-0.11038666666666666,0.08283149999999999,0.07273981818181818,-0.02329333333333334,0.022809999999999997,0.022964000000000002,0.0,0.096945,0.15052076190476188,-0.012233333333333336
2022-11-08,0.04923000000000001,0.03053,0.11889916666666667,0.003986666666666671,-0.052500000000000005,0.075434,0.027465714285714295,0.17766500000000002,0.09983095238095238,0.10217999999999998
2022-11-09,0.04476,0.07644333333333334,-0.050116666666666664,0.12582,0.019005333333333332,0.107264,0.08808,0.16367500000000001,0.05504500000000001,0.13596
2022-11-10,0.04046,-0.023969523809523805,0.09074266666666667,0.0256,0.12435,0.09596400000000001,0.0,0.080805,0.07427292307692308,0.33995
2022-11-11,0.0,0.1656473333333333,0.06073057142857141,0.10765333333333334,0.2740366666666666,0.18497733333333333,0.0765,0.318135,0.1276092857142857,0.11735999999999999
2022-11-14,0.352572619047619,0.16784295900178253,0.12069488344988347,0.20764666666666667,0.15980500000000003,-0.011016000000000003,0.06600000000000002,0.18204833333333334,0.07508962148962149,0.048155
2022-11-15,0.0497,0.06878066666666667,0.3191528571428571,0.08613,0.20067000000000004,0.068394,0.23030999999999996,0.18906833333333334,0.129782,0.075935
2022-11-16,0.08627333333333334,0.07187133333333334,0.20551,-0.0038600000000000023,0.23342000000000002,0.111784,0.23030999999999996,0.20833333333333331,-0.01643138888888889,0.14994999999999997
2022-11-17,-0.010206666666666668,0.3145645,0.04165033333333333,0.213385,0.013486666666666666,0.115249,0.20261,0.20833333333333331,0.08650733333333334,0.14994999999999997
2022-11-18,-0.010206666666666668,-0.05741999999999999,0.06643600000000001,0.22988499999999998,0.08378333333333335,0.07489566666666667,0.17526666666666668,0.0818533333333333,0.24541000000000004,0.19272
2022-11-21,0.19752333333333333,0.2542560740740741,0.1497365,0.15359685714285715,0.1700377777777778,0.07807733333333333,0.21030000000000001,0.23056000000000001,0.176582,0.06885
2022-11-22,0.27471666666666666,0.013168666666666667,-0.07602533333333332,0.231296,0.12752090476190475,0.16991133333333336,0.21030000000000001,0.05504,0.004435,0.0
2022-11-23,0.16834666666666667,0.26413507936507935,0.24129490476190477,0.20916,0.11769571428571428,0.07648133333333333,0.20586000000000002,0.35184,0.24281500000000006,0.19207999999999997
2022-11-25,0.33623166666666665,0.18268244047619048,0.21078200000000002,0.14007733333333333,0.13861742857142859,0.085528,0.16540000000000002,0.35680000000000006,0.06496000000000002,0.17414
2022-11-28,0.3686866666666667,0.10316591208791208,0.007767250000000003,0.12988666666666668,0.20168119047619046,0.02887,0.16540000000000002,0.36463,0.11016784615384616,0.15676
2022-11-29,0.3972933333333334,0.061149999999999996,0.042768636363636356,0.3196833333333334,0.19279,0.142844,0.029599999999999998,0.36463,-0.08916533333333335,0.20578000000000002
2022-11-30,0.29488,0.047474,0.16537638095238097,0.16699666666666668,0.194033,0.12563733333333335,0.22732000000000002,0.16735,0.09827666666666665,0.13735999999999998
2022-12-01,0.10304666666666666,0.16009666666666666,0.20941666666666667,-0.07454566666666666,0.13513666666666665,0.2571773333333333,0.12828666666666666,0.25305999999999995,0.19348100000000001,0.23772
2022-12-02,0.25708000000000003,0.1547509090909091,0.3963233333333333,0.1409753333333333,-0.09792999999999999,0.00566533333333333,-0.07071333333333334,0.16166,0.06956190476190476,0.36743999999999993
2022-12-05,0.1378282857142857,0.05085187301587302,0.2028145238095238,0.20560666666666666,0.098624,0.07938066666666668,-0.07071333333333334,0.26104000000000005,0.06731428571428572,0.296015
2022-12-06,0.183246,0.11515,0.2555476666666667,-0.020333454545454543,0.019797000000000002,-0.094256,0.0056666666666666645,0.23544,0.006490666666666672,0.073155
2022-12-07,0.086216,0.17124833333333334,0.08345619047619049,-0.0019999999999999935,-0.0413027619047619,-0.048376,0.0056666666666666645,0.32924,0.21540485714285715,0.27612000000000003
2022-12-08,0.07769000000000001,0.10427266666666668,0.22983543589743588,0.11402799999999999,0.035644999999999996,0.14735399999999998,0.14166666666666666,0.29524,0.14110300000000003,0.1224
2022-12-09,-0.15739999999999998,0.2669816666666667,0.08636095238095239,0.0,0.09072666666666668,0.170244,0.13735666666666665,0.47481,0.10536500000000001,0.13620666666666667
2022-12-12,-0.097,0.1372908333333333,0.2683230952380953,0.07471611111111112,0.00862671679197995,-0.006169333333333327,-0.010629999999999995,0.26774,0.10959714285714287,0.24037999999999998
2022-12-13,-0.15662800000000002,0.0914170238095238,0.149775,0.13244166666666668,0.11637752380952379,0.23188400000000003,0.1562,0.04482000000000001,0.1431402380952381,0.19771500000000003
2022-12-14,-0.05557666666666668,0.15995583333333335,-0.048950666666666656,0.012729333333333325,0.18240000000000003,0.27282400000000007,0.10186999999999999,0.10200000000000001,0.004423333333333332,0.129715
2022-12-15,0.063461,0.128475,0.03632,0.3178533333333334,0.16280466666666665,0.249728,0.10186999999999999,0.034526666666666664,-0.06620595238095237,0.32604
2022-12-16,-0.13694499999999998,0.14439666666666667,0.11407199999999999,-0.06164999999999998,0.16921666666666668,0.070736,-0.023110000000000002,0.24228666666666668,0.07642216666666665,0.34153
2022-12-19,0.122645,0.14827978021978022,0.07206955555555555,0.03446495238095238,0.054402666666666676,0.18121400000000001,0.13479666666666665,0.16439499999999999,0.01209533333333333,0.32787
2022-12-20,0.29799,0.17754597402597405,0.26068749999999996,0.25217757575757577,0.18531388888888892,0.140949,0.19609333333333331,0.08515666666666666,0.18766699999999997,0.38070666666666664
2022-12-21,-0.001319999999999999,-0.06510560606060607,0.06837666666666667,0.0925992857142857,0.16837833333333335,0.37720495238095236,0.14001999999999998,0.02636,0.18500171428571427,0.33596666666666664
2022-12-22,0.01531999999999999,0.05238833333333333,0.378585,0.293308,0.07039333333333334,0.14603066666666667,0.03818,0.02636,-0.11699016666666669,0.20470000000000002
2022-12-23,0.16254,0.14015000000000002,0.020424000000000005,0.180484,-0.06638999999999999,0.073034,0.03818,0.02636,0.04609783333333333,0.31110000000000004
2022-12-27,0.16654,0.22051240981240983,0.19149595604395603,0.14616,0.10937800000000002,0.13506900000000002,0.2083,0.276205,-0.02400274458874459,0.1396986666666667
2022-12-28,0.077467,0.10411272727272727,0.16865333333333335,0.13469,0.17608799999999997,0.10846566666666665,0.0655,0.25238666666666665,0.07834333333333332,0.1432
2022-12-29,0.027782,0.15836888888888886,0.03945785714285715,0.05306999999999999,0.11639600000000001,0.07746566666666667,0.08875999999999999,0.14012,0.17852666666666667,0.08802
2022-12-30,0.0024319999999999954,0.11475514285714286,0.16362000000000002,0.12387999999999999,0.068466,0.143494,0.02962,0.11124999999999999,0.044517714285714285,0.07731999999999999
2023-01-03,0.003713714285714284,0.09826857142857143,0.28271022222222225,0.10186999999999999,0.17174166666666668,0.08528933333333334,0.10212000000000002,0.23373,0.09884962292609352,0.16766
2023-01-04,0.028546666666666675,0.07606457142857144,0.24394233333333332,0.20074933333333336,0.067055,0.10774566666666667,0.04404,0.22115999999999997,0.0344045,0.15975
2023-01-05,0.069408,0.23768650793650795,0.24221202380952384,0.05521666666666666,0.157785,0.154334,0.12264,0.21685333333333334,0.22351533333333334,0.09878666666666666
2023-01-06,0.24178666666666665,0.19904000000000002,0.15449438095238094,0.14201333333333335,0.06390333333333334,0.099589,0.0,0.15727833333333335,0.2309652380952381,-0.015546666666666663
2023-01-09,0.34460999999999997,0.19884952380952384,0.2865790476190476,0.06769607142857142,0.20147833333333334,0.194729,0.08038,0.09050000000000002,0.12115619047619046,0.07377666666666667
2023-01-10,0.37448333333333333,0.10989238095238094,0.04492685714285714,0.09431809523809524,0.06907642857142857,0.18016114285714285,0.16076,-0.01629999999999999,0.23811809523809524,0.04877666666666667
2023-01-11,0.21077666666666667,0.03772633333333334,0.11611,0.06307873015873017,0.031676666666666665,0.056081142857142864,0.15686166666666668,0.021880000000000004,0.06118666666666667,0.027160000000000017
2023-01-12,0.10675266666666668,0.0628356923076923,0.06955964285714286,0.10104057142857144,0.053959999999999994,0.13848566666666667,0.16082000000000002,-0.04803999999999999,0.056658333333333345,0.11046666666666667
2023-01-13,0.18216666666666667,0.19112266666666666,0.1925342857142857,0.06712692640692641,0.16742333333333334,0.06062400000000001,0.28611,-0.06406999999999999,0.10006499999999999,0.16087
2023-01-17,0.20365666666666668,0.2386783428571429,0.06981882352941177,0.15807083006984537,0.2621094444444444,0.238859,0.14957,0.021350000000000008,0.12548147619047617,0.22476
2023-01-18,0.025453333333333335,0.17681855555555556,0.24106333333333335,0.1870106349206349,0.134085,-0.07279100000000001,0.14215499999999998,-0.08301333333333333,0.18735714285714286,0.20918
2023-01-19,0.041280000000000004,-0.0029958571428571417,0.18392,0.04732349999999999,-0.013043333333333334,0.07369400000000001,0.14376666666666665,0.08113999999999999,0.15625714285714287,0.16392
2023-01-20,-0.00908666666666666,0.013133333333333339,0.18452342307692307,0.051685333333333326,0.06612533333333334,0.019804000000000006,0.1786666666666667,0.04528666666666666,0.06466866666666667,0.14502333333333334
2023-01-23,0.053615,0.21038928571428567,0.03881306818181818,-0.054972,0.253675,0.20642485714285713,0.021098333333333337,0.07724666666666666,0.041960401002506274,0.2015966666666667
2023-01-24,0.038075000000000005,0.15604383333333333,0.22335976190476195,0.10409500000000001,0.15199000000000001,0.08846642424242425,0.022205000000000003,0.23321,0.025202500000000006,0.23891
2023-01-25,0.0014257142857142858,0.122619,0.19050666666666666,0.06552033333333333,0.006690980392156853,0.15957733333333332,-0.09030399999999998,0.35783333333333334,0.061449166666666666,0.191144
2023-01-26,0.2287356060606061,0.11155333333333332,0.21562301282051283,0.17639711111111112,0.17704999999999999,0.048102571428571425,0.075,0.19529333333333335,0.09490663492063492,0.14764
2023-01-27,0.09685466666666664,0.04188190476190475,0.11059071428571428,0.197322,0.19140666666666667,0.1464592380952381,0.07481499999999999,0.24477333333333334,-0.0016738518518518513,0.15150666666666665
2023-01-30,0.07409666666666666,0.01352,0.13952787878787878,0.15553333333333336,0.14562716666666667,0.017708,0.15791499999999997,0.281555,0.08135,0.17398000000000002
2023-01-31,-0.01744888888888889,0.061749476190476195,0.12339420512820513,0.10103333333333334,0.04195083333333333,0.14040188235294118,0.13231500000000002,0.19296,-0.004828303030303028,0.18501666666666666
2023-02-01,0.021679999999999994,0.1017551515151515,-0.1267617777777778,0.05386333333333333,0.1283915873015873,0.099044,0.088405,0.31418,-0.06427003813882533,-0.02065
2023-02-02,0.12570933333333334,0.13993,0.1801152380952381,0.13968644444444445,0.24771666666666667,0.20008399999999998,0.10262,0.17594,0.21009666666666665,0.23553333333333332
2023-02-03,0.18137,0.1610517142857143,-0.004061666666666658,0.093275,0.06965783333333334,0.251289,0.015421000000000008,0.08510666666666668,-0.045935833333333335,0.2677366666666667
2023-02-06,-0.020167499999999988,0.083021,0.03663444444444445,-0.048866666666666655,0.04299400000000002,0.17840733333333333,0.09793499999999998,0.17055904761904764,0.20531083333333333,0.15076666666666666
2023-02-07,0.027477,0.17179166666666665,0.0007771428571428541,0.24303333333333335,0.12206666666666668,0.015767333333333345,-0.06531833333333334,0.0911647619047619,0.19244266666666668,0.2691366666666667
2023-02-08,0.05899,0.10050971428571431,0.08533444444444445,0.031099999999999996,0.050586,0.18314066666666667,0.07939666666666666,-0.029599999999999998,0.15681728571428571,0.21125318181818184
2023-02-09,0.07705,0.0712151724137931,0.11847390476190478,-0.03315,0.008086142857142885,0.10910733333333333,-0.04826999999999999,0.13115000000000002,0.21136499999999997,0.21885999999999997
2023-02-10,0.08830999999999999,0.11233599999999999,0.1555856666666667,-0.055994999999999996,0.008510000000000018,0.07916399999999998,-0.04248,0.25075000000000003,-0.023754444444444446,0.16646
2023-02-13,-0.027247999999999994,0.13103913636363637,0.2797594444444444,0.09737666666666665,0.10701000000000001,0.14172400000000002,-0.0299,0.3554,0.20688285714285715,0.23743666666666674
2023-02-14,-0.013308,0.2634433939393939,-0.06863,-0.02954066666666667,0.212427,0.11511333333333333,0.01794,0.15886,0.21975484848484847,0.12392999999999998
2023-02-15,0.18669666666666665,0.11783466666666667,0.03642666666666666,-0.0813275,0.09486833333333332,0.08211,0.006237142857142858,0.11417666666666666,-0.009739999999999993,0.19022
2023-02-16,0.02366,0.006370666666666663,0.13395955555555555,0.04416,0.12758466666666665,0.160879,0.07597999999999999,0.07278333333333334,0.17857883116883116,0.16726916666666666
2023-02-17,0.26779,0.0675152380952381,0.12348595238095236,0.22298999999999997,0.14122666666666667,0.05239733333333332,0.015059999999999995,-0.008929999999999999,0.09892727272727272,0.08733333333333333
2023-02-21,0.1004447619047619,0.11767893650793651,0.1161750505050505,0.0012510000000000021,0.023423,0.21870099999999998,-0.026625,0.08677777777777779,0.11084727272727272,0.0489611111111111
2023-02-22,0.11090333333333335,0.08917590476190476,0.11466400000000002,0.08781900000000001,0.09284200000000002,0.022964000000000002,0.06795999999999999,0.11400166666666667,0.112917,0.10825
2023-02-23,0.12297,0.10625,0.15099809523809524,0.13172166666666668,0.093612,0.07196733333333334,-0.0027966666666666713,0.050415,0.014443166666666674,0.056576
2023-02-24,0.12728,0.04049000000000001,0.056115000000000005,0.10556066666666666,0.06704400000000002,0.11250066666666667,0.08508666666666666,0.030125000000000002,0.000439833333333331,0.102168
2023-02-27,0.13392333333333334,0.07535344444444445,-0.019697714285714284,-0.011213928571428573,0.08093285714285714,0.093849,0.2454,0.09504,0.10289992063492064,0.173532
2023-02-28,0.13401000000000002,0.12622866666666668,0.12354777777777778,0.0870221212121212,0.07034657142857141,0.19662066666666667,0.34752,0.11682000000000001,0.24963571428571427,0.22801999999999997
2023-03-01,-0.033397500000000004,0.09564033333333333,0.06314166666666665,0.09284666666666666,0.028242,0.06722399999999999,0.194112,0.0886,0.183314126984127,0.39422
2023-03-02,0.23134666666666664,0.2024008658008658,0.27628833333333336,0.13739400000000002,0.039298333333333345,0.22822257142857144,0.0638,0.20618666666666668,0.08108595238095238,0.24122
2023-03-03,0.06216666666666667,0.09395571428571428,0.21369833333333332,0.00871666666666666,0.285165,0.13912066666666667,0.00024799999999999936,0.13778666666666667,0.2062848888888889,0.14816000000000001
2023-03-06,0.02023,-0.040311,0.05377766666666667,0.10359059523809525,0.06327033333333335,0.183704,0.034248,0.04136000000000001,0.079112,-0.03910999999999999
2023-03-07,0.17477,0.16452333333333335,0.12144666666666666,0.24231166666666665,0.1673633333333333,0.24798733333333334,0.047670000000000004,0.12358,0.11298444444444444,0.08139666666666667
2023-03-08,0.047799999999999995,0.25326166666666666,0.14941619047619045,0.06828730158730159,0.056163,0.17103733333333332,0.0991,0.21033,0.08803611111111112,0.07404666666666666
2023-03-09,0.028496666666666663,0.10084,0.2568286666666667,0.047027,0.12732333333333332,0.10418400000000001,0.018690000000000002,0.16455,0.1660287878787879,0.14632666666666666
2023-03-10,0.025708,0.12061199999999998,0.17908933333333338,0.007582333333333332,0.23816333333333334,0.1258082857142857,0.11800000000000002,0.26161999999999996,0.122865,0.22115666666666667
2023-03-13,0.06463933333333334,0.053982190476190475,0.15785444444444446,-0.07964403030303031,0.1411257142857143,0.15544000000000002,0.13992,0.021646666666666665,0.058681000000000004,0.24661166666666667
2023-03-14,0.081306,-0.046496666666666665,0.21197166666666667,0.1714838095238095,-0.015801333333333327,0.20310999999999998,0.06376000000000001,0.20270000000000002,0.16459083333333333,0.0509
2023-03-15,0.13586,0.06556166666666666,0.1294664285714286,0.011017111111111116,0.08162666666666668,0.069344,0.08374181818181818,0.18555400000000002,-0.012914761904761906,0.28570166666666663
2023-03-16,0.14145828571428573,0.029326666666666668,-0.04001199999999999,-0.1286202777777778,0.04588,0.275044,0.07726666666666668,0.227,0.11155481818181819,0.14590000000000003
2023-03-17,0.092,-0.02581300000000001,0.029581333333333338,-0.04826114285714286,0.03849999999999999,0.093784,-0.006796190476190472,0.23986999999999997,0.054474749999999995,0.26572666666666667
2023-03-20,0.18363400000000002,0.042434285714285716,0.26259466666666664,0.13583814285714285,0.08144933333333333,0.10216066666666668,0.14259666666666668,0.040580000000000005,0.14129133333333335,0.15756333333333333
2023-03-21,0.084422,0.14174222222222221,0.05917466666666667,0.12551285714285715,0.157915,0.217694,0.021875,0.35960666666666663,0.076383,0.25908
2023-03-22,0.11946666666666668,-0.0445123076923077,0.13186916666666665,0.057744285714285706,0.011967999999999998,0.14815399999999998,0.07820666666666667,0.21108000000000002,0.06710150375939848,0.09562666666666667
2023-03-23,0.31221,0.05046666666666668,0.16982166666666668,-0.025778333333333337,0.149788,0.10100400000000001,0.046794999999999996,0.14966,0.14067571428571427,0.14420000000000002
2023-03-24,0.31461,0.157884,0.194102,-0.10548969696969698,0.09774133333333333,0.09555066666666667,0.046794999999999996,0.1272,0.04642119047619048,0.21625999999999998
2023-03-27,0.24604428571428572,0.11142416666666666,0.06127250000000001,0.0994851587301587,0.13018666666666667,0.174204,0.05826166666666667,0.040598,0.14500497435897436,0.092955
2023-03-28,0.26202333333333333,0.15801928571428572,0.08887333333333333,0.22000999999999998,0.19232833333333335,0.137069,0.14841,0.084488,0.12816,0.33507499999999996
2023-03-29,0.08532666666666668,0.12297333333333334,0.04028988888888889,0.028922833333333335,0.055336666666666666,0.07277900000000001,0.08631333333333333,0.12131333333333334,0.10061,0.16482999999999998
2023-03-30,0.16473333333333334,0.11552115384615383,0.07989666666666666,0.22542380952380953,0.0013649999999999995,0.19127566666666668,0.02561,0.11547666666666667,0.16753085714285715,0.20589000000000005
2023-03-31,0.19658533333333333,0.034873142857142866,0.140608,0.14908133333333332,0.06083500000000001,0.07771733333333333,0.10028999999999999,0.18689,0.1730856666666667,0.13836666666666667
2023-04-03,0.13331285714285715,0.11564195488721804,-0.04670276315789473,0.1105602380952381,-0.04046466666666667,0.11609900000000002,-0.052669999999999995,0.108438,0.15019211060204166,0.24288499999999996
2023-04-04,0.059763,0.12417666666666669,0.2448036507936508,-0.06442299999999998,0.18928866666666666,0.09665757142857143,0.06972666666666667,0.17131500000000002,0.13741923376623377,0.22468166666666667
2023-04-05,0.039038,0.09757428571428571,0.044648961038961044,-0.00624285714285714,0.052146666666666674,0.09208233333333334,0.17040000000000002,0.19249785714285714,0.10895451127819551,0.13112666666666667
2023-04-06,0.08838,0.10606711111111111,0.1346691794871795,0.18461666666666665,0.05140199999999999,0.067568,0.14561,0.16269,0.3205784615384616,0.30244666666666664
2023-04-10,0.03769666666666667,0.14880703296703296,0.10547577357425184,0.05520839393939395,0.1212428787878788,0.1523965,0.19867285714285715,0.07998166666666667,0.1816367177559283,0.26339066666666666
2023-04-11,0.02508,0.06685066666666667,0.12029555555555556,0.024665824175824174,-0.0077800000000000005,0.006450666666666671,0.05121428571428571,0.35245000000000004,0.062146,0.08196
2023-04-12,0.14808,0.0575652380952381,0.04597833333333333,0.11431438095238096,0.054188333333333324,0.08589666666666665,0.05121428571428571,0.3442,0.12446133333333335,0.24034666666666665
2023-04-13,0.0014371428571428578,-0.014880000000000008,0.079566,0.05647070676691729,-0.08003071428571427,0.20230399999999998,-0.008149999999999996,0.15111000000000002,0.04786155158730159,0.144018
2023-04-14,0.013370476190476191,0.124798,0.17745000000000002,0.05700509090909091,0.008998999999999997,0.14845566666666668,0.007760000000000003,0.07364,0.1956424761904762,0.14492333333333335
2023-04-17,0.014846666666666666,0.04868159663865547,0.12480233333333332,0.11059273918128656,0.1287092857142857,0.116846,0.10533999999999999,0.010589999999999999,0.13280434523809523,0.120255
2023-04-18,0.028428095238095245,-0.03344785714285714,0.011318838383838386,0.10402990476190477,0.10433666666666667,0.08154399999999999,0.14026,0.08707083333333335,0.23545190476190475,0.08896066666666666
2023-04-19,0.08130066666666666,0.10089833333333334,0.18730750000000002,0.11925920728291314,0.10868396078431371,0.123034,0.04978666666666667,0.09673666666666667,0.14301999999999998,0.27201333333333333
2023-04-20,0.00752282051282051,0.14552822222222223,0.10873916666666665,0.03713785714285714,0.177882,0.09056800000000001,0.10787242857142858,0.12767166666666668,0.05578266666666667,0.11793066666666667
2023-04-21,0.21154227272727275,0.1501761904761905,0.16272232967032968,0.07392333333333335,0.054498000000000005,0.149772,0.043396000000000004,0.1693,0.11072671428571428,0.0
2023-04-24,0.08627112554112552,0.1776605,0.10986303030303031,0.0831264805194805,0.13476666666666667,0.08219316666666666,0.06069,0.17015333333333332,0.2665737777777778,0.059515384615384616
2023-04-25,-0.02616,0.05359533333333335,0.08743142857142858,-0.007580757575757569,0.21307571428571426,0.07254791941391943,0.022217142857142862,0.07972666666666667,0.2505552380952381,0.14902
2023-04-26,0.04264444444444444,0.1187457792207792,0.15157342857142858,0.1661632222222222,0.025,0.14369275000000004,-0.004533999999999999,-0.032365,0.1525095,0.23690666666666665
2023-04-27,0.06157809523809523,0.012288333333333335,0.09951216666666667,0.21821599999999997,0.09690815476190476,0.062184,0.06399333333333332,0.004559999999999997,0.08589166666666667,0.15072666666666668
2023-04-28,0.002528888888888886,0.22745,0.2076488660801564,0.0037038095238095202,-0.034622857142857136,0.06349066666666667,0.07991999999999999,0.15228,0.07181678571428571,0.08052333333333332
2023-05-01,-0.0007225000000000009,0.07340109523809525,0.05163315789473684,-0.10192933333333334,0.07224395238095237,0.129269,0.12647,0.07571333333333333,0.11088849206349208,0.037410000000000006
2023-05-02,0.05378166666666667,0.056548,0.03821304761904762,0.06805161904761906,-0.041869333333333335,0.10658400000000001,0.034,0.04447333333333333,0.054336249999999996,0.1708933333333333
2023-05-03,0.11889666666666668,0.1115105,0.06689628571428571,0.07866285714285715,-0.008525,0.12478066666666668,-0.09609999999999999,0.0284,0.13492896280190397,0.14476
2023-05-04,-0.014489999999999998,0.002100952380952384,0.11989304761904762,0.05794333333333335,0.07443999999999999,0.32418233333333335,0.011370000000000002,0.06655733333333333,0.05870332539682539,0.14720333333333332
2023-05-05,0.28559999999999997,0.07084933333333335,0.076906,0.3551333333333334,0.13888,-0.147176,-0.022630000000000004,0.22796000000000002,0.019781904761904757,0.17781333333333332
2023-05-08,0.06748666666666665,0.017195238095238104,0.13892006162464984,0.04836666666666667,0.15131266666666668,0.10503066666666667,0.142885,0.11322666666666667,0.13794771428571428,0.20393333333333336
2023-05-09,-0.004120000000000001,0.14326366666666668,0.33692476190476184,-0.14740777777777775,0.16209333333333334,0.21494066666666667,0.142885,0.1536866666666667,0.03553512820512821,0.12463142857142857
2023-05-10,0.10685333333333333,-0.004055282051282048,0.19771866666666665,0.02547619047619048,0.061268333333333334,0.1442006666666667,0.088005,0.030253333333333333,0.120532,0.19761333333333334
2023-05-11,0.28631428571428574,0.13150999999999996,0.2907571428571429,-0.04686666666666666,0.2313766666666667,0.09012400000000001,0.19445666666666667,0.04404,0.05073159090909091,0.29114
2023-05-12,0.142905,0.08773413636363638,0.09245866666666666,-0.01715,0.05106000000000001,0.078404,0.16918,0.10773000000000002,0.11030000000000002,0.130635
2023-05-15,0.02125566666666667,0.08073769230769232,0.09718464646464646,-0.08124590476190477,0.11460095238095239,0.14844400000000002,0.14309571428571427,0.1353166666666667,0.17601240259740258,0.21345333333333336
2023-05-16,0.06216666666666666,0.07171818181818182,0.09084,0.03108590476190476,0.008872500000000005,0.08807900000000002,0.06781666666666666,0.08574000000000001,0.09343666666666668,0.24484000000000003
2023-05-17,0.006846666666666666,0.03192551515151515,-0.03623933333333333,0.077335,-0.13154833333333332,0.08954399999999998,0.04277666666666667,0.068,0.14877263636363636,0.152015
2023-05-18,0.029830000000000002,0.2522140972222222,-0.057458333333333333,0.077354,0.04120000000000001,0.037764,0.03275,0.07373833333333332,0.12504166666666666,0.15523499999999998
2023-05-19,0.2513866666666667,0.0792261337355455,0.05865833333333335,0.04697371794871795,0.028155000000000006,0.098724,0.0,0.041893333333333324,0.23859750000000002,0.17841999999999997
2023-05-22,0.09523200000000001,0.044529469696969706,0.14290833333333336,0.05849142857142857,0.0658892857142857,0.18411661904761906,0.09043399999999999,0.16393333333333332,0.02401346886446886,0.10899999999999999
2023-05-23,0.033327,-0.020525238095238093,0.032651,0.15393666666666667,0.12286833333333333,0.16749161904761906,0.087584,0.09618,0.23763,-0.03064000000000002
2023-05-24,0.06454666666666667,0.01727333333333333,-0.021166428571428576,0.05431066666666666,-0.03794666666666667,0.14098161904761905,0.0,0.18024,0.035610555555555555,0.066
2023-05-25,0.05187200000000001,0.061340000000000006,0.021213222222222224,0.07018500000000001,0.110065,0.134004,0.05147466666666667,0.1068,0.20089055256799943,0.13172
2023-05-26,0.2987266666666667,0.06419766666666667,0.20208666666666666,0.06063500000000001,0.121165,0.1413406666666667,0.06214000000000001,0.1068,0.1315217886178862,0.13502
2023-05-30,0.00357666666666667,0.10615259740259739,0.13275587301587302,0.008882666666666667,0.29069500000000004,0.09238733333333334,0.139436,0.15797,0.11756933572567782,0.1711133333333333
2023-05-31,0.09653999999999999,0.09165928571428572,0.17170400000000002,0.09111780952380952,0.14073333333333332,0.09262733333333333,0.16268666666666667,0.24383999999999997,0.10126848049052398,0.2188133333333333
2023-06-01,0.10456666666666667,0.1343916666666667,0.20107333333333335,0.04512363636363638,-0.06024047619047619,0.12971466666666667,-0.026754999999999994,0.1574866666666667,0.16287252252252252,0.20077333333333333
2023-06-02,-0.01211884615384615,0.000496000000000002,0.004056363636363636,-0.004618214285714288,0.021428571428571432,0.14006185714285715,0.07349214285714287,0.0344,0.08822628571428572,0.21416
2023-06-05,0.08271066666666667,0.009052641025641028,0.082553,0.06754666666666667,0.0538,0.10107828571428572,0.03356,0.08667333333333334,0.07863474025974027,0.08196
2023-06-06,0.073053,0.1613516666666667,0.011694222222222217,0.15901933333333335,0.22018095238095242,0.27483828571428576,0.011000000000000015,0.14470666666666668,0.020368761904761903,0.08196
2023-06-07,0.22582666666666668,0.12403166666666668,0.08770333333333333,0.176465,0.2577716666666666,0.12977066666666667,0.18686,0.17645999999999998,0.16101533333333334,0.29675
2023-06-08,0.06820166666666666,0.10710144444444444,0.0346895238095238,0.08072166666666666,0.277517,0.11777733333333333,0.13948,0.054165,0.1144214025974026,0.177408
2023-06-09,0.23493666666666665,0.07775714285714286,0.07795085714285714,0.052917727272727276,0.035365,0.04962233333333333,0.20748000000000003,0.15136500000000003,0.06031517543859649,0.13130166666666668
2023-06-12,0.10272666666666667,0.09070455555555557,0.055564999999999996,0.05951555555555556,0.19989666666666667,0.14440900000000004,0.19716000000000003,0.221325,0.11750600000000003,0.18935333333333335
2023-06-13,0.13712833333333332,0.08649333333333334,0.11525333333333335,0.19952090909090908,0.059973333333333344,0.099464,0.35150000000000003,0.118485,0.12919062184873947,0.11690133333333334
2023-06-14,0.19680999999999998,0.04352277777777778,0.03523666666666667,0.08405666666666667,0.2608533333333333,0.14260100000000003,0.40534,0.11719499999999998,0.22483330384785494,0.2862233333333334
2023-06-15,0.076427,0.07783428571428572,0.07012933333333334,0.23430333333333336,0.039626666666666685,0.10136233333333333,0.09620999999999999,0.11988000000000001,0.13358736908253038,0.15373333333333333
2023-06-16,0.13058666666666668,-0.009490000000000004,0.09272,0.12568380952380953,0.08841433333333334,0.143064,0.14135999999999999,0.021426666666666677,0.13242455434782607,0.27782
2023-06-20,0.10486200000000001,0.02933919047619047,0.08553199999999998,0.10127937878787878,0.09210357142857144,0.12127724675324676,0.18395999999999998,-0.006693333333333333,0.08854297872340426,0.11756000000000003
2023-06-21,0.11794,0.127686,0.03936,0.094486,0.16984933333333335,-0.05993095238095236,0.13445000000000001,0.0,0.0010769000000000028,0.13531333333333334
2023-06-22,0.32592000000000004,0.04313142857142858,0.03054459595959596,0.16674590476190473,0.07414000000000001,0.05281400000000001,0.13041,0.046345000000000004,0.09655476190476191,0.30413999999999997
2023-06-23,0.20979,0.04139742857142857,0.08087,-0.014856666666666666,0.17212333333333332,0.087564,0.060149999999999995,0.11247666666666667,0.144575873015873,0.29020666666666667
2023-06-26,0.12835722222222223,0.15391238095238097,0.05300933333333333,0.11246169696969696,0.11287116666666666,0.18028114285714286,0.09627,0.15677,0.16265189898989899,0.341928
2023-06-27,0.176568,0.11427333333333331,0.10251777777777778,0.251944,0.14164933333333332,0.08426066666666665,0.12264,0.29811999999999994,0.1872056666666667,0.23006500000000002
2023-06-28,0.026950000000000012,0.10723866666666668,0.11212,-0.10867057575757574,0.12248,0.06304400000000002,0.20529000000000003,0.25156999999999996,0.06356904034272756,0.22710333333333335
2023-06-29,0.08287333333333333,0.0024686666666666733,0.06587136363636363,0.06394684537684539,0.317346,0.070634,0.03507333333333334,0.28229000000000004,0.08187301785714286,0.23524000000000003
2023-06-30,0.008473333333333336,0.0990849175824176,0.017703000000000003,-0.004591666666666672,0.009564166666666669,0.146314,-0.07432,0.18713000000000002,0.051834301075268804,0.16812999999999997
2023-07-03,0.130212,0.07753571428571429,0.10649000000000002,0.06760329581529581,0.16950533333333334,0.11628833333333333,-0.05165333333333333,0.198415,0.30290447619047617,0.16906666666666664
2023-07-05,0.21941833333333335,0.09378199999999999,0.045479120879120885,0.14094055555555557,0.24311333333333335,0.22550538461538464,0.11658666666666666,0.21950333333333333,0.14558209523809523,0.18059666666666668
2023-07-06,0.12168000000000001,0.05473309523809524,0.16027809523809525,0.11442809523809525,0.37139916666666667,0.073516,0.059199999999999996,0.09404666666666665,0.02953605838605839,0.17359733333333333
2023-07-07,0.15649266666666667,0.09128266666666666,-0.005559047619047611,0.04714533333333334,0.10098,-0.015650999999999988,0.042336,0.04702333333333333,0.0105125,0.14570666666666668
2023-07-10,0.05816,0.03842547619047619,0.07794799999999999,0.010548666666666668,0.0940857142857143,0.0749487619047619,0.19685999999999998,0.15241000000000002,0.12032349282296653,0.17030800000000001
2023-07-11,0.115675,0.1483045,-0.04340309523809523,0.10374166666666666,-0.019299999999999998,0.13467400000000002,0.057440000000000005,0.11835,0.1353016446886447,0.17621733333333334
2023-07-12,0.10722533333333333,0.09645690909090911,0.06690533333333334,0.05455066666666666,0.29226833333333335,0.03631733333333333,0.10863,0.1404,0.12270209523809525,0.13894
2023-07-13,0.12382833333333332,0.1847499010989011,0.15996761904761908,-0.008363055555555554,0.10664166666666666,0.10794733333333333,0.0,0.12031666666666667,0.17219555555555557,0.04496
2023-07-14,0.11650901960784314,0.16024290909090907,0.10779676923076922,0.0233518888888889,0.09642000000000002,0.077254,0.0,0.033350000000000005,0.1353897307692308,0.11593
2023-07-17,-0.0886042735042735,0.045599272727272724,0.17288583333333332,0.04880962656641604,0.08543200000000001,0.033694,0.029759999999999998,0.20958133333333334,0.12574874725274726,0.057255
2023-07-18,0.0687321212121212,0.049770952380952395,-0.02450933333333333,0.15342591991341992,0.12676,0.24502733333333335,0.025460000000000003,0.11400133333333333,0.27812781159420286,0.15967199999999998
2023-07-19,0.20155529411764705,0.168018,0.0264,0.1226672103174603,-0.011843333333333322,0.18010185714285715,0.0,0.15344000000000002,0.20008000000000004,-0.00572
2023-07-20,-0.002319999999999997,0.08856657142857141,0.10256666666666667,0.11344249999999997,0.005415000000000014,0.03741257142857143,0.10703499999999999,-0.01686095238095238,0.0767508986013986,0.2292066666666667
2023-07-21,0.07885066666666665,0.024183333333333334,0.04346671014492754,0.10890333333333332,-0.043438787878787875,0.10056899999999999,-0.04404,0.08576999999999999,0.05638270707070707,0.07752
2023-07-24,0.049916666666666665,0.0973362142857143,0.17202599999999998,0.09809236363636364,0.08833566666666667,0.202239,0.11122785714285714,0.25472333333333336,0.17272381818181817,0.050826666666666666
2023-07-25,-0.06716766666666668,0.06537314285714285,0.05407333333333334,0.11351977777777778,0.041480333333333334,0.04511013430127043,0.0782151515151515,0.08721999999999999,0.019382809523809524,0.173956
2023-07-26,0.20282700000000004,0.1706915087719298,0.07971600000000001,0.08693066666666667,-0.052292000000000005,-0.04089216666666666,0.07830133333333332,0.07527466666666666,0.07270494755244755,0.31840999999999997
2023-07-27,0.032108333333333336,0.21138777777777779,-0.024406222222222225,0.1327895238095238,0.17456317857142856,0.183778,0.0072949999999999985,0.15286,0.07864740919867237,0.03963714285714286
2023-07-28,0.14626666666666666,0.15985714285714286,0.199024,0.05968880952380952,-0.02959666666666666,0.017079,0.061935,0.2247866666666667,0.2580620996860283,0.026973333333333332
2023-07-31,0.11713895454545453,0.11187411111111109,0.29540176190476186,0.04361562770562771,0.15817777777777778,0.09494539130434783,0.061935,0.121825,0.19268152777777778,0.27928000000000003
2023-08-01,0.30484485714285714,0.118555,0.18639599999999998,0.04913833333333334,0.26335305555555555,0.09381707692307692,0.16848,0.08504,0.20948194117647062,0.160364
2023-08-02,0.10379333333333333,0.0003186904761904738,0.06764,0.08076857142857144,0.3042107142857143,0.10805417647058824,0.04351466666666667,0.10765066666666664,0.04898979823813584,0.012009999999999998
2023-08-03,0.05863476190476191,0.014076333333333335,0.05658571428571428,0.10448333333333333,0.09409427777777779,0.103119,0.03558,0.037216666666666655,0.05921790043290043,0.07632333333333333
2023-08-04,0.016595,0.07977000000000001,-0.07103095238095239,0.05584666666666667,-0.03766533333333334,0.13806066666666666,0.03558,-0.08166000000000001,0.06560716666666669,0.100984
2023-08-07,0.08163000000000001,0.075559,0.10547083333333332,-0.03905933333333333,0.11333333333333333,0.081694,0.03558,-0.06077333333333333,0.044321666666666676,0.091735
2023-08-08,0.1546016666666667,0.11314619047619046,0.21968833333333332,-0.06663933333333334,0.158976,0.12144150000000001,0.01032,-0.02465333333333334,0.12280142857142858,0.112415
2023-08-09,0.06942066666666666,0.04983663157894737,-0.019293333333333336,0.08428552380952381,0.2426286666666667,0.15513133333333334,0.12886,-0.03062,0.1329045,0.16025999999999999
2023-08-10,0.08043,0.06713083333333333,0.15635666666666664,0.130885,0.26716266666666666,0.054268000000000004,0.04404,0.32686500000000007,0.05378964705882353,0.09966
2023-08-11,0.09710666666666665,0.07658003418803419,0.14817305494505492,0.13278666666666666,0.068855,0.082297,0.10398666666666667,0.21306000000000003,0.1464437037037037,0.13495
2023-08-14,0.036111666666666674,0.05843190476190476,0.1786311111111111,0.08976938461538461,0.150716,0.117119,0.12829333333333331,0.15004333333333333,0.13544012987012988,0.17961333333333332
2023-08-15,0.009696666666666664,0.06022467171717172,0.026050714285714288,-0.0680275641025641,0.033176666666666674,0.148734,0.034815,0.13365,0.14408557142857142,0.031013333333333337
2023-08-16,0.14273,0.11619657142857143,0.13786333333333334,-0.020946666666666672,-0.024089999999999993,0.20285899999999998,0.034815,0.19539,0.13682292929292927,0.09457333333333333
2023-08-17,0.06904,0.031220909090909087,0.05376665934065934,0.0812525,0.08139000000000003,0.037372571428571436,0.133335,0.07299833333333332,0.06090689458689458,0.2660133333333333
2023-08-18,0.13355,-0.0013881666666666695,0.17154114285714286,0.08638466666666667,0.14097500000000002,-0.020456000000000002,0.084485,0.12370333333333335,0.170361,0.11366000000000001
2023-08-21,0.028348571428571428,0.07990866666666667,0.16956449999999998,0.14010809523809523,0.06427185714285713,0.07542,0.020211428571428578,0.16249333333333332,0.03889527851458886,-0.08815999999999999
2023-08-22,-0.005667999999999995,0.04668309523809525,0.022640285714285717,0.0003300000000000025,-0.009320476190476195,0.18984399999999996,0.015086666666666668,0.12828,0.09600395238095237,0.0
2023-08-23,-0.003070555555555551,0.15126488095238097,0.17321793650793654,0.1773108333333333,0.131292380952381,0.09541799999999999,0.015086666666666668,0.12828,0.17819881818181815,0.081655
2023-08-24,0.00042133333333334023,0.06919654545454544,0.07053066666666666,-0.014456666666666663,0.16987333333333332,0.15252400000000002,0.07636,0.06904,0.13618988014722797,0.03706833333333333
2023-08-25,-0.10324666666666667,0.11228216666666668,0.06441999999999999,0.023236,0.073462,0.050411000000000004,0.18505333333333335,0.07510666666666667,0.039431914893617026,0.09162666666666668
2023-08-28,-0.0036459999999999882,0.08646838095238096,0.2174136363636364,0.1284199696969697,0.04684474358974359,0.02111242105263158,0.23579333333333335,0.19812000000000002,0.19286734641245282,-0.013483333333333337
2023-08-29,0.0361025,0.20864030303030306,-0.03839954545454545,-0.059906666666666664,0.11434833333333332,0.006439238095238086,0.1477133333333333,0.20948000000000003,0.15843557142857143,0.19963999999999998
2023-08-30,-0.013212666666666668,0.10278400000000001,0.06802626984126985,0.07611700000000002,0.04057500000000001,0.08133900000000001,0.20428666666666667,0.20192000000000002,0.13504923436041083,0.19975499999999996
2023-08-31,0.11901666666666669,0.2287150476190476,-0.003869999999999996,0.09642952380952381,0.10549833333333333,0.0849446666666667,0.22718666666666665,0.162438,0.06660115873015873,0.154555
2023-09-01,0.01918,0.18400166666666667,0.19623333333333334,0.06003333333333334,0.10361400000000001,0.15405066666666667,0.24770000000000003,0.29386,0.19308714285714287,0.34353
2023-09-05,0.40598999999999996,0.09994464646464647,-0.018475297619047627,0.10005848717948718,-0.03821192857142858,0.15114466666666668,0.06364,0.1552346666666667,0.2168468238095238,0.27324000000000004
2023-09-06,0.14157333333333333,0.04381499999999999,0.2502890476190476,0.2942828571428572,0.1929733333333333,0.10663733333333333,0.12696000000000002,0.19938666666666668,0.111524,0.08006727272727272
2023-09-07,0.15820133333333333,0.029047777777777777,0.25571683333333334,0.2701097777777778,-0.18949333333333335,0.211904,0.04648000000000001,0.02266666666666667,0.14306831944444445,0.27001
2023-09-08,0.14083466666666666,0.17325027777777777,0.1417114285714286,0.09885690476190476,0.261324,0.07260733333333333,0.06699333333333334,0.20400000000000001,0.08128822066822067,0.14417666666666668
2023-09-11,0.006898333333333351,0.08220611111111112,0.10889055555555556,0.11406051282051281,0.125103,0.112733,0.16076,0.24696600000000002,0.21560957298136646,-0.12352666666666665
2023-09-12,0.037546666666666666,0.05788035714285713,0.10197066666666668,0.19236961904761904,-0.027570000000000004,0.14209966666666668,0.12057,-0.04018999999999999,0.05696589999999999,-0.14056
2023-09-13,0.020765,0.09568777777777779,0.09829861111111111,0.08673433333333333,0.15228,0.08633485714285714,0.13926,0.12744333333333333,0.35112238095238096,0.13178
2023-09-14,0.10732,0.031052380952380953,0.12299133333333331,0.17260733333333333,0.08180833333333333,0.119424,0.13516,0.11438,0.18178304629629632,0.21654
2023-09-15,0.039151666666666675,0.2730741666666667,-0.009407999999999994,0.027317619047619052,-0.00017933333333333413,0.10115066666666665,0.11775499999999998,0.2822766666666666,-0.009784778225806449,0.27117
2023-09-18,0.09988833333333333,0.08809961038961038,0.05833422222222222,0.2803737777777778,0.08060133333333334,0.11596011111111111,0.15597599999999998,0.17939000000000002,0.16021608956560682,0.06950666666666667
2023-09-19,0.08765500000000001,0.11061783333333335,0.04518965384615385,0.1329614285714286,0.04774,0.14521590476190477,0.009616,0.26399999999999996,0.10251416666666666,0.26856
2023-09-20,0.15463,-0.082029,0.04413350649350649,0.06515333333333334,-0.13954499999999997,0.08501288888888889,0.02023,0.46643,0.05181746031746032,0.2360966666666667
2023-09-21,0.039676666666666666,0.03788380952380952,0.14600333333333332,0.07937,0.1323266666666667,0.15120604761904763,0.10848,0.2015366666666667,0.19356929166666664,0.01845333333333332
2023-09-22,0.017471999999999998,0.14943766666666666,0.2148235,-0.002622000000000002,0.06339749999999998,0.23193066666666667,0.13144,0.18021000000000004,0.09927849206349207,-0.044563333333333344
2023-09-25,-0.023808000000000017,0.0775480119047619,0.19427607142857145,0.09793866666666666,0.20657333333333333,0.17286733333333335,-0.0846,0.08711666666666666,0.07650407203907203,0.11354000000000002
2023-09-26,0.15773333333333334,0.131094,0.1580538095238095,0.13594161904761903,0.058866666666666644,0.15106233333333335,-0.05728,0.17983,0.07229428571428573,0.15308000000000002
2023-09-27,0.12435,-0.012613333333333334,0.12195466666666668,0.09228857142857141,0.22648333333333337,0.21183933333333335,0.11567333333333334,0.20518999999999998,0.13169413333333335,-0.007531333333333334
2023-09-28,0.07043914285714287,0.08948840293040294,0.14097999999999997,0.1556071428571429,0.1254,0.07341542857142858,0.12054333333333334,0.3845599999999999,0.014730666666666666,0.09138444444444445
2023-09-29,0.32763,0.16852887719298243,0.21495066666666665,0.20885166666666666,0.12640500000000002,0.1547956666666667,0.09566333333333335,0.23498000000000002,0.08306324675324675,0.4903720000000001
2023-10-02,0.264206,0.14163088311688313,0.21752761904761905,0.17364866666666665,0.05876333333333335,0.12994695238095239,0.18959,0.30891,0.2007124855144855,0.21872904761904763
2023-10-03,0.137316,0.36854200000000004,0.235757,0.1709133888888889,0.21709,0.10146866666666668,0.15769142857142857,0.16413,0.2419584188034188,0.18224500000000002
2023-10-04,0.1886628571428571,0.11470916666666668,0.19136745454545454,0.1282233333333333,0.12247999999999999,0.07210166666666668,0.0025514285714285712,0.21181,0.08288796923076923,0.10316666666666667
2023-10-05,0.11482333333333332,0.16242583333333332,0.20503251282051282,0.08971971428571428,-0.02732,0.099449,0.09684666666666666,0.23904999999999998,0.19214897435897432,0.17467166666666667
2023-10-06,0.17475500000000002,0.06947696969696968,0.16818646153846153,0.1367983333333333,0.08701466666666666,0.10113666666666665,0.11656,0.27163,0.055070769230769236,0.191208
2023-10-09,0.16567333333333337,0.05832021428571429,-0.1429298831168831,0.14637065934065935,0.3487233333333334,-0.03181133333333334,0.06788,0.18170999999999998,0.1259139681020734,0.087445
2023-10-10,0.17743599999999998,0.1836093650793651,0.10431422222222222,0.050153809523809524,-5.6000000000000494e-05,0.11699650793650793,0.03236,0.17531,0.13123307692307692,0.21694
2023-10-11,0.176261,0.058203500000000005,0.13766420289855072,0.020823714285714293,0.03917785714285714,0.1873086666666667,0.15402666666666667,0.16310000000000002,0.18174037614237615,0.18582
2023-10-12,0.08808333333333333,0.09606790476190476,0.264472,0.07636921212121212,0.06694857142857144,0.19556583333333333,0.12335,0.33874666666666664,0.10855593333333333,0.116945
2023-10-13,0.0125,0.05699309523809524,-0.029134666666666677,-0.01840672549019608,0.038930000000000006,0.13888999999999999,0.10563666666666667,0.36688,0.16645828571428573,0.4445333333333334
2023-10-16,0.016153333333333332,0.16078211111111113,0.16186422222222224,0.0419316,0.031012000000000005,0.07817066666666668,0.14119166666666666,0.168409,0.14096538095238093,0.22206
2023-10-17,-0.0256,0.0683311111111111,0.20411028571428572,0.15135962962962962,0.138425,0.05521666666666667,0.07751333333333335,-0.004630000000000012,0.07524467210807767,0.3245866666666667
2023-10-18,0.04229666666666666,0.0911630303030303,-0.04752713675213676,0.023192812107247586,0.10263045454545454,0.04653035714285715,-0.09784666666666667,0.17223,0.04115320810971974,0.297175
2023-10-19,0.22495629629629627,0.04785849206349206,0.18488886363636364,0.07192066666666667,0.21859714285714288,0.08238035714285714,0.048395,0.06254914285714286,0.11662679487179486,0.27684000000000003
2023-10-20,0.07577939393939392,0.08850166666666666,0.09046486215538847,0.09365933333333333,0.10597214285714288,-0.0023103333333333365,-0.08038,0.23720999999999998,0.12302640096618359,0.34719
2023-10-23,0.057289999999999994,0.1480585576923077,0.015654545454545456,0.014801190476190473,0.088669,0.18046871794871794,0.09567333333333335,0.23029000000000002,0.13968819444444444,0.09828
2023-10-24,0.10660809523809525,0.07639683333333333,0.16112071428571428,0.09878833333333334,0.118175,0.21054608695652174,0.11706749999999999,0.21791999999999997,0.17183583416583417,-0.0014949999999999963
2023-10-25,0.10521004761904762,-0.01866833333333332,0.18856515151515152,0.11698,0.06387666666666666,0.07482166666666666,0.14351999999999998,0.12593000000000001,0.15566983918128657,0.05568666666666666
2023-10-26,0.14340042735042735,0.05937633333333333,0.059366886446886445,0.176184,0.18496666666666667,0.0673647619047619,0.1316025,0.0508175,0.11379068907563025,0.2806598571428572
2023-10-27,-0.062390666666666664,0.11859000000000001,0.08344206896551724,0.063675,0.12304936363636365,-0.08440133333333333,0.1074025,0.120655,0.18725419017763847,0.21941795238095238
2023-10-30,0.07349333333333333,0.10734427350427349,0.05613686868686869,0.12130333333333332,0.04355733333333334,0.13820923076923078,0.16892000000000001,0.23247672727272728,0.03933752980352981,0.2210986666666667
2023-10-31,0.10324799999999998,0.13327566666666665,0.10854921428571429,0.06587833333333333,0.09255774561403508,0.09792190476190477,0.03558,0.08741000000000002,0.11477004174573055,0.10736400000000001
2023-11-01,0.06275333333333334,0.15182860317460317,0.18084055555555556,0.086815,0.014520666666666671,0.12492999999999999,0.221952,0.04389333333333334,0.09540184265010351,0.035853333333333334
2023-11-02,0.04729833333333333,0.10630711111111113,0.06592258823529411,0.182036,0.05568956410256411,0.18584833333333334,0.10734199999999998,0.15841333333333335,0.18314951111111114,0.1673585396825397
2023-11-03,0.1055,0.07733019047619047,0.137735,0.20951,0.06522628571428571,0.0651,0.14933,0.035750000000000004,0.14696466666666666,0.06257828571428573
2023-11-06,0.053104,0.05247298412698413,0.14513076190476187,0.033971111111111105,0.11913733333333332,0.13376266666666667,0.24497999999999998,0.06939000000000001,0.17298536363636363,0.099535
2023-11-07,0.17695999999999998,0.18668244444444443,0.18816583333333334,0.11808333333333332,0.08648444444444445,0.09757333333333333,0.09720000000000001,0.2251,0.3440489898989899,0.24779
2023-11-08,0.11595466666666665,0.01963564102564102,0.1719205,0.08657976190476191,0.04333,0.09008666666666668,0.08526,0.09250000000000001,0.04945816666666667,0.24842399999999998
2023-11-09,0.2809704761904762,0.133251798245614,0.08788975757575758,0.031095555555555553,0.14543830303030303,0.2379966666666667,0.00129,0.20298500000000003,0.2358506666666667,0.351155
2023-11-10,0.064604,0.1389518787878788,0.09194380952380951,0.12510833333333332,-0.011329333333333335,0.09568,-0.010600000000000009,0.042699999999999995,0.24779168840579713,0.43130499999999994
2023-11-13,0.12179999999999999,0.1575281739130435,0.18756133333333333,-0.13721968831168832,0.12200555555555556,0.0125175,0.03222666666666667,0.127965,0.16490440211640212,0.13012666666666667
2023-11-14,0.08801,0.08768266666666666,0.2560173333333334,0.09372428571428572,0.080059,0.05795300000000001,0.12562666666666666,0.17575000000000002,0.26826717554858936,0.2506933333333333
2023-11-15,0.16599999999999998,0.1546471794871795,0.09982333333333335,0.08538166666666666,0.15714,0.1510289523809524,0.2202,0.21908,0.07499481962481963,0.15342
2023-11-16,0.03507333333333334,0.021418857142857135,-0.06841416666666665,0.04119166666666666,0.02616,0.13330599999999998,0.10075,0.162144,0.11446924603174605,0.27993999999999997
2023-11-17,0.03062,0.08490333333333333,0.06330190476190475,0.117218,0.03448333333333333,0.21380249999999998,0.25364,0.09611499999999999,0.13920559999999998,0.2184
2023-11-20,0.046685000000000004,0.042926337662337666,0.014805000000000002,0.02975,0.171025,-0.0017966666666666743,0.35345,0.13638666666666666,0.20629570921985815,0.16936
2023-11-21,0.042210000000000004,0.08348616666666667,0.1432664285714286,0.075168,0.08058100000000001,0.08501333333333334,0.06392,0.16892000000000001,0.13417788011695905,0.026019999999999998
2023-11-22,-0.05510533333333332,0.011287272727272726,0.12720285714285715,-0.08744933333333334,0.12618000000000001,0.15327833333333332,0.17488666666666666,0.08738666666666668,0.09295460784313728,0.12398400000000001
2023-11-24,0.07722666666666667,-0.06559355555555554,0.1504,0.04751427777777778,0.038858,0.19637272727272725,0.09573499999999999,0.02023,0.10754170033670034,0.14172
2023-11-27,0.00028333333333333823,0.13043235714285717,0.1678624761904762,0.0899925,0.19468666666666667,0.03903,0.08930666666666666,0.05815025641025641,0.17230810457516338,0.217755
2023-11-28,0.07564599999999999,0.0994195,-0.025393,0.12230933333333334,0.08916666666666666,0.07504041666666668,0.14300666666666664,0.11213333333333333,0.16176678571428574,0.10230999999999998
2023-11-29,0.038913333333333334,0.07983321428571429,0.05553583333333334,0.10074466666666666,0.09941833333333334,0.11957333333333335,0.15583,0.09998266666666666,0.20310357142857144,0.161615
2023-11-30,0.19063999999999998,0.024959444444444447,0.11996666666666667,0.13476333333333332,0.08356166666666667,0.08169,0.08708,0.08189,0.082137,0.27393333333333336
2023-12-01,0.138015,0.16705428571428574,0.02309333333333333,-0.021476000000000002,0.0,0.0364125,0.12362999999999999,0.159122,0.07004760784313724,0.29096
2023-12-04,0.08354933333333334,0.08154409090909091,0.022403333333333334,0.07669261111111111,0.063808,0.1330738095238095,0.12362999999999999,0.16784,0.17558411764705883,0.31795999999999996
2023-12-05,0.0856048717948718,0.13501333333333335,-0.0012753333333333338,0.10464583333333333,0.14064000000000002,-0.06629,0.12362999999999999,0.23407,0.15453813725490195,0.12248
2023-12-06,0.051855000000000005,0.06846177777777777,0.23260824175824174,-0.015111666666666666,0.27396583333333335,-0.08817466666666667,0.08038,0.11787666666666667,0.1846508888888889,0.14138666666666666
2023-12-07,0.05658166666666666,0.27937333333333336,-0.049162,0.05022666666666666,0.15653836363636361,-0.054916666666666655,0.01587499999999999,0.07225499999999999,0.10266650476190475,0.16547499999999998
2023-12-08,0.06278999999999998,-0.015177000000000001,0.11883714285714286,0.06434500000000001,0.04376733333333334,0.031023333333333337,0.15875333333333333,0.10930999999999999,0.18113311813992458,0.04755
2023-12-11,0.0893257142857143,0.1371493145743146,0.11960247631975866,0.09806392857142857,0.17471797979797982,0.08081247619047618,0.14307333333333333,0.06682333333333333,0.12338530612244898,0.10922800000000002
2023-12-12,0.13960793650793651,0.06663666666666668,0.07469653846153847,0.17618836363636364,0.062725,0.24736833333333333,0.04636000000000002,0.08254333333333334,0.09673349999999999,0.06729
2023-12-13,0.174338,0.06228600000000001,0.13693999999999998,0.11768944444444444,0.02351166666666667,0.14791819047619048,0.3265733333333333,0.23891,0.1724762745098039,0.098275
2023-12-14,0.20292133333333334,0.07650533333333334,0.09545666666666666,0.10580366666666667,0.08137666666666667,0.10353833333333333,0.09524000000000002,0.15428199999999997,0.144896,0.14246799999999998
2023-12-15,-0.010206666666666668,0.10772166666666667,0.003450769230769235,0.2229675238095238,0.11753,0.08424000000000001,0.04060000000000001,0.12952,0.10970402020202019,0.14838666666666667
2023-12-18,0.23851742857142857,0.06994533333333333,0.10588714285714285,0.161612,0.16035694871794873,0.23579380952380952,-0.007109999999999994,0.18802499999999997,0.11164903061224489,0.1252
2023-12-19,0.23851742857142857,0.06994533333333333,0.10588714285714285,0.161612,0.16035694871794873,0.23579380952380952,-0.007109999999999994,0.18802499999999997,0.12124297619047619,0.1252
2023-12-20,0.23851742857142857,0.06994533333333333,0.10588714285714285,0.161612,0.16035694871794873,0.23579380952380952,-0.007109999999999994,0.18802499999999997,0.08909164285714286,0.1252
2023-12-21,0.23851742857142857,0.06994533333333333,0.10588714285714285,0.161612,0.16035694871794873,0.23579380952380952,-0.007109999999999994,0.18802499999999997,0.11314714285714285,0.1252
2023-12-22,0.23851742857142857,0.06994533333333333,0.10588714285714285,0.161612,0.16035694871794873,0.23579380952380952,-0.007109999999999994,0.18802499999999997,0.11074764285714285,0.1252
2023-12-26,0.23851742857142857,0.06994533333333333,0.10588714285714285,0.161612,0.16035694871794873,0.23579380952380952,-0.007109999999999994,0.18802499999999997,0.13422564285714284,0.1252
2023-12-27,0.23851742857142857,0.06994533333333333,0.10588714285714285,0.161612,0.16035694871794873,0.23579380952380952,-0.007109999999999994,0.18802499999999997,0.12801464285714284,0.1252
2023-12-28,0.23851742857142857,0.06994533333333333,0.10588714285714285,0.161612,0.16035694871794873,0.23579380952380952,-0.007109999999999994,0.18802499999999997,0.10870964285714287,0.1252
2023-12-29,0.23851742857142857,0.06994533333333333,0.10588714285714285,0.161612,0.16035694871794873,0.23579380952380952,-0.007109999999999994,0.18802499999999997,0.11964714285714284,0.1252
